query_id,user_id,query_text,category,response
39e0dbfd-e9ae-4503-966c-0bee6c929333,1957,"Hi, I need some help.",greeting,Hi! Welcome back. What can I help you with?
96feebd4-754e-4b75-ad69-d59b94dbe724,2098,I want to cancel my last order.,cancel_order,You can cancel by navigating to Profile > Order History > Cancel Order. Choose the order you wish to cancel and follow the prompts.
48e8c481-20e7-4222-b8e3-def133385611,8189,Is there a way to stop processing on my order?,cancel_order,You can cancel by navigating to My Account > Purchases > Cancel. Choose the order you wish to cancel and follow the prompts.
565e5b3a-c052-42f9-8d33-6711b40af6be,4219,Where can I request a refund?,demand_refund,"Refund requests can be placed through Profile > Order History > Request Refund. Select your order, choose 'Request Refund', and submit your reason."
39a73dfa-9480-4c03-a1a9-2ee0b6e499e1,7906,"Hey, how are you?",greeting,Hi! Welcome back. What can I help you with?
5bc860a2-8632-499d-a326-894ecf957584,1468,I need the courier information for my order.,order_tracking,Tracking details are available under Purchases > Delivery > Tracking Info. It will show you real-time updates about your package location.
066aa492-5a09-432e-b570-4197d82182db,7096,There’s a billing issue with my purchase.,payment_issue,"For payment issues, navigate to My Account > Billing > Payment Help. You will find tools to resolve failed or pending transactions."
6da4ec0c-4979-4aa0-95e2-514d6e421c6c,1911,How can I leave a review for my order?,review_order,"You can add a review by navigating to Purchases > Feedback > Review Order. Once there, you’ll be able to write and submit your review."
48be6b8e-d304-4737-904f-73f764942a79,4559,"Thanks, bye!",goodbye,Goodbye! I hope I was able to help you today.
e5595d15-7794-4006-b2df-9900d5f281b7,7853,Goodbye!,goodbye,Goodbye! I hope I was able to help you today.
9aa3b747-54a8-41c5-83aa-0104e83dbc2a,6436,Who won the football game yesterday?,out_of_scope,"I’m sorry, but I can’t help with that request. Could you please rephrase or ask something else?"
5a167ec2-8297-4c12-a028-5f3b8363e213,1770,Why was my card declined?,payment_issue,You can manage and fix your payment issues at Settings > Payments > Resolve Issue. Select the relevant transaction to proceed.
4b204442-b3cf-40c7-83ec-93875baa9675,8791,"Thanks, bye!",goodbye,Goodbye! I hope I was able to help you today.
aa57a082-07c3-4e0f-a88b-ec393f8baccf,8092,Why was my card declined?,payment_issue,You can manage and fix your payment issues at Profile > Wallet > Payment Issues. Select the relevant transaction to proceed.
a0d534cd-dbe1-4b7d-acbb-c76ad4ff8e9c,1009,There’s an issue I need to report.,submit_complaint,"You can report a problem by going to Profile > Feedback > Report Problem. Fill in the complaint form, and our team will review it shortly."
5270954e-750b-4905-b9ac-5d8a7953bfe2,5016,Where is my order in the process?,order_status,Head over to Orders > Select Order > View Status to see where your order is in the fulfillment process.
fc7a340c-c4fa-4420-a966-a51ecada28df,8111,I need to speak to a human agent.,talk_to_human,I’ll connect you with a support agent shortly. Please hold on.
e0f1d3c8-ab23-4882-b48d-2ce8a405810b,5813,"Hey, how are you?",greeting,Hi! Welcome back. What can I help you with?
641798ed-dac4-43a0-9a7a-2cda93a0468d,9591,Can you connect me to support staff?,talk_to_human,I’ll connect you with a support agent shortly. Please hold on.
6d98a785-ac99-495a-ab51-005a69a19444,4147,"Hey, how are you?",greeting,Hello there! How can I assist you with your orders today?
9e01e376-59c7-4397-9e4f-d8171f8a6383,5954,Tell me a joke.,out_of_scope,"I’m sorry, but I can’t help with that request. Could you please rephrase or ask something else?"
89bff2f0-ff63-4a71-8029-96d6bed88de3,5658,How can I leave a review for my order?,review_order,"You can add a review by navigating to Orders > Select Order > Leave Review. Once there, you’ll be able to write and submit your review."
ad4e4492-7457-49b1-bab2-b21b9f75a397,4186,I need a refund on my last order.,demand_refund,"Refund requests can be placed through Profile > Order History > Request Refund. Select your order, choose 'Request Refund', and submit your reason."
e3d0686e-41c7-4881-b113-327320d7afde,5337,"Hey, how are you?",greeting,Hi! Welcome back. What can I help you with?
ad5e1db0-7578-4883-8ed3-5de6aaac6330,1140,Hello!,greeting,Hi! Welcome back. What can I help you with?
176690c2-759d-4e6f-8521-57369679ecb0,9411,Catch you later.,goodbye,Thank you for reaching out! Have a great day.
103cb39d-bacb-4f7d-ba06-6ef61e79eecb,1623,There’s a billing issue with my purchase.,payment_issue,You can manage and fix your payment issues at Settings > Payments > Resolve Issue. Select the relevant transaction to proceed.
2dc115e4-31c5-4ad2-900f-a3c7c1e162a2,9834,Why was my card declined?,payment_issue,"For payment issues, navigate to My Account > Billing > Payment Help. You will find tools to resolve failed or pending transactions."
bb2159e7-b98c-4a96-9e57-95b5beb83b40,6125,Where do I write a review for my last order?,review_order,"You can add a review by navigating to Orders > Select Order > Leave Review. Once there, you’ll be able to write and submit your review."
e3b97447-b4ef-4182-8d9f-52183880e0e4,8305,I want to talk to a real person.,talk_to_human,"Sure, let me transfer you to one of our human representatives right away."
edb56941-d01f-4d32-817f-838af2f6ca57,4306,Please guide me to initiate a refund.,demand_refund,"To get a refund, please visit My Account > Refunds > Initiate. Choose the respective order and complete the refund form."
2fcc0860-8b7b-4586-b8ff-81c035b9909d,5512,How can I leave a review for my order?,review_order,"To review your order, head over to Orders > Select Order > Leave Review. Select the order and leave your feedback."
df4b012f-a99d-4038-87c5-f4cadf462390,1772,Can I chat with someone from support?,talk_to_human,"Sure, let me transfer you to one of our human representatives right away."
c0cda5e6-ba45-4412-a36e-cb4948b88971,2357,How do I request money back for my purchase?,demand_refund,"Refund requests can be placed through Settings > Orders > Refund Order. Select your order, choose 'Request Refund', and submit your reason."
0cb42bf8-684c-42cc-b10b-80400ba381f2,9725,I need help with a failed transaction.,payment_issue,"For payment issues, navigate to My Account > Billing > Payment Help. You will find tools to resolve failed or pending transactions."
d040e8c2-b591-4243-9003-4bd502a1fc22,8453,Can I chat with someone from support?,talk_to_human,"Sure, let me transfer you to one of our human representatives right away."
54fecb69-cdf6-4bc7-bc38-5148fcee8690,5288,Has my order been shipped yet?,order_status,Head over to My Account > Purchases > Track Progress to see where your order is in the fulfillment process.
86457873-74f5-4b4c-ac7c-35bc63d26283,7059,I want to talk to a real person.,talk_to_human,"Sure, let me transfer you to one of our human representatives right away."
e67a20c1-6fdb-4f32-8300-df38a580a4ae,6842,I want to cancel my last order.,cancel_order,You can cancel by navigating to Settings > Orders > Cancel Order. Choose the order you wish to cancel and follow the prompts.
17f1e7d1-feb1-49c8-a6d9-7a4d82486542,9769,"I’m done, thanks.",goodbye,Goodbye! I hope I was able to help you today.
c476e757-b692-4c54-8e1f-7b4cd12fe904,2201,Hi there!,greeting,Hello there! How can I assist you with your orders today?
451f2b3b-1334-4273-8971-5b8892821d11,1743,Please help me submit a problem report.,submit_complaint,"You can report a problem by going to Settings > Support > Submit Complaint. Fill in the complaint form, and our team will review it shortly."
c45f0689-0775-49ef-b99e-e8f72bd2703e,9945,I need to speak to a human agent.,talk_to_human,"Sure, let me transfer you to one of our human representatives right away."
8cd0440a-00af-44b0-a152-eca1d804f4eb,6744,How do I request money back for my purchase?,demand_refund,"Refund requests can be placed through My Account > Refunds > Initiate. Select your order, choose 'Request Refund', and submit your reason."
e3e10209-bfd8-469f-841b-1d9137c4c6ba,9221,"I’m done, thanks.",goodbye,Goodbye! I hope I was able to help you today.
8429eb31-dea9-44e8-8476-c5dbfee3e2f9,2773,There’s an issue I need to report.,submit_complaint,"To submit a complaint, please visit Settings > Support > Submit Complaint. Provide your order details and a description of the issue."
2f7c4a7c-b697-4c28-8d33-250ac57b9a8f,5156,Help me post a review for my completed purchase.,review_order,"You can add a review by navigating to My Account > Reviews > Write Review. Once there, you’ll be able to write and submit your review."
87931ba0-d2e1-43cc-92fb-5ca2454dbb1e,8985,Please transfer me to a representative.,talk_to_human,"Sure, let me transfer you to one of our human representatives right away."
a81d52ee-e87f-4ba5-b147-a3a576bea8d3,6496,Can I chat with someone from support?,talk_to_human,"Sure, let me transfer you to one of our human representatives right away."
7b2f5d7c-0dd1-4f06-94a0-defbc374994a,3121,There’s an issue I need to report.,submit_complaint,"To submit a complaint, please visit Help Center > Complaints > File Issue. Provide your order details and a description of the issue."
a5d27b72-b712-419b-9eda-148f35bba9f3,4722,Where is my order in the process?,order_status,Head over to My Account > Purchases > Track Progress to see where your order is in the fulfillment process.
ae9b4434-5f67-4a11-a4c8-1fa6bf0825cd,6673,I need help with a failed transaction.,payment_issue,You can manage and fix your payment issues at Settings > Payments > Resolve Issue. Select the relevant transaction to proceed.
7715d839-a80f-4c6d-8a80-6d8dfd225703,5596,Good morning!,greeting,Hi! Welcome back. What can I help you with?
a1f5bd50-fa91-417f-aece-0886a00aa565,6688,Where can I request a refund?,demand_refund,"To get a refund, please visit Settings > Orders > Refund Order. Choose the respective order and complete the refund form."
3329a2e3-2dd1-426a-b8e8-4d7ccc405e5b,9624,I need a refund on my last order.,demand_refund,"Refund requests can be placed through Profile > Order History > Request Refund. Select your order, choose 'Request Refund', and submit your reason."
ff606fcb-3c8c-480d-ae6d-10d18d1722d9,7026,Please guide me to initiate a refund.,demand_refund,"Refund requests can be placed through Profile > Order History > Request Refund. Select your order, choose 'Request Refund', and submit your reason."
d594f91a-d0cf-42da-96f7-95af371bce64,7401,Can I rate the product I bought?,review_order,"You can add a review by navigating to Purchases > Feedback > Review Order. Once there, you’ll be able to write and submit your review."
a9a5fbbc-c4cd-4a19-bae6-adc49bb0f75f,2989,Track my shipment please.,order_tracking,"To track your shipment, please go to Orders > Track Shipment. Enter your tracking ID for more details."
9b9defc8-ab13-4cc1-b378-731769c0b87b,5815,There’s an issue I need to report.,submit_complaint,"You can report a problem by going to Profile > Feedback > Report Problem. Fill in the complaint form, and our team will review it shortly."
f4b4eefc-6a23-471b-9b55-26c71b0d0828,7234,How can I leave a review for my order?,review_order,"To review your order, head over to Purchases > Feedback > Review Order. Select the order and leave your feedback."
9f8e7514-59fb-44aa-bf29-7cb2cfca7ccb,7022,What’s the current status of my order?,order_status,You can check your order status by going to Profile > Orders > Check Status. It will display the current progress of your order.
e4c4b10d-46c5-4252-9f2a-0c87acc1858c,8526,What’s 2+2?,out_of_scope,This seems outside my current support scope. Please check our help center for more information.
515ce3a6-98a2-4bc3-896a-5f9eb0702ba1,2212,See you next time.,goodbye,Goodbye! I hope I was able to help you today.
959a20b1-4ce8-4e35-b9c3-c6d1e054e425,7298,"Hi, I need some help.",greeting,Hello there! How can I assist you with your orders today?
c2175df3-9aec-4381-9bb1-1dbe725f9e70,3883,Catch you later.,goodbye,Thank you for reaching out! Have a great day.
77443744-763b-4695-b191-ca093d99cec2,6179,Can you help me undo an order I placed?,cancel_order,You can cancel by navigating to Settings > Orders > Cancel Order. Choose the order you wish to cancel and follow the prompts.
c59a5801-b35e-46f6-9545-1acf5597a1cc,2293,I need to speak to a human agent.,talk_to_human,"Sure, let me transfer you to one of our human representatives right away."
6ed27302-4879-4c1e-944e-7115b76a8ac1,7608,Can you show me tracking details for my order?,order_tracking,"To track your shipment, please go to Purchases > Delivery > Tracking Info. Enter your tracking ID for more details."
f5141eb2-1ae4-4a60-8b72-7aeb2d453a9c,2665,Has my order been shipped yet?,order_status,You can check your order status by going to Orders > Select Order > View Status. It will display the current progress of your order.
3c7b8993-fef9-4298-8961-f54668ca8caa,5758,My payment didn’t go through.,payment_issue,"For payment issues, navigate to Settings > Payments > Resolve Issue. You will find tools to resolve failed or pending transactions."
bb8363ba-e809-4a95-862f-9da067efacf9,4798,Hi there!,greeting,Hi! Welcome back. What can I help you with?
e03edbcf-2ce9-420d-883a-2b48e1ee8f6b,6655,See you next time.,goodbye,Goodbye! I hope I was able to help you today.
44278dba-d53f-484f-8329-093709e93130,5863,"Hey, how are you?",greeting,Hi! Welcome back. What can I help you with?
bee91582-c4ca-4a4d-8453-b11c53eef0df,6109,I want to cancel my last order.,cancel_order,You can cancel by navigating to Settings > Orders > Cancel Order. Choose the order you wish to cancel and follow the prompts.
0a176b6d-7896-4852-872e-403df5a941eb,2797,My payment didn’t go through.,payment_issue,You can manage and fix your payment issues at Settings > Payments > Resolve Issue. Select the relevant transaction to proceed.
5c83e3cb-7eeb-4409-baa6-037650314907,1406,How can I leave a review for my order?,review_order,"To review your order, head over to Purchases > Feedback > Review Order. Select the order and leave your feedback."
cf9fa14a-2eef-4af2-9a2c-5c29e25708a8,5760,My payment didn’t go through.,payment_issue,You can manage and fix your payment issues at Settings > Payments > Resolve Issue. Select the relevant transaction to proceed.
c4e8e5e5-bdf5-4d76-81ba-621fede6b7d1,2709,I want to talk to a real person.,talk_to_human,I’ll connect you with a support agent shortly. Please hold on.
b690c547-8465-4411-a66a-7553f9eb30bf,5069,There’s a billing issue with my purchase.,payment_issue,You can manage and fix your payment issues at Profile > Wallet > Payment Issues. Select the relevant transaction to proceed.
f47ccd99-b8e8-4e53-9a74-f79e2b5334d2,1574,Good morning!,greeting,Hello there! How can I assist you with your orders today?
6bb1d2af-5679-4755-827b-e5edf20b59cf,7887,I want to share feedback about my purchase.,review_order,"You can add a review by navigating to Purchases > Feedback > Review Order. Once there, you’ll be able to write and submit your review."
f788d54c-398d-4f0e-8f5e-51c6dca41e29,9309,I need a refund on my last order.,demand_refund,"To get a refund, please visit Profile > Order History > Request Refund. Choose the respective order and complete the refund form."
f19afb60-72c6-4386-832f-8b2f891bb827,2469,Is there a way to stop processing on my order?,cancel_order,"To cancel your order, please go to My Account > Purchases > Cancel. After selecting the order, confirm the cancellation. If you face any issues, let me know."
8e188309-1218-4eec-b10c-7938989eb699,6178,Where do I go to raise a complaint?,submit_complaint,"You can report a problem by going to Profile > Feedback > Report Problem. Fill in the complaint form, and our team will review it shortly."
84eda3b7-2bd9-4f14-bf21-a8e6796cd2af,4106,Where is my order in the process?,order_status,Head over to Orders > Select Order > View Status to see where your order is in the fulfillment process.
397669f8-82ee-46b7-9743-f3258a1cc98a,3289,"My payment is pending, what should I do?",payment_issue,You can manage and fix your payment issues at Settings > Payments > Resolve Issue. Select the relevant transaction to proceed.
09e64a02-ad75-4f7b-9a2b-2318160a656b,7284,Please guide me to initiate a refund.,demand_refund,"To get a refund, please visit Settings > Orders > Refund Order. Choose the respective order and complete the refund form."
d8b4c6f3-a8ff-4d68-83b5-34b665fabd4b,3028,Where do I go to cancel an order?,cancel_order,"To cancel your order, please go to Profile > Order History > Cancel Order. After selecting the order, confirm the cancellation. If you face any issues, let me know."
08758cd9-3db0-4c85-a031-28c39230b5bc,4529,Tell me a joke.,out_of_scope,This seems outside my current support scope. Please check our help center for more information.
f85eb5a1-4433-4fbc-b975-7b2e8d65ba7b,6005,Can you connect me to support staff?,talk_to_human,"Sure, let me transfer you to one of our human representatives right away."
60e62975-afa7-49c1-af3e-c190c3e2a064,5338,How do I request money back for my purchase?,demand_refund,"To get a refund, please visit Settings > Orders > Refund Order. Choose the respective order and complete the refund form."
d5ca3e2b-6a93-4cc9-921b-139b9c23f328,5390,Has my order been shipped yet?,order_status,Head over to My Account > Purchases > Track Progress to see where your order is in the fulfillment process.
d1e1d560-ed84-45b5-b236-8f034c3fe4f8,6036,Hi there!,greeting,Hello there! How can I assist you with your orders today?
26d7d0e8-e410-43e4-be05-68da73d860f6,7259,Where do I go to raise a complaint?,submit_complaint,"You can report a problem by going to Profile > Feedback > Report Problem. Fill in the complaint form, and our team will review it shortly."
8a613641-bad3-4ed5-bbae-50b61732952e,5261,Catch you later.,goodbye,Thank you for reaching out! Have a great day.
9d0d12e4-7199-44c4-86d0-c6b8829b8305,8386,"Thanks, bye!",goodbye,Goodbye! I hope I was able to help you today.
ade3d1e1-cab5-470b-8edb-b38fb5fafa20,8082,I need to speak to a human agent.,talk_to_human,"Sure, let me transfer you to one of our human representatives right away."
72c16e09-9f0d-4da8-90a7-0331bc323198,9014,Where is my delivery right now?,order_tracking,"To track your shipment, please go to Purchases > Delivery > Tracking Info. Enter your tracking ID for more details."
123e59b0-052b-4e6e-9b97-5cb48a8ef266,8061,There’s an issue I need to report.,submit_complaint,"To submit a complaint, please visit Help Center > Complaints > File Issue. Provide your order details and a description of the issue."
deed55dd-21b2-4a8e-8d51-13b2de205291,4313,Can I rate the product I bought?,review_order,"You can add a review by navigating to My Account > Reviews > Write Review. Once there, you’ll be able to write and submit your review."
7f34e663-651f-4f6e-b7df-c5e006cb5113,6635,Hello!,greeting,Hello there! How can I assist you with your orders today?
f7fb9f6c-5630-4117-b70c-22b005db1a7e,5330,Why was my card declined?,payment_issue,You can manage and fix your payment issues at My Account > Billing > Payment Help. Select the relevant transaction to proceed.
59cee7b6-8f85-4bbd-b223-3658ddc46115,7947,I need the courier information for my order.,order_tracking,Tracking details are available under My Account > Shipping > Track Package. It will show you real-time updates about your package location.
fdc2f06c-b008-4a4f-8f0a-c9db7c89bebf,4858,"Thanks, bye!",goodbye,Thank you for reaching out! Have a great day.
4ee5e906-2716-4820-8390-090d346aa728,9323,What’s the current status of my order?,order_status,You can check your order status by going to My Account > Purchases > Track Progress. It will display the current progress of your order.
f00e17f0-3dd4-49ca-ac3a-1d4e9b0ecdd9,3417,Can you show me tracking details for my order?,order_tracking,Tracking details are available under My Account > Shipping > Track Package. It will show you real-time updates about your package location.
126dc661-8254-4263-b1e3-9fa54c629986,2675,Please transfer me to a representative.,talk_to_human,"Sure, let me transfer you to one of our human representatives right away."
6314aed4-f2c4-4f40-b9bf-7010408fd549,3319,Hi there!,greeting,Hello there! How can I assist you with your orders today?
f657b9ff-be24-47ee-b943-4af8e5a99587,6055,Where do I go to raise a complaint?,submit_complaint,"You can report a problem by going to Help Center > Complaints > File Issue. Fill in the complaint form, and our team will review it shortly."
7de6d5a0-f36a-431a-b41a-d7a0cd32a2e9,6984,I need the courier information for my order.,order_tracking,"To track your shipment, please go to Purchases > Delivery > Tracking Info. Enter your tracking ID for more details."
c5a8fb98-68e4-45d4-b4d7-8b30322834f6,1653,I need to speak to a human agent.,talk_to_human,I’ll connect you with a support agent shortly. Please hold on.
3f20a859-7bd9-4722-85d6-981539d26085,1156,Please provide shipment tracking updates.,order_tracking,Tracking details are available under My Account > Shipping > Track Package. It will show you real-time updates about your package location.
6bbf03be-c812-4fd6-96d5-15799e870cb0,4163,I want to cancel my last order.,cancel_order,You can cancel by navigating to Profile > Order History > Cancel Order. Choose the order you wish to cancel and follow the prompts.
10ecb344-73bf-4a4e-86bb-70a43ea97149,9966,Has my order been shipped yet?,order_status,Head over to Profile > Orders > Check Status to see where your order is in the fulfillment process.
15e23256-d04d-40c5-bf78-8b434a9a6e38,8291,Catch you later.,goodbye,Thank you for reaching out! Have a great day.
9f6c926b-d4fb-4a87-b311-4f9f05b09905,3777,Where do I go to raise a complaint?,submit_complaint,"To submit a complaint, please visit Settings > Support > Submit Complaint. Provide your order details and a description of the issue."
ffef6b87-0426-4a0f-baab-d050bbf94416,9722,Where is my delivery right now?,order_tracking,Tracking details are available under My Account > Shipping > Track Package. It will show you real-time updates about your package location.
898ab21c-aed4-460b-8e67-a0bea1915c4e,7747,Can I rate the product I bought?,review_order,"To review your order, head over to Orders > Select Order > Leave Review. Select the order and leave your feedback."
d9f72c21-21b3-4d22-a588-6b1b6713c330,7943,Please guide me to initiate a refund.,demand_refund,"To get a refund, please visit Settings > Orders > Refund Order. Choose the respective order and complete the refund form."
2a5e09b9-dc51-434f-8a1d-523fb921116f,5922,What’s the weather like today?,out_of_scope,"I’m sorry, but I can’t help with that request. Could you please rephrase or ask something else?"
a4f040b1-7e1a-4f39-b34b-5e473f21df7e,3175,Catch you later.,goodbye,Thank you for reaching out! Have a great day.
e5d1c68d-e609-476a-b311-cd0221c7cd6b,3221,Where is my delivery right now?,order_tracking,"To track your shipment, please go to Purchases > Delivery > Tracking Info. Enter your tracking ID for more details."
8ff07191-2e47-4135-8930-10e4c66af58d,2559,Goodbye!,goodbye,Thank you for reaching out! Have a great day.
e6a1e5d8-a08a-4446-b7dc-95a700ad6a73,2244,Why was my card declined?,payment_issue,"For payment issues, navigate to My Account > Billing > Payment Help. You will find tools to resolve failed or pending transactions."
d0b495b0-b1d3-44e0-b105-90ea6a93cf75,7860,Can you tell me the refund steps?,demand_refund,"To get a refund, please visit Settings > Orders > Refund Order. Choose the respective order and complete the refund form."
a977841c-8970-49ff-be3e-2fdf1379a5fd,5110,How do I check if my order is confirmed?,order_status,Head over to Orders > Select Order > View Status to see where your order is in the fulfillment process.
4816cd40-ab5b-4ac2-9eca-f5af13b9eb90,2821,How do I request money back for my purchase?,demand_refund,"Refund requests can be placed through My Account > Refunds > Initiate. Select your order, choose 'Request Refund', and submit your reason."
f4adbe47-7531-431c-9211-02a8dcc310d8,1644,Where do I go to raise a complaint?,submit_complaint,"To submit a complaint, please visit Profile > Feedback > Report Problem. Provide your order details and a description of the issue."
a03c30e7-3478-4288-8194-6724a312d399,8607,Good morning!,greeting,Hello there! How can I assist you with your orders today?
6605459d-86f8-43aa-acfd-fef6e157f9f9,8648,What’s the weather like today?,out_of_scope,This seems outside my current support scope. Please check our help center for more information.
6b426f82-b3ea-4d4b-9ae8-d24d49772c66,4577,I need the courier information for my order.,order_tracking,Tracking details are available under My Account > Shipping > Track Package. It will show you real-time updates about your package location.
733f43c3-6fd3-4a6c-b7d7-f02dd69b1e8a,6839,I want to cancel my last order.,cancel_order,"To cancel your order, please go to My Account > Purchases > Cancel. After selecting the order, confirm the cancellation. If you face any issues, let me know."
11469ad3-128a-47a0-8ae8-de8b988510db,8867,"My payment is pending, what should I do?",payment_issue,"For payment issues, navigate to My Account > Billing > Payment Help. You will find tools to resolve failed or pending transactions."
be66043d-871e-4309-90c5-871d5dc47ce0,5342,Why was my card declined?,payment_issue,"For payment issues, navigate to Profile > Wallet > Payment Issues. You will find tools to resolve failed or pending transactions."
15d1e7b6-1e4c-4f56-abf8-cccd9028d319,4970,I want to complain about a product.,submit_complaint,"You can report a problem by going to Settings > Support > Submit Complaint. Fill in the complaint form, and our team will review it shortly."
a348bb55-d4c8-4cc7-a7a9-02b55c1bf480,3291,There’s an issue I need to report.,submit_complaint,"You can report a problem by going to Settings > Support > Submit Complaint. Fill in the complaint form, and our team will review it shortly."
3093c8af-4908-4cda-9269-6100b3611a3c,9662,Help me post a review for my completed purchase.,review_order,"To review your order, head over to Orders > Select Order > Leave Review. Select the order and leave your feedback."
2d552231-1555-4c5b-989e-7ce98954774d,1729,Who won the football game yesterday?,out_of_scope,"I’m sorry, but I can’t help with that request. Could you please rephrase or ask something else?"
1e37cfd1-a964-4b12-af10-8cf6b551ccb3,6811,Catch you later.,goodbye,Thank you for reaching out! Have a great day.
fce42d31-ae42-433a-9f9f-9948bf36d7d8,9634,Please help me submit a problem report.,submit_complaint,"You can report a problem by going to Help Center > Complaints > File Issue. Fill in the complaint form, and our team will review it shortly."
d5608a14-e31b-4c39-ada0-792c86452b41,4425,Goodbye!,goodbye,Goodbye! I hope I was able to help you today.
fa30b2e5-4f71-445d-9573-7583ec0d08ab,2812,See you next time.,goodbye,Goodbye! I hope I was able to help you today.
87a282b5-9605-461a-b48d-b7a1a62a616f,7397,Can you write me an essay?,out_of_scope,This seems outside my current support scope. Please check our help center for more information.
d2003424-cbb7-4074-a606-22fa679e855d,8856,"Thanks, bye!",goodbye,Goodbye! I hope I was able to help you today.
f74e5402-9251-47c3-bbc5-a0f77d5669b6,1537,I want to complain about a product.,submit_complaint,"You can report a problem by going to Settings > Support > Submit Complaint. Fill in the complaint form, and our team will review it shortly."
93c9fc5f-9226-43cb-a134-767a411b11a8,9962,I want to share feedback about my purchase.,review_order,"To review your order, head over to Orders > Select Order > Leave Review. Select the order and leave your feedback."
4e7ac1e9-7b41-40d1-a0ad-07fa5539c61d,4151,Where is my delivery right now?,order_tracking,Tracking details are available under My Account > Shipping > Track Package. It will show you real-time updates about your package location.
160622ef-cb7a-44d6-9a85-25095f65b074,2862,Can you help me undo an order I placed?,cancel_order,"To cancel your order, please go to Settings > Orders > Cancel Order. After selecting the order, confirm the cancellation. If you face any issues, let me know."
bbdc7f53-7d29-4188-b101-c74df48d6594,9667,Where is my order in the process?,order_status,Head over to My Account > Purchases > Track Progress to see where your order is in the fulfillment process.
56b9d3a6-a302-4552-be02-871a804ded2c,7555,There’s an issue I need to report.,submit_complaint,"You can report a problem by going to Help Center > Complaints > File Issue. Fill in the complaint form, and our team will review it shortly."
8a15786a-55f5-4d0c-824b-73525586b7d7,9491,How can I leave a review for my order?,review_order,"You can add a review by navigating to Orders > Select Order > Leave Review. Once there, you’ll be able to write and submit your review."
26bfa730-91a1-4a2c-b770-0719ae7ad809,7468,Can I rate the product I bought?,review_order,"To review your order, head over to Purchases > Feedback > Review Order. Select the order and leave your feedback."
d8d2d1d9-89b3-4a50-9b99-2b868aa90608,1804,Can you show me tracking details for my order?,order_tracking,Tracking details are available under Purchases > Delivery > Tracking Info. It will show you real-time updates about your package location.
eba5827d-f754-4d9f-b798-d7707a389e4f,9312,There’s a billing issue with my purchase.,payment_issue,"For payment issues, navigate to My Account > Billing > Payment Help. You will find tools to resolve failed or pending transactions."
ac9ad16f-b4b9-4c64-99ad-0e399d51d7da,1177,Where do I write a review for my last order?,review_order,"You can add a review by navigating to Orders > Select Order > Leave Review. Once there, you’ll be able to write and submit your review."
a9cac68f-54f7-4980-9fce-b407c45e4e4d,2534,There’s a billing issue with my purchase.,payment_issue,"For payment issues, navigate to My Account > Billing > Payment Help. You will find tools to resolve failed or pending transactions."
b38121fc-e4bc-4960-b9eb-87e4f6ae2175,2840,Can you write me an essay?,out_of_scope,"I’m sorry, but I can’t help with that request. Could you please rephrase or ask something else?"
564bee60-77f3-490b-b07a-c91117e18d0a,6048,Where is my order in the process?,order_status,Head over to Profile > Orders > Check Status to see where your order is in the fulfillment process.
5d561af9-e094-4352-994a-d9a5ca2b3dc1,6142,I need help with a failed transaction.,payment_issue,"For payment issues, navigate to Settings > Payments > Resolve Issue. You will find tools to resolve failed or pending transactions."
0fc202e1-8810-423c-a4ef-689b45f2bed7,1349,How can I leave a review for my order?,review_order,"You can add a review by navigating to Orders > Select Order > Leave Review. Once there, you’ll be able to write and submit your review."
060a6408-c3ec-46b8-bfa2-a41925a135e0,9984,Is there a way to stop processing on my order?,cancel_order,You can cancel by navigating to Profile > Order History > Cancel Order. Choose the order you wish to cancel and follow the prompts.
49605d8f-5514-45aa-832f-f311e402c393,6657,I need help with a failed transaction.,payment_issue,You can manage and fix your payment issues at Profile > Wallet > Payment Issues. Select the relevant transaction to proceed.
9cf1c1fc-7a73-433d-a031-158249c45d16,2995,I want to talk to a real person.,talk_to_human,"Sure, let me transfer you to one of our human representatives right away."
45d18437-b820-43be-97ca-79a71ea23537,1383,Is there a way to stop processing on my order?,cancel_order,"To cancel your order, please go to Profile > Order History > Cancel Order. After selecting the order, confirm the cancellation. If you face any issues, let me know."
edce0a04-ec1c-4565-875f-ebb4eb20c5bb,8025,Where do I go to cancel an order?,cancel_order,You can cancel by navigating to My Account > Purchases > Cancel. Choose the order you wish to cancel and follow the prompts.
0827f6ae-d7f4-48b2-a725-225355d5dd71,6032,Goodbye!,goodbye,Goodbye! I hope I was able to help you today.
86dfd8c9-946b-47f9-959e-1fbb7996ab29,1200,Where can I request a refund?,demand_refund,"Refund requests can be placed through Profile > Order History > Request Refund. Select your order, choose 'Request Refund', and submit your reason."
5dbd96fc-c042-4d4f-8466-1fe3c3c54169,1190,Is there a way to stop processing on my order?,cancel_order,"To cancel your order, please go to Settings > Orders > Cancel Order. After selecting the order, confirm the cancellation. If you face any issues, let me know."
1cba7e10-7dbb-4545-918f-93da60b7abef,4048,Where is my order in the process?,order_status,Head over to Profile > Orders > Check Status to see where your order is in the fulfillment process.
00934f30-04bd-4776-bbb2-6b76e03b2c48,7334,Help me post a review for my completed purchase.,review_order,"You can add a review by navigating to Orders > Select Order > Leave Review. Once there, you’ll be able to write and submit your review."
e7402987-62f3-4e87-a025-39b2c0641336,4149,Why was my card declined?,payment_issue,"For payment issues, navigate to My Account > Billing > Payment Help. You will find tools to resolve failed or pending transactions."
c5aa9488-c0a8-4235-9461-fc2115d54457,4189,Can you connect me to support staff?,talk_to_human,I’ll connect you with a support agent shortly. Please hold on.
fe2be569-f4b6-4740-b226-ac771b983002,5233,Please help me submit a problem report.,submit_complaint,"To submit a complaint, please visit Help Center > Complaints > File Issue. Provide your order details and a description of the issue."
22904f71-8560-4db8-b67b-edf29c2d78a3,9590,Can I rate the product I bought?,review_order,"To review your order, head over to My Account > Reviews > Write Review. Select the order and leave your feedback."
13eb2066-72ac-41b0-80b3-12c5fb2ab1ba,4862,Hi there!,greeting,Hi! Welcome back. What can I help you with?
c4998795-7b50-463d-b9dc-7da6ee6c702d,2623,Can you tell me the refund steps?,demand_refund,"Refund requests can be placed through Settings > Orders > Refund Order. Select your order, choose 'Request Refund', and submit your reason."
139309d9-c465-4a8c-a54b-2cc3253cff1c,7049,Catch you later.,goodbye,Thank you for reaching out! Have a great day.
210522bc-0587-4467-9c8e-42561b18fa81,4397,Where do I go to raise a complaint?,submit_complaint,"To submit a complaint, please visit Settings > Support > Submit Complaint. Provide your order details and a description of the issue."
3db493ad-26e2-4189-aca3-000962487751,1982,Hi there!,greeting,Hi! Welcome back. What can I help you with?
fee3496c-dd9a-4598-98db-e618ac1430f2,3451,Help me post a review for my completed purchase.,review_order,"To review your order, head over to My Account > Reviews > Write Review. Select the order and leave your feedback."
f94e5204-f0b8-46cb-b69c-b59dc6e471a6,6209,How do I check if my order is confirmed?,order_status,You can check your order status by going to My Account > Purchases > Track Progress. It will display the current progress of your order.
7d2b748b-53d4-4dba-adc9-98527f340286,3279,How do I file a complaint?,submit_complaint,"To submit a complaint, please visit Settings > Support > Submit Complaint. Provide your order details and a description of the issue."
e270929b-6947-4cd2-820f-3de9a0b79a89,5761,Hi there!,greeting,Hello there! How can I assist you with your orders today?
2bd8075a-2889-46ad-be9d-b1a22eb53125,4850,What’s the current status of my order?,order_status,Head over to Profile > Orders > Check Status to see where your order is in the fulfillment process.
06fe242a-eb3c-4137-857c-8a0f835b970f,3866,Where is my order in the process?,order_status,You can check your order status by going to Profile > Orders > Check Status. It will display the current progress of your order.
3b9c8dae-4178-4e7d-a5b3-34e6722ec3e9,8597,Where is my delivery right now?,order_tracking,"To track your shipment, please go to Orders > Track Shipment. Enter your tracking ID for more details."
54a03833-f4fd-4e01-8c98-34910235e065,5205,Please cancel my recent purchase.,cancel_order,"To cancel your order, please go to Profile > Order History > Cancel Order. After selecting the order, confirm the cancellation. If you face any issues, let me know."
c54adf51-3580-4c34-a66d-ca89bad4b8da,4614,"Hey, how are you?",greeting,Hi! Welcome back. What can I help you with?
e82bc49e-faa5-4902-8aa4-4f33ceb3891c,8056,Please help me submit a problem report.,submit_complaint,"To submit a complaint, please visit Help Center > Complaints > File Issue. Provide your order details and a description of the issue."
82d5783c-ad38-4d8c-ae50-d783ef90e8f3,9083,How do I request money back for my purchase?,demand_refund,"To get a refund, please visit Profile > Order History > Request Refund. Choose the respective order and complete the refund form."
1a052072-e31b-4682-9a22-ffbb8a9c9d96,4387,Can you tell me the refund steps?,demand_refund,"Refund requests can be placed through My Account > Refunds > Initiate. Select your order, choose 'Request Refund', and submit your reason."
42d1804e-29ce-4377-a5dc-693214a83614,3338,Can I chat with someone from support?,talk_to_human,I’ll connect you with a support agent shortly. Please hold on.
eccf3412-b40a-4dc5-ad38-b9904936477e,4588,"Thanks, bye!",goodbye,Goodbye! I hope I was able to help you today.
2547c915-0c38-46b9-97d1-ffa3a0dcebd6,5957,There’s a billing issue with my purchase.,payment_issue,You can manage and fix your payment issues at Profile > Wallet > Payment Issues. Select the relevant transaction to proceed.
f6cc8f12-93b3-423d-bfbe-ba7784c2a41a,2895,Track my shipment please.,order_tracking,"To track your shipment, please go to Purchases > Delivery > Tracking Info. Enter your tracking ID for more details."
cd801d88-f5f3-4374-9dbe-550dd6baece9,9223,How do I request money back for my purchase?,demand_refund,"To get a refund, please visit Settings > Orders > Refund Order. Choose the respective order and complete the refund form."
2a9050e9-89e6-4a8e-8cfa-e127d420484a,9138,Can you help me undo an order I placed?,cancel_order,"To cancel your order, please go to My Account > Purchases > Cancel. After selecting the order, confirm the cancellation. If you face any issues, let me know."
d709ae93-1856-4ad2-8e53-544d3b9ef61e,8306,There’s an issue I need to report.,submit_complaint,"To submit a complaint, please visit Help Center > Complaints > File Issue. Provide your order details and a description of the issue."
2384bb2a-1df8-4fa2-bf42-eb664b077aad,5310,Please help me submit a problem report.,submit_complaint,"You can report a problem by going to Help Center > Complaints > File Issue. Fill in the complaint form, and our team will review it shortly."
341a67d6-c0e8-4fb5-abfe-4997e2b72ca2,1985,Who won the football game yesterday?,out_of_scope,"I’m sorry, but I can’t help with that request. Could you please rephrase or ask something else?"
3bb8aeff-5c82-4186-b49a-feaf3f230df3,1714,Has my order been shipped yet?,order_status,Head over to My Account > Purchases > Track Progress to see where your order is in the fulfillment process.
082b1c4a-9027-43d5-8a53-01e107597b69,3263,Why was my card declined?,payment_issue,"For payment issues, navigate to Profile > Wallet > Payment Issues. You will find tools to resolve failed or pending transactions."
75356d6b-d4dd-4b66-8792-db4bc017cb3a,8022,Why was my card declined?,payment_issue,You can manage and fix your payment issues at Profile > Wallet > Payment Issues. Select the relevant transaction to proceed.
6c13954b-2807-4b17-a63b-495f95b86ec5,8423,Tell me a joke.,out_of_scope,"I’m sorry, but I can’t help with that request. Could you please rephrase or ask something else?"
f692194c-7516-4807-a2e9-b35e557bd3a3,6928,Good morning!,greeting,Hello there! How can I assist you with your orders today?
25cf095d-212c-4b1a-86f1-ed100d889a54,1183,I need help with a failed transaction.,payment_issue,"For payment issues, navigate to Settings > Payments > Resolve Issue. You will find tools to resolve failed or pending transactions."
09127c63-0a2a-4bc3-96a0-531d8b2103f1,5582,Is there a way to stop processing on my order?,cancel_order,"To cancel your order, please go to My Account > Purchases > Cancel. After selecting the order, confirm the cancellation. If you face any issues, let me know."
e0ad69ef-929b-4c21-9d69-26491cef88f7,7573,I need to speak to a human agent.,talk_to_human,I’ll connect you with a support agent shortly. Please hold on.
4c8a62eb-0da7-420f-aab3-1a5181a552a9,9213,What’s the weather like today?,out_of_scope,This seems outside my current support scope. Please check our help center for more information.
a8b9fdb2-e86d-40b3-8ac8-b0f5144f3917,8513,Can you write me an essay?,out_of_scope,"I’m sorry, but I can’t help with that request. Could you please rephrase or ask something else?"
f44810d5-3e50-45de-acd6-c69b7a96a212,4461,What’s the current status of my order?,order_status,You can check your order status by going to Profile > Orders > Check Status. It will display the current progress of your order.
15bc2630-7338-4b1d-ba2e-cf9da631bd9f,7719,There’s a billing issue with my purchase.,payment_issue,"For payment issues, navigate to My Account > Billing > Payment Help. You will find tools to resolve failed or pending transactions."
b26f0d96-e508-4d06-867d-aa0dad21c114,5507,I want to share feedback about my purchase.,review_order,"To review your order, head over to Purchases > Feedback > Review Order. Select the order and leave your feedback."
110e04ec-6297-456c-aa3d-b006256bcc0b,9887,Who won the football game yesterday?,out_of_scope,This seems outside my current support scope. Please check our help center for more information.
e6946537-12d2-46eb-b3de-1a6adf9e5096,8517,Goodbye!,goodbye,Goodbye! I hope I was able to help you today.
1e320d67-679f-4adb-88a3-4270145f9956,9099,I want to complain about a product.,submit_complaint,"You can report a problem by going to Profile > Feedback > Report Problem. Fill in the complaint form, and our team will review it shortly."
242f4341-b93f-4252-9e4f-aaeaaefcb9fb,7502,"Hi, I need some help.",greeting,Hi! Welcome back. What can I help you with?
408db7e9-2d6e-4275-963a-3bd024087880,7684,"I’m done, thanks.",goodbye,Thank you for reaching out! Have a great day.
30b86193-7c14-4e97-b6b8-8ef639652fb9,5741,Why was my card declined?,payment_issue,You can manage and fix your payment issues at My Account > Billing > Payment Help. Select the relevant transaction to proceed.
156e33d6-fa46-4a3e-9cdc-b5d889fa3637,6244,Who won the football game yesterday?,out_of_scope,"I’m sorry, but I can’t help with that request. Could you please rephrase or ask something else?"
ca5e859b-27c4-471f-81bd-4a783e2a1d50,7169,Catch you later.,goodbye,Thank you for reaching out! Have a great day.
9b3c26ae-36b4-418f-bc2d-738f2a368f30,7094,Can you tell me the refund steps?,demand_refund,"To get a refund, please visit My Account > Refunds > Initiate. Choose the respective order and complete the refund form."
f9341ece-e0f2-432d-87c8-d9849c43898f,6910,How do I check if my order is confirmed?,order_status,You can check your order status by going to Profile > Orders > Check Status. It will display the current progress of your order.
57a4906c-4a09-4e37-ac6e-33ff5bb5f76e,5036,I need help with a failed transaction.,payment_issue,"For payment issues, navigate to Settings > Payments > Resolve Issue. You will find tools to resolve failed or pending transactions."
653a8108-3530-42c2-9854-821a050ad826,5503,Please provide shipment tracking updates.,order_tracking,"To track your shipment, please go to Orders > Track Shipment. Enter your tracking ID for more details."
22d1b6fd-35b6-46d4-aa2e-a4dfc0e069cf,1820,How do I request money back for my purchase?,demand_refund,"Refund requests can be placed through My Account > Refunds > Initiate. Select your order, choose 'Request Refund', and submit your reason."
558a262c-a4eb-407a-b114-e74e12e737ba,5513,Where do I write a review for my last order?,review_order,"You can add a review by navigating to Purchases > Feedback > Review Order. Once there, you’ll be able to write and submit your review."
a62a0013-e101-4564-bdf4-4bb350158e67,7177,There’s an issue I need to report.,submit_complaint,"You can report a problem by going to Settings > Support > Submit Complaint. Fill in the complaint form, and our team will review it shortly."
e2fd3a90-f0ff-489f-98f4-2259e715d8cd,2589,Can you tell me the refund steps?,demand_refund,"Refund requests can be placed through My Account > Refunds > Initiate. Select your order, choose 'Request Refund', and submit your reason."
6aad0028-6cd0-4199-bba7-01547e3c2095,1590,Tell me a joke.,out_of_scope,This seems outside my current support scope. Please check our help center for more information.
5662043c-bd72-4f5d-a115-42a3a81a9406,9292,Track my shipment please.,order_tracking,"To track your shipment, please go to My Account > Shipping > Track Package. Enter your tracking ID for more details."
4edd067a-601a-424b-ae8c-34aa7708a311,3925,I need a refund on my last order.,demand_refund,"To get a refund, please visit My Account > Refunds > Initiate. Choose the respective order and complete the refund form."
33e82064-18f2-41ad-9689-d76b64409f6b,5618,Where is my delivery right now?,order_tracking,Tracking details are available under Orders > Track Shipment. It will show you real-time updates about your package location.
80564bff-c05d-4adf-82eb-707d75cb9e6f,8753,Please cancel my recent purchase.,cancel_order,"To cancel your order, please go to Settings > Orders > Cancel Order. After selecting the order, confirm the cancellation. If you face any issues, let me know."
0617279e-9272-45f1-8dfe-d9f4cc39d689,9059,See you next time.,goodbye,Goodbye! I hope I was able to help you today.
3bcc748a-a32d-41c5-82f0-40b8679c5b61,2823,There’s an issue I need to report.,submit_complaint,"To submit a complaint, please visit Settings > Support > Submit Complaint. Provide your order details and a description of the issue."
07e9a9fa-ad74-4ca8-a646-ef0a6024206e,8381,Please cancel my recent purchase.,cancel_order,You can cancel by navigating to Settings > Orders > Cancel Order. Choose the order you wish to cancel and follow the prompts.
c10608ef-5c2b-419d-ac6e-3d68cd402445,9920,I need to speak to a human agent.,talk_to_human,"Sure, let me transfer you to one of our human representatives right away."
28e15679-d375-4f56-8c54-0794dccff1cc,3758,Track my shipment please.,order_tracking,Tracking details are available under Orders > Track Shipment. It will show you real-time updates about your package location.
1f97c9e4-2f97-4ab5-982e-53f48c5ed772,8260,Hi there!,greeting,Hi! Welcome back. What can I help you with?
b2ec5e40-bb6f-4bdc-b587-ba3e0d5a1eff,4815,How do I request money back for my purchase?,demand_refund,"To get a refund, please visit My Account > Refunds > Initiate. Choose the respective order and complete the refund form."
3a096aec-f1e1-433e-91b2-7f061a9585a8,1469,Can you write me an essay?,out_of_scope,This seems outside my current support scope. Please check our help center for more information.
522c5140-3f7c-4a95-a4e1-31d04f51cae8,6047,Can you write me an essay?,out_of_scope,This seems outside my current support scope. Please check our help center for more information.
47a62ca8-0779-44e2-9d27-3a7427ecbeaf,4739,Where do I go to cancel an order?,cancel_order,You can cancel by navigating to My Account > Purchases > Cancel. Choose the order you wish to cancel and follow the prompts.
3b22fe48-a1ff-496f-b5a9-592ad629ef7d,9019,Help me post a review for my completed purchase.,review_order,"To review your order, head over to Orders > Select Order > Leave Review. Select the order and leave your feedback."
f8b6c69b-ec4d-4f61-b1e8-00890f6e1892,4337,Tell me the progress of my recent order.,order_status,Head over to My Account > Purchases > Track Progress to see where your order is in the fulfillment process.
df124626-966f-4d4f-a5ef-b0ffea66cb61,7347,What’s 2+2?,out_of_scope,This seems outside my current support scope. Please check our help center for more information.
de367a95-11c4-4fe9-8cbb-e620d5ce69dd,1765,Can you show me tracking details for my order?,order_tracking,"To track your shipment, please go to Orders > Track Shipment. Enter your tracking ID for more details."
dd7cd76d-b2f9-4a95-86be-8456e365e502,8144,"My payment is pending, what should I do?",payment_issue,"For payment issues, navigate to Profile > Wallet > Payment Issues. You will find tools to resolve failed or pending transactions."
9a1c1ef1-4f5b-4385-ae96-5e364f9fc7a6,4989,What’s the current status of my order?,order_status,Head over to Orders > Select Order > View Status to see where your order is in the fulfillment process.
5c8e737f-f80a-405d-bc21-2a5b688c3ea2,7323,"Thanks, bye!",goodbye,Thank you for reaching out! Have a great day.
130df169-b8f3-4902-a96a-8d00929e5259,7909,Where do I go to cancel an order?,cancel_order,You can cancel by navigating to My Account > Purchases > Cancel. Choose the order you wish to cancel and follow the prompts.
d35b9218-88d9-4641-88fe-771b28b65b8b,8919,Where is my delivery right now?,order_tracking,Tracking details are available under My Account > Shipping > Track Package. It will show you real-time updates about your package location.
0299ac73-4370-4f1a-bafe-85fb8d4f80fb,8168,Help me post a review for my completed purchase.,review_order,"You can add a review by navigating to Orders > Select Order > Leave Review. Once there, you’ll be able to write and submit your review."
88b4a807-3f89-4a1c-bc9e-96753839b8f6,8886,Please help me submit a problem report.,submit_complaint,"To submit a complaint, please visit Settings > Support > Submit Complaint. Provide your order details and a description of the issue."
50fa8578-66f3-475e-b97b-56b1dad6ed6f,1615,"My payment is pending, what should I do?",payment_issue,You can manage and fix your payment issues at Settings > Payments > Resolve Issue. Select the relevant transaction to proceed.
3341a1cc-95a5-4e7a-b6be-46bb4a1c61a1,9035,Can you tell me the refund steps?,demand_refund,"Refund requests can be placed through Settings > Orders > Refund Order. Select your order, choose 'Request Refund', and submit your reason."
c3af1aa1-b15d-484d-9f5a-5189e957315f,1580,"Thanks, bye!",goodbye,Thank you for reaching out! Have a great day.
1a11e440-0e93-4bef-9e86-a5427f20a24a,3436,How do I request money back for my purchase?,demand_refund,"To get a refund, please visit My Account > Refunds > Initiate. Choose the respective order and complete the refund form."
0b960288-b6f7-45bc-9e83-c42698ee22a7,5863,Tell me the progress of my recent order.,order_status,Head over to My Account > Purchases > Track Progress to see where your order is in the fulfillment process.
bd7a7b1f-3dbf-4f3f-9877-9d18c3dc760a,9281,I want to talk to a real person.,talk_to_human,"Sure, let me transfer you to one of our human representatives right away."
15768af0-e02a-4a5a-94c7-4f096b7d2915,2312,Help me post a review for my completed purchase.,review_order,"To review your order, head over to Purchases > Feedback > Review Order. Select the order and leave your feedback."
bb143d62-2a7b-4d32-86e3-746e5129fc7c,2253,My payment didn’t go through.,payment_issue,"For payment issues, navigate to Profile > Wallet > Payment Issues. You will find tools to resolve failed or pending transactions."
c8ecb0ab-9cb8-401d-bc19-a95440d27f5d,5193,Please guide me to initiate a refund.,demand_refund,"Refund requests can be placed through My Account > Refunds > Initiate. Select your order, choose 'Request Refund', and submit your reason."
daacf206-96b0-4fb3-ab8f-a20aef334b75,3294,I want to cancel my last order.,cancel_order,You can cancel by navigating to Settings > Orders > Cancel Order. Choose the order you wish to cancel and follow the prompts.
a576aa3f-9def-49f6-8d8b-da116c97b675,4018,I want to cancel my last order.,cancel_order,You can cancel by navigating to Settings > Orders > Cancel Order. Choose the order you wish to cancel and follow the prompts.
6773457f-812f-4f57-9648-8e12782fffba,4037,Good morning!,greeting,Hi! Welcome back. What can I help you with?
77727dfb-ab99-446d-b0b8-8989eaa216c1,3604,Goodbye!,goodbye,Goodbye! I hope I was able to help you today.
993ee177-ff74-4132-9c6a-e8a2319c4bf6,6172,Where do I write a review for my last order?,review_order,"To review your order, head over to Orders > Select Order > Leave Review. Select the order and leave your feedback."
802a222a-961c-4100-bbc8-cd99fc0abd3a,6681,"My payment is pending, what should I do?",payment_issue,You can manage and fix your payment issues at Profile > Wallet > Payment Issues. Select the relevant transaction to proceed.
e21249a5-0004-4978-9e01-830864bf3d7c,8981,Tell me the progress of my recent order.,order_status,Head over to Orders > Select Order > View Status to see where your order is in the fulfillment process.
37f2377c-d792-4d8d-9a1e-9fbf06e043c7,8588,Tell me the progress of my recent order.,order_status,Head over to Orders > Select Order > View Status to see where your order is in the fulfillment process.
0cacb80e-8bc6-4ca6-af13-7409fd01f704,4962,Why was my card declined?,payment_issue,"For payment issues, navigate to Profile > Wallet > Payment Issues. You will find tools to resolve failed or pending transactions."
51b9bfc0-1e76-411e-9eab-2864f33c6e1e,2553,Please cancel my recent purchase.,cancel_order,"To cancel your order, please go to My Account > Purchases > Cancel. After selecting the order, confirm the cancellation. If you face any issues, let me know."
d0933f36-362e-4533-9c3a-667841e033e2,8776,Can I rate the product I bought?,review_order,"You can add a review by navigating to Purchases > Feedback > Review Order. Once there, you’ll be able to write and submit your review."
23091dc8-7534-4b7d-9d29-921682e01323,1952,Where do I go to cancel an order?,cancel_order,You can cancel by navigating to Settings > Orders > Cancel Order. Choose the order you wish to cancel and follow the prompts.
b1b7cb0a-82a3-4878-a59f-966da0c97232,1940,Where can I request a refund?,demand_refund,"To get a refund, please visit Profile > Order History > Request Refund. Choose the respective order and complete the refund form."
f9494d65-d457-43b8-bb8b-7f38863696fe,5009,I need to speak to a human agent.,talk_to_human,"Sure, let me transfer you to one of our human representatives right away."
a8c8db44-975e-4fea-befd-5b1243c5460a,2086,See you next time.,goodbye,Thank you for reaching out! Have a great day.
65d2b6d6-989d-45ea-a91e-e9cd34e2fb1a,8845,Where can I request a refund?,demand_refund,"To get a refund, please visit Profile > Order History > Request Refund. Choose the respective order and complete the refund form."
4e3e3918-52c5-4687-8194-1bfb9f63567e,3691,Can you connect me to support staff?,talk_to_human,"Sure, let me transfer you to one of our human representatives right away."
29234782-d605-43dd-ae1d-31a78ff20bb8,3234,Why was my card declined?,payment_issue,You can manage and fix your payment issues at Profile > Wallet > Payment Issues. Select the relevant transaction to proceed.
13e2250a-e554-4e7c-86c8-98a9403f9ece,3596,"My payment is pending, what should I do?",payment_issue,"For payment issues, navigate to Profile > Wallet > Payment Issues. You will find tools to resolve failed or pending transactions."
5531c222-2376-477d-9c2a-649dbef2ae70,8889,Tell me a joke.,out_of_scope,This seems outside my current support scope. Please check our help center for more information.
bdf8ef7a-51ef-49eb-87e3-e5eb97d6fa27,8708,I want to share feedback about my purchase.,review_order,"To review your order, head over to Purchases > Feedback > Review Order. Select the order and leave your feedback."
78cea441-e06d-4e11-90d7-23a471fd3a2c,6917,Is there a way to stop processing on my order?,cancel_order,"To cancel your order, please go to Profile > Order History > Cancel Order. After selecting the order, confirm the cancellation. If you face any issues, let me know."
70d6e675-74db-4071-a361-2125799e0538,4867,There’s a billing issue with my purchase.,payment_issue,You can manage and fix your payment issues at Settings > Payments > Resolve Issue. Select the relevant transaction to proceed.
9bafd38c-22ff-4e00-9e26-6a6a2bbf2cff,2602,Can you help me undo an order I placed?,cancel_order,You can cancel by navigating to Settings > Orders > Cancel Order. Choose the order you wish to cancel and follow the prompts.
8e193c3b-af03-4be0-ab81-02b60a996bd1,1299,I want to complain about a product.,submit_complaint,"You can report a problem by going to Profile > Feedback > Report Problem. Fill in the complaint form, and our team will review it shortly."
fa89ec38-821b-4737-b41b-6ea651128d0c,2311,Help me post a review for my completed purchase.,review_order,"You can add a review by navigating to Orders > Select Order > Leave Review. Once there, you’ll be able to write and submit your review."
f41bdee0-1471-48c2-b4e3-98b473eba6fc,2821,I want to complain about a product.,submit_complaint,"You can report a problem by going to Profile > Feedback > Report Problem. Fill in the complaint form, and our team will review it shortly."
c3bb0aa0-c12b-4f5f-bd26-be3735b7bc33,2958,Tell me a joke.,out_of_scope,"I’m sorry, but I can’t help with that request. Could you please rephrase or ask something else?"
882626bd-786c-49db-b301-a695c82eb3d2,6366,Can you show me tracking details for my order?,order_tracking,"To track your shipment, please go to My Account > Shipping > Track Package. Enter your tracking ID for more details."
9da35eb5-8f2b-46fe-87fc-a78cada28e54,7845,"Thanks, bye!",goodbye,Goodbye! I hope I was able to help you today.
22cb26c0-1fd6-4471-80bc-c985a802e108,8753,I want to cancel my last order.,cancel_order,You can cancel by navigating to My Account > Purchases > Cancel. Choose the order you wish to cancel and follow the prompts.
c7b22285-063f-46b7-84d3-38a4c5418d3f,7204,Track my shipment please.,order_tracking,Tracking details are available under Purchases > Delivery > Tracking Info. It will show you real-time updates about your package location.
62478127-860c-4215-a850-eb27d27c3d3d,5778,Tell me the progress of my recent order.,order_status,Head over to Profile > Orders > Check Status to see where your order is in the fulfillment process.
5cecc9f2-b43b-4f7b-841f-15d84d27862e,4408,Hello!,greeting,Hello there! How can I assist you with your orders today?
52cad7dc-1f71-4999-8c7f-e5d283312e13,8660,How do I check if my order is confirmed?,order_status,You can check your order status by going to Profile > Orders > Check Status. It will display the current progress of your order.
02fa8280-f2f6-4683-996c-cb3583e51161,7750,Can you help me undo an order I placed?,cancel_order,You can cancel by navigating to Settings > Orders > Cancel Order. Choose the order you wish to cancel and follow the prompts.
2a15cbbb-14d5-496e-9d14-5f90d40714dc,3456,Where is my order in the process?,order_status,You can check your order status by going to Orders > Select Order > View Status. It will display the current progress of your order.
f6fbff64-a87f-4e62-8827-0e6cb17fb9c0,7338,Can you tell me the refund steps?,demand_refund,"Refund requests can be placed through Profile > Order History > Request Refund. Select your order, choose 'Request Refund', and submit your reason."
056a851e-8eac-403b-a1aa-294a75038843,1977,Hello!,greeting,Hi! Welcome back. What can I help you with?
66ba1532-7c95-4099-9617-601f8580cf66,5139,Please guide me to initiate a refund.,demand_refund,"To get a refund, please visit My Account > Refunds > Initiate. Choose the respective order and complete the refund form."
14c933fd-6a10-44c1-80da-5f1e6d396448,9145,How do I request money back for my purchase?,demand_refund,"To get a refund, please visit Settings > Orders > Refund Order. Choose the respective order and complete the refund form."
6512756d-47e4-4ad0-b4de-230de551e686,9127,How do I check if my order is confirmed?,order_status,Head over to Orders > Select Order > View Status to see where your order is in the fulfillment process.
6c4c339a-1011-4bee-8969-c5f7e309e21b,7850,Where do I go to raise a complaint?,submit_complaint,"To submit a complaint, please visit Settings > Support > Submit Complaint. Provide your order details and a description of the issue."
83c5b6e8-4eaf-4eeb-8e2d-a04f494c2eea,4735,How do I request money back for my purchase?,demand_refund,"Refund requests can be placed through My Account > Refunds > Initiate. Select your order, choose 'Request Refund', and submit your reason."
c38bdf7e-8768-4916-83d4-ac2726d03125,1131,Track my shipment please.,order_tracking,Tracking details are available under Purchases > Delivery > Tracking Info. It will show you real-time updates about your package location.
77f7d984-29ac-4465-bbb8-802773873ff1,3561,Where is my order in the process?,order_status,Head over to Profile > Orders > Check Status to see where your order is in the fulfillment process.
6e124eb0-81b1-42a1-8ec8-2738b1539e5a,7386,Please provide shipment tracking updates.,order_tracking,"To track your shipment, please go to My Account > Shipping > Track Package. Enter your tracking ID for more details."
0aa9f0b2-6234-4c5a-973a-aaa219bcb447,6709,Tell me a joke.,out_of_scope,This seems outside my current support scope. Please check our help center for more information.
3d505d85-805e-4245-89ca-f7ad8e4ffd10,5444,What’s 2+2?,out_of_scope,"I’m sorry, but I can’t help with that request. Could you please rephrase or ask something else?"
eb5c1f35-2d70-4f34-807f-51e8421bca27,7871,Please cancel my recent purchase.,cancel_order,"To cancel your order, please go to Profile > Order History > Cancel Order. After selecting the order, confirm the cancellation. If you face any issues, let me know."
b479d2ce-affc-4144-ad4e-8154212907eb,1602,My payment didn’t go through.,payment_issue,You can manage and fix your payment issues at Settings > Payments > Resolve Issue. Select the relevant transaction to proceed.
c723c653-457f-4e8d-9bb3-bf41ef8be4f4,4699,Can you tell me the refund steps?,demand_refund,"To get a refund, please visit Profile > Order History > Request Refund. Choose the respective order and complete the refund form."
dc875c97-4f0b-4a91-bb95-88d09b710a4e,7617,Good morning!,greeting,Hello there! How can I assist you with your orders today?
d4436ecc-3af2-4b11-a429-8a3840f40ef3,7457,Goodbye!,goodbye,Thank you for reaching out! Have a great day.
6bcf00f0-c315-4c9f-9625-2b9248a9d8d5,7901,Where do I go to raise a complaint?,submit_complaint,"You can report a problem by going to Profile > Feedback > Report Problem. Fill in the complaint form, and our team will review it shortly."
6707324f-a1ad-4feb-b1a8-7643e3502d2b,8713,I want to cancel my last order.,cancel_order,You can cancel by navigating to Settings > Orders > Cancel Order. Choose the order you wish to cancel and follow the prompts.
190c97da-fe53-436f-8290-fc4529992f9a,3760,I want to cancel my last order.,cancel_order,You can cancel by navigating to Settings > Orders > Cancel Order. Choose the order you wish to cancel and follow the prompts.
6b31d027-8887-4772-8269-218db1194bc3,6729,Who won the football game yesterday?,out_of_scope,This seems outside my current support scope. Please check our help center for more information.
7bef3171-b5e3-4ea1-802e-754706b1c1bd,9167,Can I chat with someone from support?,talk_to_human,"Sure, let me transfer you to one of our human representatives right away."
3a5972fd-058e-4684-ada3-39774299455b,9437,There’s an issue I need to report.,submit_complaint,"You can report a problem by going to Profile > Feedback > Report Problem. Fill in the complaint form, and our team will review it shortly."
0349799c-e9e5-48f8-8855-33ef4e7a1521,9684,Good morning!,greeting,Hello there! How can I assist you with your orders today?
7c00b769-8bb8-486a-8a39-e3208da87918,6490,Can I chat with someone from support?,talk_to_human,I’ll connect you with a support agent shortly. Please hold on.
59351e7a-b9bc-4d80-a65a-984af2858e87,4375,What’s the current status of my order?,order_status,Head over to Profile > Orders > Check Status to see where your order is in the fulfillment process.
448bfaee-9b88-4f77-be7d-39d1122149e0,2354,I want to cancel my last order.,cancel_order,You can cancel by navigating to Settings > Orders > Cancel Order. Choose the order you wish to cancel and follow the prompts.
0dd09b88-5419-4337-8e15-b12547b41707,4909,Please cancel my recent purchase.,cancel_order,You can cancel by navigating to Settings > Orders > Cancel Order. Choose the order you wish to cancel and follow the prompts.
5b914ad9-6332-413d-9db7-2a892c7a219e,8539,Please cancel my recent purchase.,cancel_order,"To cancel your order, please go to Profile > Order History > Cancel Order. After selecting the order, confirm the cancellation. If you face any issues, let me know."
52bd19c6-c9e6-4dc3-8fc0-fff55f69a673,5592,Where do I write a review for my last order?,review_order,"To review your order, head over to Orders > Select Order > Leave Review. Select the order and leave your feedback."
c36b58ee-79ae-4ea3-85a7-2805f37ea5ed,4808,I need a refund on my last order.,demand_refund,"To get a refund, please visit Settings > Orders > Refund Order. Choose the respective order and complete the refund form."
f602b906-26d7-48cd-98f1-adbfeaa92cf1,6023,See you next time.,goodbye,Thank you for reaching out! Have a great day.
1c2759d6-e710-4df2-bb96-4eba1c372b63,3336,Where do I write a review for my last order?,review_order,"To review your order, head over to Orders > Select Order > Leave Review. Select the order and leave your feedback."
e4cb8af5-9533-496c-8892-34915dfccaa3,1936,Can you tell me the refund steps?,demand_refund,"To get a refund, please visit Settings > Orders > Refund Order. Choose the respective order and complete the refund form."
7bd1c8a6-0eeb-4965-9074-618ef36eabf5,2433,Please help me submit a problem report.,submit_complaint,"You can report a problem by going to Help Center > Complaints > File Issue. Fill in the complaint form, and our team will review it shortly."
ca37dad8-53fc-4668-ac27-f926062b2d4d,4784,Can you help me undo an order I placed?,cancel_order,"To cancel your order, please go to My Account > Purchases > Cancel. After selecting the order, confirm the cancellation. If you face any issues, let me know."
4999dffe-da00-4821-a0ae-7e7cc5be19b0,3066,Where is my delivery right now?,order_tracking,"To track your shipment, please go to Purchases > Delivery > Tracking Info. Enter your tracking ID for more details."
9c55cf84-0b4c-47c6-9c6d-eccdca48c4c9,3011,There’s a billing issue with my purchase.,payment_issue,"For payment issues, navigate to Settings > Payments > Resolve Issue. You will find tools to resolve failed or pending transactions."
3091d5bf-9e13-4d52-998e-13684c5aa811,6095,Track my shipment please.,order_tracking,"To track your shipment, please go to Orders > Track Shipment. Enter your tracking ID for more details."
9bc07f76-0fd1-4958-abbb-f816454251df,7585,Please provide shipment tracking updates.,order_tracking,"To track your shipment, please go to Purchases > Delivery > Tracking Info. Enter your tracking ID for more details."
15c4e54a-9454-404b-a3e0-589120022afd,4495,Why was my card declined?,payment_issue,You can manage and fix your payment issues at Settings > Payments > Resolve Issue. Select the relevant transaction to proceed.
1f79b0c5-782b-40b5-8e63-14314aa68bd7,8505,I need help with a failed transaction.,payment_issue,You can manage and fix your payment issues at Profile > Wallet > Payment Issues. Select the relevant transaction to proceed.
0bee56d2-e15e-40e6-ab7b-e5d0acf4b8fe,9687,Can you write me an essay?,out_of_scope,This seems outside my current support scope. Please check our help center for more information.
3c4e8170-79da-4d19-88cc-3e57f5976691,7397,Tell me a joke.,out_of_scope,This seems outside my current support scope. Please check our help center for more information.
0c1f1ad5-967a-4a7f-b9bb-67bcb0a42aec,5422,Where is my delivery right now?,order_tracking,"To track your shipment, please go to My Account > Shipping > Track Package. Enter your tracking ID for more details."
cab8d0c2-6c66-4e54-96b8-4826debec5e6,7287,I want to complain about a product.,submit_complaint,"You can report a problem by going to Profile > Feedback > Report Problem. Fill in the complaint form, and our team will review it shortly."
ada29084-0eed-4fbf-b7a9-14b8f6bfb2d9,7106,I need a refund on my last order.,demand_refund,"To get a refund, please visit Profile > Order History > Request Refund. Choose the respective order and complete the refund form."
3259bea9-6f83-44ff-b192-e5154183985b,7088,Has my order been shipped yet?,order_status,You can check your order status by going to Orders > Select Order > View Status. It will display the current progress of your order.
d39787e0-aca9-4cbb-84f8-2542258b4fdf,9164,"Hi, I need some help.",greeting,Hello there! How can I assist you with your orders today?
45b5cfcc-7d56-42de-9154-596c8b86c967,7420,See you next time.,goodbye,Thank you for reaching out! Have a great day.
27e50e46-b04b-4e29-93a7-4e2d69bf31c0,6819,Hi there!,greeting,Hello there! How can I assist you with your orders today?
10349bdf-e293-402b-bc1d-66ec90b29e03,5980,Help me post a review for my completed purchase.,review_order,"To review your order, head over to Orders > Select Order > Leave Review. Select the order and leave your feedback."
d3984338-25eb-4d5d-9cc5-447f095d772f,2181,How can I leave a review for my order?,review_order,"You can add a review by navigating to Purchases > Feedback > Review Order. Once there, you’ll be able to write and submit your review."
c0d094e2-98f9-4c1e-b048-f544259cba77,7630,How do I check if my order is confirmed?,order_status,You can check your order status by going to Orders > Select Order > View Status. It will display the current progress of your order.
a285a11f-3aa4-4187-b540-1d8eeeaecaad,2759,Where do I write a review for my last order?,review_order,"To review your order, head over to My Account > Reviews > Write Review. Select the order and leave your feedback."
c751a393-92eb-43ca-8556-ed5f7afe80e8,6729,I need help with a failed transaction.,payment_issue,"For payment issues, navigate to My Account > Billing > Payment Help. You will find tools to resolve failed or pending transactions."
c6cb973e-5e58-4591-8bf6-b423202f1c57,2873,Please guide me to initiate a refund.,demand_refund,"To get a refund, please visit Profile > Order History > Request Refund. Choose the respective order and complete the refund form."
0ddf6744-c02b-4c22-9b98-47b2fb4b12aa,4293,There’s a billing issue with my purchase.,payment_issue,You can manage and fix your payment issues at Profile > Wallet > Payment Issues. Select the relevant transaction to proceed.
99456082-9d54-4740-9c79-6798519aa8a4,3589,"I’m done, thanks.",goodbye,Thank you for reaching out! Have a great day.
53a96c7c-9c1b-4456-a083-75e5c7d64083,9295,Goodbye!,goodbye,Thank you for reaching out! Have a great day.
38abf848-d1dd-4ebc-bf6e-938bcce149cb,1408,Where is my delivery right now?,order_tracking,Tracking details are available under Purchases > Delivery > Tracking Info. It will show you real-time updates about your package location.
72dc2988-1477-41a2-9dc6-28abdb934614,7643,Can I rate the product I bought?,review_order,"You can add a review by navigating to My Account > Reviews > Write Review. Once there, you’ll be able to write and submit your review."
1377fd09-4f9e-4565-bb4b-e89338076f4f,2768,I want to talk to a real person.,talk_to_human,I’ll connect you with a support agent shortly. Please hold on.
3c54d33d-89da-47e2-a244-cf53f7994427,8739,Can you help me undo an order I placed?,cancel_order,"To cancel your order, please go to Profile > Order History > Cancel Order. After selecting the order, confirm the cancellation. If you face any issues, let me know."
a2ef496f-cdaf-46bf-83e5-78b74bbc01d1,4189,Track my shipment please.,order_tracking,Tracking details are available under Orders > Track Shipment. It will show you real-time updates about your package location.
7d9424d2-85d7-49dd-b68c-17078b713ace,7440,There’s a billing issue with my purchase.,payment_issue,You can manage and fix your payment issues at Profile > Wallet > Payment Issues. Select the relevant transaction to proceed.
cf9755cc-b5d0-4b77-847e-b8902bbb1268,2820,"I’m done, thanks.",goodbye,Goodbye! I hope I was able to help you today.
b0e71769-4485-498e-8ccb-fdd2317d1bd4,5466,"Thanks, bye!",goodbye,Goodbye! I hope I was able to help you today.
c130403f-8bcb-44d3-bd35-6dcb9ad0b3e2,2402,Can I rate the product I bought?,review_order,"You can add a review by navigating to Purchases > Feedback > Review Order. Once there, you’ll be able to write and submit your review."
5c852c03-bb2f-448f-ad4e-336e089fcbcc,7211,Where is my delivery right now?,order_tracking,"To track your shipment, please go to My Account > Shipping > Track Package. Enter your tracking ID for more details."
b064701b-b2c2-4038-a077-46743053cae7,3611,"I’m done, thanks.",goodbye,Thank you for reaching out! Have a great day.
d08addbc-eb7c-498f-afbe-90688dcf2deb,2722,I want to cancel my last order.,cancel_order,You can cancel by navigating to Settings > Orders > Cancel Order. Choose the order you wish to cancel and follow the prompts.
d9a77961-24fd-488e-8641-be8c8bd7b5cb,5206,Has my order been shipped yet?,order_status,Head over to My Account > Purchases > Track Progress to see where your order is in the fulfillment process.
e91f6670-aa37-4be6-b0c1-046565d01752,3503,"Hi, I need some help.",greeting,Hello there! How can I assist you with your orders today?
56e1f756-b399-4b8f-8338-9494986fbc7d,3169,"I’m done, thanks.",goodbye,Thank you for reaching out! Have a great day.
6af3575f-fc60-4d58-b7b5-2171d94a2476,9182,Where is my order in the process?,order_status,You can check your order status by going to Profile > Orders > Check Status. It will display the current progress of your order.
cce74b80-cc75-4ee8-a048-1adc46f2298f,4627,I need a refund on my last order.,demand_refund,"Refund requests can be placed through Profile > Order History > Request Refund. Select your order, choose 'Request Refund', and submit your reason."
f6af8066-15b5-4e4e-a12b-e36e46b0fe02,4990,Please transfer me to a representative.,talk_to_human,"Sure, let me transfer you to one of our human representatives right away."
7c529130-c50f-47ef-90dc-10f65de6dce9,6253,Where is my order in the process?,order_status,Head over to Profile > Orders > Check Status to see where your order is in the fulfillment process.
7df80448-02c5-496c-b13e-779ecb85020c,1373,Can you help me undo an order I placed?,cancel_order,"To cancel your order, please go to Settings > Orders > Cancel Order. After selecting the order, confirm the cancellation. If you face any issues, let me know."
063b6679-2ab8-4c0f-838b-c37bdec8f6cb,3743,Please transfer me to a representative.,talk_to_human,I’ll connect you with a support agent shortly. Please hold on.
f2b7ddd0-dbc5-4cea-b34c-2e908eae81b7,5478,I need a refund on my last order.,demand_refund,"To get a refund, please visit Settings > Orders > Refund Order. Choose the respective order and complete the refund form."
1c357dd8-107d-45a3-b45e-83fd4c0f00e6,4276,There’s an issue I need to report.,submit_complaint,"You can report a problem by going to Help Center > Complaints > File Issue. Fill in the complaint form, and our team will review it shortly."
8494c84f-409b-4816-ab23-44272f47374a,6711,Can I rate the product I bought?,review_order,"To review your order, head over to My Account > Reviews > Write Review. Select the order and leave your feedback."
52fafa2a-13c2-4044-94af-65555f2458cf,2076,Can you help me undo an order I placed?,cancel_order,"To cancel your order, please go to Settings > Orders > Cancel Order. After selecting the order, confirm the cancellation. If you face any issues, let me know."
0ac1d42c-acb8-47c1-bf12-b5c4a312e3e0,7195,There’s a billing issue with my purchase.,payment_issue,"For payment issues, navigate to Profile > Wallet > Payment Issues. You will find tools to resolve failed or pending transactions."
e2918126-3e92-4bf0-86ae-b1761df5eaa4,4455,Has my order been shipped yet?,order_status,You can check your order status by going to My Account > Purchases > Track Progress. It will display the current progress of your order.
4303fec6-9d4f-4b52-971d-b4348e18b4f1,9846,How do I check if my order is confirmed?,order_status,Head over to My Account > Purchases > Track Progress to see where your order is in the fulfillment process.
c333d7b2-719b-4c35-b7a6-7598b6ae4fa2,5746,What’s 2+2?,out_of_scope,"I’m sorry, but I can’t help with that request. Could you please rephrase or ask something else?"
743d81df-5d3f-47df-941c-d85c95652f5a,2886,Please help me submit a problem report.,submit_complaint,"You can report a problem by going to Settings > Support > Submit Complaint. Fill in the complaint form, and our team will review it shortly."
2480dc13-7570-4e20-8bbe-97bbd87fd10f,1422,Can I chat with someone from support?,talk_to_human,I’ll connect you with a support agent shortly. Please hold on.
d97ec126-6b1c-4840-8b44-1254feb28f32,1964,Where do I write a review for my last order?,review_order,"To review your order, head over to Orders > Select Order > Leave Review. Select the order and leave your feedback."
83fa1740-879d-4a40-ab9d-5b50558d80fd,9295,Please cancel my recent purchase.,cancel_order,"To cancel your order, please go to Settings > Orders > Cancel Order. After selecting the order, confirm the cancellation. If you face any issues, let me know."
154ab05c-63ef-4af3-8fce-0c30b3fbf859,3530,Can you write me an essay?,out_of_scope,This seems outside my current support scope. Please check our help center for more information.
33dfd147-016a-41bc-9064-9e275a086e07,2798,Help me post a review for my completed purchase.,review_order,"You can add a review by navigating to Orders > Select Order > Leave Review. Once there, you’ll be able to write and submit your review."
9c0b1b15-aef1-4662-9dc1-578a10da826a,2513,Has my order been shipped yet?,order_status,You can check your order status by going to Profile > Orders > Check Status. It will display the current progress of your order.
b0def25f-b4d6-49b7-ace3-1b755c76105a,8646,Can you write me an essay?,out_of_scope,"I’m sorry, but I can’t help with that request. Could you please rephrase or ask something else?"
928b683c-7855-4afe-b661-d10e2007e83b,9405,I want to complain about a product.,submit_complaint,"You can report a problem by going to Profile > Feedback > Report Problem. Fill in the complaint form, and our team will review it shortly."
b4f19f19-3395-47bd-9edd-bee76292bfec,8538,Can you tell me the refund steps?,demand_refund,"Refund requests can be placed through Settings > Orders > Refund Order. Select your order, choose 'Request Refund', and submit your reason."
3bd27fb9-5289-4b29-93c8-7e938e75008d,3233,Is there a way to stop processing on my order?,cancel_order,"To cancel your order, please go to Settings > Orders > Cancel Order. After selecting the order, confirm the cancellation. If you face any issues, let me know."
f1d3d95b-09ec-487e-bf46-ef68cf2f155d,1027,Can you show me tracking details for my order?,order_tracking,Tracking details are available under My Account > Shipping > Track Package. It will show you real-time updates about your package location.
1a7d8937-9c48-4e60-aee0-b93122a6c240,9577,Catch you later.,goodbye,Goodbye! I hope I was able to help you today.
4a5d3dcb-89df-49b8-95c8-a503756297b0,8901,I want to share feedback about my purchase.,review_order,"You can add a review by navigating to Purchases > Feedback > Review Order. Once there, you’ll be able to write and submit your review."
ade8b2fe-ab84-4e7e-a0f2-216a46005327,9799,"Hi, I need some help.",greeting,Hello there! How can I assist you with your orders today?
6b19e0ac-aa0d-4c9d-97f9-fe99252dc283,3166,I need a refund on my last order.,demand_refund,"Refund requests can be placed through Settings > Orders > Refund Order. Select your order, choose 'Request Refund', and submit your reason."
35f2f573-7853-4228-895f-a0a243594273,5559,Goodbye!,goodbye,Goodbye! I hope I was able to help you today.
b7c42f0f-1fec-4b92-885e-c7056bfb336a,6963,How do I file a complaint?,submit_complaint,"You can report a problem by going to Help Center > Complaints > File Issue. Fill in the complaint form, and our team will review it shortly."
390efed5-3573-4bbb-8329-5e020b77b7f5,3261,Is there a way to stop processing on my order?,cancel_order,"To cancel your order, please go to Settings > Orders > Cancel Order. After selecting the order, confirm the cancellation. If you face any issues, let me know."
298427c8-84b5-4b61-a408-4e8a024d6387,9718,Can I chat with someone from support?,talk_to_human,"Sure, let me transfer you to one of our human representatives right away."
07aca3d4-4982-4f7f-a16b-c30d9ebb2ddd,4145,"My payment is pending, what should I do?",payment_issue,"For payment issues, navigate to My Account > Billing > Payment Help. You will find tools to resolve failed or pending transactions."
92afa107-1206-4c71-93d8-b24f8c9006d8,6491,Where is my order in the process?,order_status,Head over to Profile > Orders > Check Status to see where your order is in the fulfillment process.
4bda3446-20be-4c97-a37f-2cbbe092d1ff,4574,Can you connect me to support staff?,talk_to_human,I’ll connect you with a support agent shortly. Please hold on.
f59332de-1a6a-4b82-8154-c5ac9736dae2,5642,How can I leave a review for my order?,review_order,"To review your order, head over to My Account > Reviews > Write Review. Select the order and leave your feedback."
b40f06fe-ab1d-459b-8270-8a9a8ebab02f,2275,I want to complain about a product.,submit_complaint,"You can report a problem by going to Settings > Support > Submit Complaint. Fill in the complaint form, and our team will review it shortly."
08746c3d-9ee4-47a1-a16b-cda9ec081bfa,8093,"Hi, I need some help.",greeting,Hello there! How can I assist you with your orders today?
2fe8a172-4965-48d9-af68-2a14897e2f85,6908,Who won the football game yesterday?,out_of_scope,"I’m sorry, but I can’t help with that request. Could you please rephrase or ask something else?"
774eebe5-94ee-443e-8d54-c4fcf4b090b6,6623,Hello!,greeting,Hello there! How can I assist you with your orders today?
282e9d0d-a766-493c-b6a2-57fe29118796,9956,Where do I write a review for my last order?,review_order,"You can add a review by navigating to My Account > Reviews > Write Review. Once there, you’ll be able to write and submit your review."
1f123b64-588b-45f5-a209-fcb552cbb652,9217,Can you show me tracking details for my order?,order_tracking,Tracking details are available under My Account > Shipping > Track Package. It will show you real-time updates about your package location.
b0a6c6eb-20f7-43c0-a733-508024e2593b,6867,What’s the weather like today?,out_of_scope,"I’m sorry, but I can’t help with that request. Could you please rephrase or ask something else?"
a9b08019-a4d3-40a5-aa52-e8dd9bf06c1a,5102,Please help me submit a problem report.,submit_complaint,"You can report a problem by going to Settings > Support > Submit Complaint. Fill in the complaint form, and our team will review it shortly."
27f9cc97-17e5-4fee-9554-37abb4950891,3450,There’s an issue I need to report.,submit_complaint,"To submit a complaint, please visit Help Center > Complaints > File Issue. Provide your order details and a description of the issue."
cae1a9c8-6034-45a5-b855-53d18b743434,4143,"My payment is pending, what should I do?",payment_issue,"For payment issues, navigate to My Account > Billing > Payment Help. You will find tools to resolve failed or pending transactions."
3579a453-3a4b-415b-bd03-a2925a15c081,7694,"Hi, I need some help.",greeting,Hi! Welcome back. What can I help you with?
ca323183-4fe2-44e5-9221-614c4f0e76f4,3121,My payment didn’t go through.,payment_issue,You can manage and fix your payment issues at My Account > Billing > Payment Help. Select the relevant transaction to proceed.
739ffa87-6eda-4839-bc92-3d41c72232b5,5695,What’s the weather like today?,out_of_scope,This seems outside my current support scope. Please check our help center for more information.
5db5209f-2a0e-403a-b699-cdf5da478b77,4998,There’s a billing issue with my purchase.,payment_issue,"For payment issues, navigate to My Account > Billing > Payment Help. You will find tools to resolve failed or pending transactions."
fa11cd84-600e-4ae9-9d69-7d1c0eca1d52,6915,Catch you later.,goodbye,Thank you for reaching out! Have a great day.
f2cbb14e-4652-42fe-8adb-44f58b6bb87d,8858,Where do I write a review for my last order?,review_order,"You can add a review by navigating to Orders > Select Order > Leave Review. Once there, you’ll be able to write and submit your review."
50554746-a824-4ced-9c74-4f1c5a46e3b7,2722,Catch you later.,goodbye,Thank you for reaching out! Have a great day.
92be125f-49f6-4904-a073-de6408bce25b,7816,What’s the current status of my order?,order_status,Head over to Profile > Orders > Check Status to see where your order is in the fulfillment process.
37773490-f0ae-4af4-a860-55fad292e065,8504,I want to complain about a product.,submit_complaint,"To submit a complaint, please visit Profile > Feedback > Report Problem. Provide your order details and a description of the issue."
8854b8f8-c872-43aa-afed-a088738809d2,1234,"My payment is pending, what should I do?",payment_issue,You can manage and fix your payment issues at Profile > Wallet > Payment Issues. Select the relevant transaction to proceed.
b70dd89f-4596-4061-bfc3-288195007e3c,5904,Tell me the progress of my recent order.,order_status,Head over to My Account > Purchases > Track Progress to see where your order is in the fulfillment process.
6d876c79-4fdc-49d9-bfc3-ffbcce3a735a,2587,How do I check if my order is confirmed?,order_status,Head over to My Account > Purchases > Track Progress to see where your order is in the fulfillment process.
368d5480-a346-44dc-923a-c774fea4cc97,9469,How do I request money back for my purchase?,demand_refund,"To get a refund, please visit Profile > Order History > Request Refund. Choose the respective order and complete the refund form."
c0c37ef0-4340-44cf-bd99-d99ac5324b72,5848,"Hey, how are you?",greeting,Hi! Welcome back. What can I help you with?
e7d7262c-6947-4542-9187-1b210f1feccc,1227,"Hey, how are you?",greeting,Hello there! How can I assist you with your orders today?
32824017-5c9a-4d46-83e4-feb0f84dd57e,1814,Please guide me to initiate a refund.,demand_refund,"Refund requests can be placed through My Account > Refunds > Initiate. Select your order, choose 'Request Refund', and submit your reason."
93db0d59-c6ad-4cde-97e7-c3ff10ce5c00,5891,Can I chat with someone from support?,talk_to_human,"Sure, let me transfer you to one of our human representatives right away."
1f2f7e16-556b-46dc-9cf7-61d0d914935e,5249,Where is my delivery right now?,order_tracking,"To track your shipment, please go to Purchases > Delivery > Tracking Info. Enter your tracking ID for more details."
1766b5c0-0f6e-4ae8-9dd6-2cb8270c3bda,1393,Please cancel my recent purchase.,cancel_order,"To cancel your order, please go to My Account > Purchases > Cancel. After selecting the order, confirm the cancellation. If you face any issues, let me know."
423f354a-ed42-4035-b482-5954fc054a60,6335,I want to cancel my last order.,cancel_order,"To cancel your order, please go to Settings > Orders > Cancel Order. After selecting the order, confirm the cancellation. If you face any issues, let me know."
ab8f3ae3-e73a-4371-8c54-9d158c5451ac,8339,What’s the weather like today?,out_of_scope,"I’m sorry, but I can’t help with that request. Could you please rephrase or ask something else?"
a1a9dfeb-d9c5-46ac-8f7f-5718964df5ac,3289,Why was my card declined?,payment_issue,You can manage and fix your payment issues at Settings > Payments > Resolve Issue. Select the relevant transaction to proceed.
8d497477-cf9c-407b-81af-a43472ac2a97,1902,Please guide me to initiate a refund.,demand_refund,"Refund requests can be placed through Profile > Order History > Request Refund. Select your order, choose 'Request Refund', and submit your reason."
50c850b9-92df-4a24-b26e-61dad2eca99a,2135,Can you connect me to support staff?,talk_to_human,I’ll connect you with a support agent shortly. Please hold on.
3ecc5c6e-8a36-48e6-a111-d802b83bc050,7112,"Hi, I need some help.",greeting,Hello there! How can I assist you with your orders today?
c49058fb-d24d-4735-aaec-0c60b098cec4,1938,Can I chat with someone from support?,talk_to_human,I’ll connect you with a support agent shortly. Please hold on.
4433d683-182e-437c-94d3-49506f5445e6,6687,Where is my delivery right now?,order_tracking,Tracking details are available under My Account > Shipping > Track Package. It will show you real-time updates about your package location.
4b0fcfe5-8591-4d99-aa4d-e5a550dfa063,2120,Catch you later.,goodbye,Thank you for reaching out! Have a great day.
e5fee770-7bf0-46f2-aeb9-056bf3100394,5017,Good morning!,greeting,Hi! Welcome back. What can I help you with?
8f5282e7-d005-453d-b281-f54ed326808f,5679,Where is my order in the process?,order_status,You can check your order status by going to My Account > Purchases > Track Progress. It will display the current progress of your order.
e64ebf9c-3217-4614-b157-c750657a2fc6,9092,Where is my order in the process?,order_status,Head over to Orders > Select Order > View Status to see where your order is in the fulfillment process.
e2b233e0-1f4d-45f8-ac4a-58bcdd7f7536,2993,Where is my delivery right now?,order_tracking,Tracking details are available under Orders > Track Shipment. It will show you real-time updates about your package location.
cdc4b521-26b8-41f6-a345-cf587af9e71e,1454,Please cancel my recent purchase.,cancel_order,You can cancel by navigating to My Account > Purchases > Cancel. Choose the order you wish to cancel and follow the prompts.
d7bcedcc-6e10-483c-8cac-2da44caf0cc6,9980,Can you help me undo an order I placed?,cancel_order,"To cancel your order, please go to Settings > Orders > Cancel Order. After selecting the order, confirm the cancellation. If you face any issues, let me know."
a658bb70-44f6-4fd4-87fa-093c762576b3,9777,Where is my delivery right now?,order_tracking,Tracking details are available under My Account > Shipping > Track Package. It will show you real-time updates about your package location.
5e3eaef1-1a16-4527-b2cc-6056354bbb18,4391,Why was my card declined?,payment_issue,"For payment issues, navigate to Settings > Payments > Resolve Issue. You will find tools to resolve failed or pending transactions."
252aa45d-f30f-4fff-b167-16440401a8d4,9912,Where do I go to cancel an order?,cancel_order,You can cancel by navigating to My Account > Purchases > Cancel. Choose the order you wish to cancel and follow the prompts.
265d3aa6-c72f-408c-8faa-08ed30b904ce,5926,Tell me a joke.,out_of_scope,This seems outside my current support scope. Please check our help center for more information.
ea83e81e-24ba-421c-b2d3-44204f87a010,1666,"My payment is pending, what should I do?",payment_issue,You can manage and fix your payment issues at Profile > Wallet > Payment Issues. Select the relevant transaction to proceed.
41638cfc-1530-4388-9c20-fb0ababf12fd,2374,I want to complain about a product.,submit_complaint,"To submit a complaint, please visit Profile > Feedback > Report Problem. Provide your order details and a description of the issue."
cd935df6-ec48-4e36-af87-54c7f89498d8,1599,How do I file a complaint?,submit_complaint,"You can report a problem by going to Settings > Support > Submit Complaint. Fill in the complaint form, and our team will review it shortly."
67d1bb17-6abe-40c6-a0f8-411e7a43c89c,7415,I need to speak to a human agent.,talk_to_human,"Sure, let me transfer you to one of our human representatives right away."
d494b8f8-b7c0-4c1f-ab46-e9e88ab46d4c,7427,I want to cancel my last order.,cancel_order,"To cancel your order, please go to Settings > Orders > Cancel Order. After selecting the order, confirm the cancellation. If you face any issues, let me know."
a9f2c19a-0d00-4fb4-b9d9-22dce20fd8d2,9806,"Thanks, bye!",goodbye,Thank you for reaching out! Have a great day.
4db8e7e0-0f92-4294-8fe8-78ce125b4636,6799,Where do I write a review for my last order?,review_order,"To review your order, head over to My Account > Reviews > Write Review. Select the order and leave your feedback."
55c2c14b-244c-4211-b9a4-3067473cc270,5288,Can you tell me the refund steps?,demand_refund,"To get a refund, please visit Settings > Orders > Refund Order. Choose the respective order and complete the refund form."
52f42a52-a0aa-47d7-8d39-8fdbb5781b76,6208,How do I file a complaint?,submit_complaint,"To submit a complaint, please visit Settings > Support > Submit Complaint. Provide your order details and a description of the issue."
38a01cf8-6682-4f5b-a08f-aa109458122b,3445,Where do I write a review for my last order?,review_order,"You can add a review by navigating to Purchases > Feedback > Review Order. Once there, you’ll be able to write and submit your review."
cecce72f-e4e4-452e-b883-821a536a8ed0,3478,"Thanks, bye!",goodbye,Thank you for reaching out! Have a great day.
46a0860c-620a-46ee-802a-5a6ad4ba67c6,3866,Can you tell me the refund steps?,demand_refund,"To get a refund, please visit Settings > Orders > Refund Order. Choose the respective order and complete the refund form."
f6601889-2f23-4aac-81a5-277d48d82125,8312,What’s 2+2?,out_of_scope,This seems outside my current support scope. Please check our help center for more information.
00852ae8-b623-4177-912b-4f95da08cb96,5362,Where is my order in the process?,order_status,You can check your order status by going to Profile > Orders > Check Status. It will display the current progress of your order.
e2c128a6-8bec-4076-8a87-c2ab1bddfd86,7074,What’s the weather like today?,out_of_scope,This seems outside my current support scope. Please check our help center for more information.
4c363af1-18a5-43c1-a189-d7b9d2481234,1850,Can you connect me to support staff?,talk_to_human,"Sure, let me transfer you to one of our human representatives right away."
ea8a0d2a-c36c-4d68-81ca-4fdbb4409d06,3001,Please help me submit a problem report.,submit_complaint,"To submit a complaint, please visit Settings > Support > Submit Complaint. Provide your order details and a description of the issue."
03d2fd40-f4ab-4866-b095-8d5bdf2de0f8,2259,Can you help me undo an order I placed?,cancel_order,"To cancel your order, please go to Profile > Order History > Cancel Order. After selecting the order, confirm the cancellation. If you face any issues, let me know."
a06612a0-6254-4f49-8e9f-46c9741234f7,5535,I want to cancel my last order.,cancel_order,You can cancel by navigating to Settings > Orders > Cancel Order. Choose the order you wish to cancel and follow the prompts.
5148f370-ac7e-4e13-aade-a6213cd1b243,4373,"Hey, how are you?",greeting,Hello there! How can I assist you with your orders today?
b89317ba-39d0-4ec9-9c98-4fd5f96dc2d2,6774,Tell me the progress of my recent order.,order_status,Head over to Orders > Select Order > View Status to see where your order is in the fulfillment process.
26d824ac-83c0-4e69-9f3b-b699bdafb9d9,6654,What’s the weather like today?,out_of_scope,This seems outside my current support scope. Please check our help center for more information.
079832fb-be67-432a-8b74-6edf449c1a9f,1841,Please help me submit a problem report.,submit_complaint,"You can report a problem by going to Settings > Support > Submit Complaint. Fill in the complaint form, and our team will review it shortly."
816430ba-21ec-412b-a9a3-20de17ba5a68,1757,Can you tell me the refund steps?,demand_refund,"Refund requests can be placed through My Account > Refunds > Initiate. Select your order, choose 'Request Refund', and submit your reason."
1b9c2401-9c65-4452-9866-ce2725dc92ea,5478,How do I check if my order is confirmed?,order_status,You can check your order status by going to Orders > Select Order > View Status. It will display the current progress of your order.
f71ad152-584b-4320-8771-966a098c9124,3713,Can you tell me the refund steps?,demand_refund,"To get a refund, please visit Settings > Orders > Refund Order. Choose the respective order and complete the refund form."
7bdab478-3fa9-492c-ae30-b785a0099118,3321,Goodbye!,goodbye,Thank you for reaching out! Have a great day.
fe90f2e7-ec5c-4eaa-8076-8f9f4ac93543,7790,How can I leave a review for my order?,review_order,"You can add a review by navigating to Orders > Select Order > Leave Review. Once there, you’ll be able to write and submit your review."
3e021426-b73e-4b9c-b702-effb01fa47f1,6930,Please provide shipment tracking updates.,order_tracking,Tracking details are available under Purchases > Delivery > Tracking Info. It will show you real-time updates about your package location.
e06bb7ea-156d-4427-95cc-4d0889005fa3,7457,Please cancel my recent purchase.,cancel_order,"To cancel your order, please go to My Account > Purchases > Cancel. After selecting the order, confirm the cancellation. If you face any issues, let me know."
cfee6db9-d4be-4f07-b1ee-0fad4df85477,8975,Can you help me undo an order I placed?,cancel_order,You can cancel by navigating to Settings > Orders > Cancel Order. Choose the order you wish to cancel and follow the prompts.
6f6ba36e-10df-4b3c-8eba-16f1a87b5dff,8129,Help me post a review for my completed purchase.,review_order,"To review your order, head over to My Account > Reviews > Write Review. Select the order and leave your feedback."
65a11637-4b84-4cae-a076-930461d1eb5f,6163,Catch you later.,goodbye,Goodbye! I hope I was able to help you today.
1ee72827-49c5-454f-873d-130064a92059,7995,Track my shipment please.,order_tracking,"To track your shipment, please go to Orders > Track Shipment. Enter your tracking ID for more details."
4ccbdfd4-3696-473e-89d8-24546b3b0603,9828,Help me post a review for my completed purchase.,review_order,"You can add a review by navigating to Purchases > Feedback > Review Order. Once there, you’ll be able to write and submit your review."
2214de20-91e5-43ac-86b8-149a0208d0c3,2837,Hello!,greeting,Hi! Welcome back. What can I help you with?
33d7d82a-8568-4ca4-be6e-22007a020ef0,4408,Catch you later.,goodbye,Goodbye! I hope I was able to help you today.
dceee7a1-60ca-40d9-b6d4-e439841fb124,1459,What’s the weather like today?,out_of_scope,This seems outside my current support scope. Please check our help center for more information.
ac72374f-161e-4a17-baee-659e161059f4,9367,Who won the football game yesterday?,out_of_scope,This seems outside my current support scope. Please check our help center for more information.
bb48ac58-ce46-4e0a-a16e-6ad8f88d49f0,6732,"Hey, how are you?",greeting,Hello there! How can I assist you with your orders today?
9c477aa8-3cfa-4aff-9a90-5f06007b1ef6,9163,How can I leave a review for my order?,review_order,"To review your order, head over to My Account > Reviews > Write Review. Select the order and leave your feedback."
87bc13ca-4d86-43c4-8a0a-374801a51d9b,4628,What’s the current status of my order?,order_status,You can check your order status by going to Orders > Select Order > View Status. It will display the current progress of your order.
6381d4da-f6fd-4906-8e67-648dedeb0364,7544,Can I chat with someone from support?,talk_to_human,I’ll connect you with a support agent shortly. Please hold on.
ef86f4b4-53f7-46e2-ad9d-574919b76a9a,6779,I need to speak to a human agent.,talk_to_human,I’ll connect you with a support agent shortly. Please hold on.
bd45f151-ec12-4517-8b5a-a7c7775d9464,5008,Catch you later.,goodbye,Goodbye! I hope I was able to help you today.
d8f72329-aa48-45ab-9583-54ea7e1f8a3a,1656,Please cancel my recent purchase.,cancel_order,"To cancel your order, please go to My Account > Purchases > Cancel. After selecting the order, confirm the cancellation. If you face any issues, let me know."
a2474b35-85c9-4405-96ae-d42ed3157ad8,3306,Where do I go to raise a complaint?,submit_complaint,"You can report a problem by going to Settings > Support > Submit Complaint. Fill in the complaint form, and our team will review it shortly."
36323914-dff3-4a89-a0db-5804dbd1ffc6,5197,Can I rate the product I bought?,review_order,"To review your order, head over to My Account > Reviews > Write Review. Select the order and leave your feedback."
7ca5fbb1-8e33-4fc5-bb0c-632143b0250d,3887,"Hi, I need some help.",greeting,Hi! Welcome back. What can I help you with?
71f20617-2414-4cee-817d-2038126f6d1b,4243,I need a refund on my last order.,demand_refund,"Refund requests can be placed through Settings > Orders > Refund Order. Select your order, choose 'Request Refund', and submit your reason."
3156033b-603b-44e2-81b4-9250bbb2864e,2715,Where is my order in the process?,order_status,You can check your order status by going to My Account > Purchases > Track Progress. It will display the current progress of your order.
83f51320-1dd8-42c1-adb7-71eb0dd0f547,5484,Can you show me tracking details for my order?,order_tracking,"To track your shipment, please go to Orders > Track Shipment. Enter your tracking ID for more details."
997a052f-f36a-48de-8e76-92e5ebfff2b2,2246,There’s a billing issue with my purchase.,payment_issue,You can manage and fix your payment issues at Settings > Payments > Resolve Issue. Select the relevant transaction to proceed.
593be89e-412f-484c-a940-e97c29a89702,6906,"Hey, how are you?",greeting,Hello there! How can I assist you with your orders today?
34a91e7d-256d-4b70-8209-76b16077673b,3281,What’s the weather like today?,out_of_scope,This seems outside my current support scope. Please check our help center for more information.
eabcba10-b7d9-4c0e-9b24-455d34f726ec,1013,What’s 2+2?,out_of_scope,This seems outside my current support scope. Please check our help center for more information.
02bd5254-a5bb-4462-8965-b2c8f62bc860,8934,Where do I go to cancel an order?,cancel_order,You can cancel by navigating to My Account > Purchases > Cancel. Choose the order you wish to cancel and follow the prompts.
2d59e191-9710-4fe4-9863-878af6f8a9bd,4724,Can you tell me the refund steps?,demand_refund,"To get a refund, please visit Profile > Order History > Request Refund. Choose the respective order and complete the refund form."
c994a9a4-2125-4e02-ab14-3a3f463f15fa,9149,"Thanks, bye!",goodbye,Thank you for reaching out! Have a great day.
5c4dc01d-3e46-42e3-be79-100508e9651f,8345,Where is my delivery right now?,order_tracking,"To track your shipment, please go to Orders > Track Shipment. Enter your tracking ID for more details."
34ebcb1d-fd6d-44fb-8239-9785563a9449,4377,Help me post a review for my completed purchase.,review_order,"To review your order, head over to Orders > Select Order > Leave Review. Select the order and leave your feedback."
4859ef81-3953-4e65-920b-a2f0eba24e75,7469,I need help with a failed transaction.,payment_issue,You can manage and fix your payment issues at Profile > Wallet > Payment Issues. Select the relevant transaction to proceed.
40c4beaf-11c3-4900-bd60-f84d9ad1ef29,3628,I want to cancel my last order.,cancel_order,"To cancel your order, please go to Settings > Orders > Cancel Order. After selecting the order, confirm the cancellation. If you face any issues, let me know."
f4d22f04-e96a-479d-bad9-8471ea067011,3740,Help me post a review for my completed purchase.,review_order,"To review your order, head over to Purchases > Feedback > Review Order. Select the order and leave your feedback."
72e7fb59-4866-4165-a4d5-145140531c91,8314,"Hey, how are you?",greeting,Hello there! How can I assist you with your orders today?
dbe24e52-1cec-4894-8fef-f89f3953e591,9680,Who won the football game yesterday?,out_of_scope,This seems outside my current support scope. Please check our help center for more information.
14c4e9d8-670e-4e04-b37b-9c3128ff2373,5710,Goodbye!,goodbye,Thank you for reaching out! Have a great day.
bca6f4e6-aa84-4b37-8c8c-3102c31cf02f,7141,What’s the current status of my order?,order_status,You can check your order status by going to Profile > Orders > Check Status. It will display the current progress of your order.
85a6add1-67a0-4606-b1a5-005c1a526e92,2503,I need the courier information for my order.,order_tracking,Tracking details are available under Purchases > Delivery > Tracking Info. It will show you real-time updates about your package location.
cdec393d-3583-4391-8a74-60a5fdc11e16,1923,I want to talk to a real person.,talk_to_human,I’ll connect you with a support agent shortly. Please hold on.
ac491e20-85c1-4709-adc1-bb6b145793e7,3361,Can I chat with someone from support?,talk_to_human,"Sure, let me transfer you to one of our human representatives right away."
0204fd79-9855-45d8-adff-4998176f9afa,3012,Can I rate the product I bought?,review_order,"To review your order, head over to Orders > Select Order > Leave Review. Select the order and leave your feedback."
d735bdc3-29db-4fc3-9205-d0a1af02990d,3908,My payment didn’t go through.,payment_issue,You can manage and fix your payment issues at Profile > Wallet > Payment Issues. Select the relevant transaction to proceed.
1cd4096d-ede6-44ab-bbdf-30834039f342,1018,See you next time.,goodbye,Thank you for reaching out! Have a great day.
7dbb192f-de26-451e-a499-b82bc63f0e8c,9910,I want to share feedback about my purchase.,review_order,"You can add a review by navigating to Orders > Select Order > Leave Review. Once there, you’ll be able to write and submit your review."
5bd87ad0-d030-445d-9590-ede9e23eb6ca,5594,What’s 2+2?,out_of_scope,"I’m sorry, but I can’t help with that request. Could you please rephrase or ask something else?"
08af1079-fbcf-4de7-ab89-1fde83c00ccc,9740,There’s an issue I need to report.,submit_complaint,"To submit a complaint, please visit Profile > Feedback > Report Problem. Provide your order details and a description of the issue."
57637d95-f20e-4faa-ac52-65ebdc6672e2,5908,How do I file a complaint?,submit_complaint,"You can report a problem by going to Settings > Support > Submit Complaint. Fill in the complaint form, and our team will review it shortly."
952865af-980b-4255-8efe-7d24611fb5eb,6124,Can I chat with someone from support?,talk_to_human,"Sure, let me transfer you to one of our human representatives right away."
e16e8c19-3d62-4b0b-b0df-c9f44bff12d3,8705,Track my shipment please.,order_tracking,"To track your shipment, please go to Orders > Track Shipment. Enter your tracking ID for more details."
10ebba71-7896-47f8-9d11-b792218dc979,8839,"Thanks, bye!",goodbye,Goodbye! I hope I was able to help you today.
2c7f8517-a529-4c15-96d9-bfc16ee03ac3,1141,Please guide me to initiate a refund.,demand_refund,"Refund requests can be placed through Profile > Order History > Request Refund. Select your order, choose 'Request Refund', and submit your reason."
f33438dc-5f5b-4260-b596-c8b81fa5b31e,9598,Goodbye!,goodbye,Goodbye! I hope I was able to help you today.
5487d0f9-49d7-4abd-acea-3c84eeb9d939,6640,"I’m done, thanks.",goodbye,Thank you for reaching out! Have a great day.
b41f201c-3721-4b11-b3a9-79fcc68a0c91,8338,I need the courier information for my order.,order_tracking,Tracking details are available under Orders > Track Shipment. It will show you real-time updates about your package location.
b36d6d1d-5fed-47ff-96f7-dab2ca9309ac,3563,There’s a billing issue with my purchase.,payment_issue,You can manage and fix your payment issues at Profile > Wallet > Payment Issues. Select the relevant transaction to proceed.
cfd1b350-dd82-48b1-9aa6-3ee8a28189c8,8426,Hello!,greeting,Hello there! How can I assist you with your orders today?
38df0b09-5336-462e-b941-47a7aa63b443,9892,Hi there!,greeting,Hello there! How can I assist you with your orders today?
defb88c7-daf0-449a-9e29-8e0aaf816e46,9045,"Hi, I need some help.",greeting,Hi! Welcome back. What can I help you with?
736aaf80-ef9e-413c-ae2e-55935c471333,2257,Can you write me an essay?,out_of_scope,"I’m sorry, but I can’t help with that request. Could you please rephrase or ask something else?"
cba48737-f620-46ec-97f8-35027fb9d5c6,7522,I want to talk to a real person.,talk_to_human,I’ll connect you with a support agent shortly. Please hold on.
4498e95d-7399-4833-8181-3d7053aab7ca,2879,Has my order been shipped yet?,order_status,You can check your order status by going to Orders > Select Order > View Status. It will display the current progress of your order.
96e4ce2b-50aa-4b61-8da6-4860a2733a2a,9686,Help me post a review for my completed purchase.,review_order,"You can add a review by navigating to My Account > Reviews > Write Review. Once there, you’ll be able to write and submit your review."
642c6435-ac6a-45df-94e1-01bc2166181f,3740,How do I request money back for my purchase?,demand_refund,"Refund requests can be placed through Settings > Orders > Refund Order. Select your order, choose 'Request Refund', and submit your reason."
0f170bdf-fd75-4c42-82aa-87bdaca7d2c3,3204,I need a refund on my last order.,demand_refund,"Refund requests can be placed through Profile > Order History > Request Refund. Select your order, choose 'Request Refund', and submit your reason."
baa8939b-13b5-4baa-a302-2264696f18d2,8649,Goodbye!,goodbye,Goodbye! I hope I was able to help you today.
c9656263-c258-492e-b46e-ac66daf1dde5,7797,Please help me submit a problem report.,submit_complaint,"To submit a complaint, please visit Help Center > Complaints > File Issue. Provide your order details and a description of the issue."
ee562973-d447-4b43-bc1b-c183f3fbbbeb,5679,My payment didn’t go through.,payment_issue,You can manage and fix your payment issues at Settings > Payments > Resolve Issue. Select the relevant transaction to proceed.
1d7b83db-e9d5-48f7-bd24-1e9c367fc2ed,6188,Hello!,greeting,Hi! Welcome back. What can I help you with?
804f2834-b23a-4b4f-bbb6-ae935def1e98,6740,I need help with a failed transaction.,payment_issue,You can manage and fix your payment issues at Settings > Payments > Resolve Issue. Select the relevant transaction to proceed.
62159b24-401b-4e69-a9be-5f6737bb3d41,2340,There’s an issue I need to report.,submit_complaint,"You can report a problem by going to Profile > Feedback > Report Problem. Fill in the complaint form, and our team will review it shortly."
5cfb3eb8-c41b-450b-98f5-80982541fece,5909,I need the courier information for my order.,order_tracking,Tracking details are available under My Account > Shipping > Track Package. It will show you real-time updates about your package location.
c632ae93-9a92-4ee1-adae-a2ff4ee9ecef,2007,Where do I go to raise a complaint?,submit_complaint,"To submit a complaint, please visit Help Center > Complaints > File Issue. Provide your order details and a description of the issue."
4768daa0-db10-4258-a5bd-fa387c974e98,2721,What’s the weather like today?,out_of_scope,This seems outside my current support scope. Please check our help center for more information.
ef482669-dade-4bbc-9b6c-79c5f3e48c09,7204,Can you show me tracking details for my order?,order_tracking,"To track your shipment, please go to My Account > Shipping > Track Package. Enter your tracking ID for more details."
ac777fc5-50f6-4647-a219-9a0140205fe2,9319,Can you connect me to support staff?,talk_to_human,"Sure, let me transfer you to one of our human representatives right away."
de590a4d-e110-497d-aa18-3ec9c74b3d4c,5608,"Hi, I need some help.",greeting,Hello there! How can I assist you with your orders today?
a5a56fe4-f9f8-4f9f-a0d4-f7a08b84a817,9780,How can I leave a review for my order?,review_order,"You can add a review by navigating to My Account > Reviews > Write Review. Once there, you’ll be able to write and submit your review."
353e4bdd-df69-421f-a1b0-c8f96629fa88,7409,Where can I request a refund?,demand_refund,"To get a refund, please visit My Account > Refunds > Initiate. Choose the respective order and complete the refund form."
a738411d-5a77-4ae4-b848-ef2047314618,6503,I need help with a failed transaction.,payment_issue,"For payment issues, navigate to Settings > Payments > Resolve Issue. You will find tools to resolve failed or pending transactions."
73d536fe-2388-4eb0-b3c3-4d1a21dfd2f7,3960,Tell me a joke.,out_of_scope,This seems outside my current support scope. Please check our help center for more information.
f6437da4-502d-4b6f-a66d-f8e8a9c9fbf3,1623,Please cancel my recent purchase.,cancel_order,You can cancel by navigating to Settings > Orders > Cancel Order. Choose the order you wish to cancel and follow the prompts.
923d4c74-0ba8-4056-8f79-b1b9dfb65612,2301,Please provide shipment tracking updates.,order_tracking,Tracking details are available under Purchases > Delivery > Tracking Info. It will show you real-time updates about your package location.
cff48dd6-6ccb-4596-95dc-51a82c82dcc4,6508,"Hey, how are you?",greeting,Hi! Welcome back. What can I help you with?
63500048-fc94-4a8e-b70c-e82ecd7dbb53,6004,"Hey, how are you?",greeting,Hi! Welcome back. What can I help you with?
79a49048-d807-40b2-869d-d42c419f0a00,5387,Please help me submit a problem report.,submit_complaint,"To submit a complaint, please visit Profile > Feedback > Report Problem. Provide your order details and a description of the issue."
c7d654f5-cbc4-44e6-b7b9-6335de55d588,2194,Has my order been shipped yet?,order_status,Head over to Profile > Orders > Check Status to see where your order is in the fulfillment process.
4453f0d8-027b-4a47-9b37-b26e3d3d44fa,8906,"My payment is pending, what should I do?",payment_issue,You can manage and fix your payment issues at Settings > Payments > Resolve Issue. Select the relevant transaction to proceed.
3b86ab00-bd0d-4677-8bfc-d48c516e972a,4207,"Hey, how are you?",greeting,Hi! Welcome back. What can I help you with?
77be42ce-0cbe-4e3c-bc0b-6585e933a5ae,9848,Is there a way to stop processing on my order?,cancel_order,You can cancel by navigating to My Account > Purchases > Cancel. Choose the order you wish to cancel and follow the prompts.
43acbb00-9516-4029-aea4-7c712f684737,7739,Good morning!,greeting,Hello there! How can I assist you with your orders today?
b15b01fd-f58b-4ce0-a115-564f326c342a,4124,I want to cancel my last order.,cancel_order,"To cancel your order, please go to Profile > Order History > Cancel Order. After selecting the order, confirm the cancellation. If you face any issues, let me know."
832eb4ff-55c5-4e58-86cf-90737ad9a94e,5717,Has my order been shipped yet?,order_status,You can check your order status by going to My Account > Purchases > Track Progress. It will display the current progress of your order.
49344d7f-9a72-4431-883e-0a09491958ee,5114,"Thanks, bye!",goodbye,Thank you for reaching out! Have a great day.
6a6b7094-f1f7-415d-b6e2-0a5d47efdb9f,6258,Has my order been shipped yet?,order_status,Head over to My Account > Purchases > Track Progress to see where your order is in the fulfillment process.
9f0bcd66-83a3-4fcf-9551-a2034363b154,4606,Where is my order in the process?,order_status,You can check your order status by going to Orders > Select Order > View Status. It will display the current progress of your order.
6f5f2912-959e-44c7-8008-981f723a5c78,7729,Tell me the progress of my recent order.,order_status,Head over to My Account > Purchases > Track Progress to see where your order is in the fulfillment process.
7e05615d-89f5-46d9-9d15-11d6bf1d8388,5615,Where do I go to raise a complaint?,submit_complaint,"To submit a complaint, please visit Help Center > Complaints > File Issue. Provide your order details and a description of the issue."
f4bad59f-5f0c-41e2-b2ed-589087521d6a,6224,Who won the football game yesterday?,out_of_scope,This seems outside my current support scope. Please check our help center for more information.
4c2ed42c-b938-4795-9e72-87586b684b66,7575,There’s an issue I need to report.,submit_complaint,"To submit a complaint, please visit Profile > Feedback > Report Problem. Provide your order details and a description of the issue."
f5450f29-28f4-452e-9982-9aafe64d8774,7221,Is there a way to stop processing on my order?,cancel_order,"To cancel your order, please go to Profile > Order History > Cancel Order. After selecting the order, confirm the cancellation. If you face any issues, let me know."
fecaf364-3bb2-468f-82c5-a8c383ec236c,9446,Can you show me tracking details for my order?,order_tracking,"To track your shipment, please go to My Account > Shipping > Track Package. Enter your tracking ID for more details."
6ac14510-68d9-4b80-8feb-df8e45ad4e25,6274,What’s the current status of my order?,order_status,You can check your order status by going to Profile > Orders > Check Status. It will display the current progress of your order.
81fc5e1b-4bcf-4f4b-8d82-1b1a62609cc7,8163,How do I request money back for my purchase?,demand_refund,"To get a refund, please visit My Account > Refunds > Initiate. Choose the respective order and complete the refund form."
35fc9a77-596d-4856-9335-b6575c558548,8257,How do I request money back for my purchase?,demand_refund,"To get a refund, please visit Profile > Order History > Request Refund. Choose the respective order and complete the refund form."
87fa441c-3b77-4f01-b9a0-4b653a26aa56,4515,Can you write me an essay?,out_of_scope,This seems outside my current support scope. Please check our help center for more information.
ad77ddb0-b8dd-4627-b4b6-21f4301d61e6,4358,Please cancel my recent purchase.,cancel_order,You can cancel by navigating to Profile > Order History > Cancel Order. Choose the order you wish to cancel and follow the prompts.
fe9c0dbc-fff8-42a8-9d9e-4a7689775e54,6131,Goodbye!,goodbye,Thank you for reaching out! Have a great day.
6e3f0910-32aa-47fb-868f-05e3e2e097f1,1898,How can I leave a review for my order?,review_order,"To review your order, head over to My Account > Reviews > Write Review. Select the order and leave your feedback."
4b0fa4de-e0eb-4420-a567-3e5f652f2bac,8827,Can you show me tracking details for my order?,order_tracking,"To track your shipment, please go to Purchases > Delivery > Tracking Info. Enter your tracking ID for more details."
c5fdaeb1-5fd5-40ff-b550-5a35b73844e3,7303,Can I rate the product I bought?,review_order,"You can add a review by navigating to My Account > Reviews > Write Review. Once there, you’ll be able to write and submit your review."
3b01edf5-48f5-48c2-844d-3b9cc9152801,5635,"Hi, I need some help.",greeting,Hello there! How can I assist you with your orders today?
221f27fd-a4bb-43c7-8bdf-78d85367dbf8,3837,Can you tell me the refund steps?,demand_refund,"Refund requests can be placed through Settings > Orders > Refund Order. Select your order, choose 'Request Refund', and submit your reason."
03ef299b-75a9-478e-a011-c09f14a6c4d6,9446,How do I request money back for my purchase?,demand_refund,"To get a refund, please visit My Account > Refunds > Initiate. Choose the respective order and complete the refund form."
07bc5e56-3cc2-420b-840c-0d6e70f1d047,9188,Help me post a review for my completed purchase.,review_order,"You can add a review by navigating to My Account > Reviews > Write Review. Once there, you’ll be able to write and submit your review."
d89d86fb-1cff-4df2-b61a-4c6c559b6964,5896,I want to share feedback about my purchase.,review_order,"You can add a review by navigating to My Account > Reviews > Write Review. Once there, you’ll be able to write and submit your review."
04964a94-93a1-4b4e-a232-a01a527d0b26,1802,How do I check if my order is confirmed?,order_status,Head over to My Account > Purchases > Track Progress to see where your order is in the fulfillment process.
16331415-9fc2-4ec4-bb35-2aefd9751539,8724,Has my order been shipped yet?,order_status,Head over to Orders > Select Order > View Status to see where your order is in the fulfillment process.
57218ee1-4a96-44d6-9a21-fff3113df1f4,7431,"I’m done, thanks.",goodbye,Thank you for reaching out! Have a great day.
8637855f-984c-42a6-8465-8dc5fdb52fc2,1099,I want to share feedback about my purchase.,review_order,"To review your order, head over to Purchases > Feedback > Review Order. Select the order and leave your feedback."
0648c210-f62f-456d-a197-2afb1ddca8fb,7097,How do I file a complaint?,submit_complaint,"You can report a problem by going to Profile > Feedback > Report Problem. Fill in the complaint form, and our team will review it shortly."
d812a643-4756-4a9f-bdfd-2aa15873ecf6,5602,Catch you later.,goodbye,Goodbye! I hope I was able to help you today.
eeb86f9c-ab85-4a92-b187-946bdf31f0c0,3127,Can I chat with someone from support?,talk_to_human,"Sure, let me transfer you to one of our human representatives right away."
d761bb5b-1198-4d45-a52d-3054fd9408d9,7429,There’s a billing issue with my purchase.,payment_issue,You can manage and fix your payment issues at Profile > Wallet > Payment Issues. Select the relevant transaction to proceed.
adb4723f-27af-4e2f-a199-299fb8021a44,5177,I want to complain about a product.,submit_complaint,"To submit a complaint, please visit Settings > Support > Submit Complaint. Provide your order details and a description of the issue."
d7c52553-161e-478e-9c73-9d93709f4228,4431,Has my order been shipped yet?,order_status,Head over to My Account > Purchases > Track Progress to see where your order is in the fulfillment process.
da69df36-ea3c-47db-b0b4-0efe416ad937,4692,"I’m done, thanks.",goodbye,Goodbye! I hope I was able to help you today.
9c2d12ab-2051-4fdd-854d-71f188fdcfc2,3988,Where do I go to raise a complaint?,submit_complaint,"To submit a complaint, please visit Help Center > Complaints > File Issue. Provide your order details and a description of the issue."
2b434467-b1f2-42f1-9e84-73fe6e80e85a,7527,Can I chat with someone from support?,talk_to_human,I’ll connect you with a support agent shortly. Please hold on.
c00e754c-c1c5-455f-b062-be714e17814e,7702,Good morning!,greeting,Hello there! How can I assist you with your orders today?
9dadb944-083a-4fdb-8235-ff5383f1f109,6743,"Thanks, bye!",goodbye,Thank you for reaching out! Have a great day.
4b1b225c-1867-4a22-b957-09128a83087d,2902,How do I file a complaint?,submit_complaint,"To submit a complaint, please visit Settings > Support > Submit Complaint. Provide your order details and a description of the issue."
e6f32e33-6807-4c74-9bc3-8a647cae4319,2558,Catch you later.,goodbye,Goodbye! I hope I was able to help you today.
c52c3283-79ec-4551-ab2e-b001f58983dd,4651,What’s the weather like today?,out_of_scope,"I’m sorry, but I can’t help with that request. Could you please rephrase or ask something else?"
c305e105-776e-4cd2-b828-1644ecbad657,2716,"Thanks, bye!",goodbye,Thank you for reaching out! Have a great day.
ba9a8d10-9d31-446e-a2ea-2585416a8b7a,1944,Please transfer me to a representative.,talk_to_human,I’ll connect you with a support agent shortly. Please hold on.
a800e032-8fc3-4cd5-80be-c8203758b714,3360,Please cancel my recent purchase.,cancel_order,You can cancel by navigating to Settings > Orders > Cancel Order. Choose the order you wish to cancel and follow the prompts.
1d6d3f23-a6eb-4150-9fd8-31e3450218c7,8931,How do I check if my order is confirmed?,order_status,Head over to Profile > Orders > Check Status to see where your order is in the fulfillment process.
9241a762-4efc-4e86-86b8-40dbd5b709ba,8487,My payment didn’t go through.,payment_issue,"For payment issues, navigate to Settings > Payments > Resolve Issue. You will find tools to resolve failed or pending transactions."
d519c831-dc8b-4fdd-bae3-57018d949519,4808,Can I chat with someone from support?,talk_to_human,I’ll connect you with a support agent shortly. Please hold on.
36f41bce-e76f-4589-9a3f-532f959e1c6a,3211,Please provide shipment tracking updates.,order_tracking,"To track your shipment, please go to Orders > Track Shipment. Enter your tracking ID for more details."
0f417c63-135f-42b0-9d69-86cebde8551c,6410,My payment didn’t go through.,payment_issue,You can manage and fix your payment issues at Settings > Payments > Resolve Issue. Select the relevant transaction to proceed.
203125dc-af6d-47a0-b850-db96a25c46b9,1874,Where is my delivery right now?,order_tracking,Tracking details are available under Purchases > Delivery > Tracking Info. It will show you real-time updates about your package location.
2679cc4d-a3c4-48e1-9fde-01579f31da7a,2145,Why was my card declined?,payment_issue,You can manage and fix your payment issues at My Account > Billing > Payment Help. Select the relevant transaction to proceed.
aadb5c01-9fb5-4879-8941-1dba9b2662b4,7395,Please help me submit a problem report.,submit_complaint,"You can report a problem by going to Help Center > Complaints > File Issue. Fill in the complaint form, and our team will review it shortly."
ac89b677-c0ab-4347-96af-3c2029c23516,1287,"My payment is pending, what should I do?",payment_issue,"For payment issues, navigate to Settings > Payments > Resolve Issue. You will find tools to resolve failed or pending transactions."
e53eb37f-acdc-4746-9eff-aff8902dde31,3221,Why was my card declined?,payment_issue,"For payment issues, navigate to Settings > Payments > Resolve Issue. You will find tools to resolve failed or pending transactions."
d0e7aebe-35f0-41fa-88ab-1663b74944a0,6440,Tell me the progress of my recent order.,order_status,Head over to Profile > Orders > Check Status to see where your order is in the fulfillment process.
4664581b-5a12-45f8-8b13-11bfa301828f,2443,Why was my card declined?,payment_issue,"For payment issues, navigate to Profile > Wallet > Payment Issues. You will find tools to resolve failed or pending transactions."
67a24c09-2712-47c9-9d0b-5d8dc42a14e9,9563,Where do I go to cancel an order?,cancel_order,"To cancel your order, please go to My Account > Purchases > Cancel. After selecting the order, confirm the cancellation. If you face any issues, let me know."
5695f546-db71-438b-8b8b-e35b1df4b52c,9568,I need a refund on my last order.,demand_refund,"To get a refund, please visit Profile > Order History > Request Refund. Choose the respective order and complete the refund form."
d334d55b-ae7d-4a90-aac3-6bc032598ba8,2511,Please transfer me to a representative.,talk_to_human,I’ll connect you with a support agent shortly. Please hold on.
9e58bac5-4dc2-4d8d-a10e-f14ccf01473e,4198,Tell me a joke.,out_of_scope,"I’m sorry, but I can’t help with that request. Could you please rephrase or ask something else?"
5e78b289-6729-4144-b90c-e6b3ec99925b,5294,Can I chat with someone from support?,talk_to_human,I’ll connect you with a support agent shortly. Please hold on.
a054dc53-6b9c-4df4-9105-9795b72ff304,1787,How do I file a complaint?,submit_complaint,"To submit a complaint, please visit Settings > Support > Submit Complaint. Provide your order details and a description of the issue."
d9ad3abe-9164-4926-84e2-3e8e00acac0a,3511,Tell me a joke.,out_of_scope,"I’m sorry, but I can’t help with that request. Could you please rephrase or ask something else?"
bf296dc5-35fb-4662-a64c-0dbbbc507989,9019,Where do I go to cancel an order?,cancel_order,"To cancel your order, please go to Profile > Order History > Cancel Order. After selecting the order, confirm the cancellation. If you face any issues, let me know."
e8022305-9885-4cb0-bdfc-adcd6d3fbae6,7522,Hi there!,greeting,Hi! Welcome back. What can I help you with?
d0b8952c-969d-43f0-8d8e-520354373d81,9290,Where do I write a review for my last order?,review_order,"To review your order, head over to Orders > Select Order > Leave Review. Select the order and leave your feedback."
ab9d0176-3c13-4bcc-bfe5-f44377197297,7215,Tell me the progress of my recent order.,order_status,Head over to My Account > Purchases > Track Progress to see where your order is in the fulfillment process.
44820ce8-5c9d-4c06-98a6-0f1c2e41d3b1,8667,Is there a way to stop processing on my order?,cancel_order,"To cancel your order, please go to Settings > Orders > Cancel Order. After selecting the order, confirm the cancellation. If you face any issues, let me know."
d8955178-c53a-4a79-94c0-cf0a5af36456,8227,I want to share feedback about my purchase.,review_order,"You can add a review by navigating to Orders > Select Order > Leave Review. Once there, you’ll be able to write and submit your review."
3f776ac8-7067-426c-b00d-e40d44f4e7b8,9984,Good morning!,greeting,Hi! Welcome back. What can I help you with?
23fef411-8579-445d-804c-4d6f61b68521,4296,Please cancel my recent purchase.,cancel_order,"To cancel your order, please go to Profile > Order History > Cancel Order. After selecting the order, confirm the cancellation. If you face any issues, let me know."
cba1690a-8f14-457f-a3cd-73dc0843191c,8359,Hello!,greeting,Hello there! How can I assist you with your orders today?
d0ec9f37-b72c-4459-acd9-9528934e7e9d,5375,Where do I go to cancel an order?,cancel_order,You can cancel by navigating to Profile > Order History > Cancel Order. Choose the order you wish to cancel and follow the prompts.
12a9550b-93f7-4c32-8ff3-709fcc5b4837,2794,Where do I go to raise a complaint?,submit_complaint,"You can report a problem by going to Help Center > Complaints > File Issue. Fill in the complaint form, and our team will review it shortly."
56593aef-6989-4df4-a7c9-5543772d668a,8948,"Hey, how are you?",greeting,Hi! Welcome back. What can I help you with?
1a912349-6e7c-4597-80ba-80aee3912fb4,2826,Tell me the progress of my recent order.,order_status,Head over to Profile > Orders > Check Status to see where your order is in the fulfillment process.
01cafbcb-db26-4bf3-8e17-546231d1a7cd,1889,I want to talk to a real person.,talk_to_human,"Sure, let me transfer you to one of our human representatives right away."
3184a9a9-4902-40fe-9814-628ce980c8c0,6231,Help me post a review for my completed purchase.,review_order,"You can add a review by navigating to Orders > Select Order > Leave Review. Once there, you’ll be able to write and submit your review."
2a5bf20a-7bc8-41fd-940b-3d6dbb28edfb,6273,What’s the weather like today?,out_of_scope,This seems outside my current support scope. Please check our help center for more information.
bb106a43-40a7-4ebf-9c98-f2512a8bc2d1,8797,How can I leave a review for my order?,review_order,"You can add a review by navigating to Orders > Select Order > Leave Review. Once there, you’ll be able to write and submit your review."
326d4fc4-1d2c-43d7-8054-216d91275968,9995,Goodbye!,goodbye,Thank you for reaching out! Have a great day.
517a64e0-dad4-4ba0-a286-a3873f1f5442,1046,Can I rate the product I bought?,review_order,"To review your order, head over to My Account > Reviews > Write Review. Select the order and leave your feedback."
960c233b-d52f-4be6-ad32-a3c089f858f2,4655,See you next time.,goodbye,Goodbye! I hope I was able to help you today.
b92b12bb-f943-4f7a-bbb6-ebeadc3cac34,6901,Where is my order in the process?,order_status,Head over to Profile > Orders > Check Status to see where your order is in the fulfillment process.
e6d69004-7a38-4194-83e7-a5aeda43a97b,3957,Has my order been shipped yet?,order_status,You can check your order status by going to Orders > Select Order > View Status. It will display the current progress of your order.
7026dfc6-cc50-487c-bbf0-ba791fd2a799,5405,"Hey, how are you?",greeting,Hello there! How can I assist you with your orders today?
31acc384-5304-43ff-a879-5eafa1467f7d,9317,Can you write me an essay?,out_of_scope,This seems outside my current support scope. Please check our help center for more information.
db270b04-4906-4b19-a99c-9fbc51658ddc,9586,Where is my order in the process?,order_status,Head over to My Account > Purchases > Track Progress to see where your order is in the fulfillment process.
72b588f4-683a-4838-b162-2187880ef8a5,2217,Where do I go to cancel an order?,cancel_order,"To cancel your order, please go to Profile > Order History > Cancel Order. After selecting the order, confirm the cancellation. If you face any issues, let me know."
171183ce-3b18-4fcb-af0b-25d930e9f1eb,3187,My payment didn’t go through.,payment_issue,"For payment issues, navigate to My Account > Billing > Payment Help. You will find tools to resolve failed or pending transactions."
b5697610-0523-4dd1-88c7-aa05731f44ec,8544,How do I file a complaint?,submit_complaint,"To submit a complaint, please visit Settings > Support > Submit Complaint. Provide your order details and a description of the issue."
ff37b987-7180-40e4-b0ae-22b03ab9e610,1101,Is there a way to stop processing on my order?,cancel_order,"To cancel your order, please go to Profile > Order History > Cancel Order. After selecting the order, confirm the cancellation. If you face any issues, let me know."
3b76a8ce-388c-488f-b2ef-789f985aceb5,5627,Good morning!,greeting,Hello there! How can I assist you with your orders today?
5d532422-894e-4cac-b4c0-091ad0694e13,7025,Can I chat with someone from support?,talk_to_human,"Sure, let me transfer you to one of our human representatives right away."
7f7b33dc-c25e-4b10-a535-b9a1a9affe16,9872,Why was my card declined?,payment_issue,"For payment issues, navigate to My Account > Billing > Payment Help. You will find tools to resolve failed or pending transactions."
4aaf6309-43e5-4d60-966e-8007cf2afff0,3075,Good morning!,greeting,Hi! Welcome back. What can I help you with?
1e4b0c8e-3f1d-44ec-954f-7f47e9a0813c,9551,I need the courier information for my order.,order_tracking,Tracking details are available under Orders > Track Shipment. It will show you real-time updates about your package location.
ae446818-c680-47e8-b025-74506bacd467,9199,Please cancel my recent purchase.,cancel_order,"To cancel your order, please go to My Account > Purchases > Cancel. After selecting the order, confirm the cancellation. If you face any issues, let me know."
a99e186c-d775-4076-b388-dca253c69e77,6410,Where do I go to cancel an order?,cancel_order,"To cancel your order, please go to My Account > Purchases > Cancel. After selecting the order, confirm the cancellation. If you face any issues, let me know."
cebb1459-fd57-4be8-9607-dbab69ce61b8,7816,How can I leave a review for my order?,review_order,"You can add a review by navigating to Purchases > Feedback > Review Order. Once there, you’ll be able to write and submit your review."
9e1c7f3f-c9b5-433c-af59-4ac2b51b0b69,8179,I need to speak to a human agent.,talk_to_human,I’ll connect you with a support agent shortly. Please hold on.
b9c53879-bcc6-4fdb-a3f5-f107756410d7,8109,Has my order been shipped yet?,order_status,You can check your order status by going to Orders > Select Order > View Status. It will display the current progress of your order.
1ea84172-0bd6-4c53-a4d1-c098682de33c,2946,Track my shipment please.,order_tracking,"To track your shipment, please go to Orders > Track Shipment. Enter your tracking ID for more details."
e3304106-4ba9-4750-aaae-3b5a53e2f4c9,4628,Can you show me tracking details for my order?,order_tracking,"To track your shipment, please go to Orders > Track Shipment. Enter your tracking ID for more details."
40d08dee-05f2-49ba-9ce2-3e9412c6b022,5619,Where do I go to cancel an order?,cancel_order,You can cancel by navigating to My Account > Purchases > Cancel. Choose the order you wish to cancel and follow the prompts.
c9ae4df9-a413-4c01-96f1-b095660e83f4,4665,Track my shipment please.,order_tracking,"To track your shipment, please go to Orders > Track Shipment. Enter your tracking ID for more details."
8ca9af35-86db-40c6-8513-f05742bdc9e3,6469,Please help me submit a problem report.,submit_complaint,"To submit a complaint, please visit Help Center > Complaints > File Issue. Provide your order details and a description of the issue."
d6ab9181-57c3-46d6-9ff1-516974449b85,8481,Can you tell me the refund steps?,demand_refund,"Refund requests can be placed through My Account > Refunds > Initiate. Select your order, choose 'Request Refund', and submit your reason."
a731346e-43b8-4d2f-93fb-73dbd20852d6,2685,"Hey, how are you?",greeting,Hello there! How can I assist you with your orders today?
54ce4e7d-384a-41d7-a4b9-f3675bb36211,5881,Track my shipment please.,order_tracking,"To track your shipment, please go to Purchases > Delivery > Tracking Info. Enter your tracking ID for more details."
47ea805f-cecd-4587-9906-e31ea6348593,9338,Hi there!,greeting,Hello there! How can I assist you with your orders today?
cdf2ee21-2480-486e-8ab9-3c8822863379,1162,I want to talk to a real person.,talk_to_human,I’ll connect you with a support agent shortly. Please hold on.
2aa53ba9-8b1b-4478-a54e-0342e9269f82,8548,Where is my order in the process?,order_status,Head over to Profile > Orders > Check Status to see where your order is in the fulfillment process.
82b7c723-b0b6-41c3-8c06-f9a082e0affe,9919,Where do I write a review for my last order?,review_order,"To review your order, head over to My Account > Reviews > Write Review. Select the order and leave your feedback."
e874b7a0-4c47-4c32-81f0-1b0ac5b5adb9,7925,Where do I go to cancel an order?,cancel_order,"To cancel your order, please go to Settings > Orders > Cancel Order. After selecting the order, confirm the cancellation. If you face any issues, let me know."
25c1386c-2712-49e1-b2dd-cac3ac34e9d0,8066,Who won the football game yesterday?,out_of_scope,"I’m sorry, but I can’t help with that request. Could you please rephrase or ask something else?"
682c4cc3-d303-4a62-8540-d94279d876bc,8603,Tell me the progress of my recent order.,order_status,Head over to Profile > Orders > Check Status to see where your order is in the fulfillment process.
3f288352-e816-4ac7-9678-1c408847a11a,3963,I want to talk to a real person.,talk_to_human,I’ll connect you with a support agent shortly. Please hold on.
385bb08e-e8bb-40c7-9292-53924aedfec5,5544,There’s a billing issue with my purchase.,payment_issue,"For payment issues, navigate to Profile > Wallet > Payment Issues. You will find tools to resolve failed or pending transactions."
59850912-b21f-4491-85c2-9c581aed603c,3902,"Thanks, bye!",goodbye,Goodbye! I hope I was able to help you today.
27895a54-b427-4868-9243-872b8dd8f3bd,1576,I need to speak to a human agent.,talk_to_human,I’ll connect you with a support agent shortly. Please hold on.
1fcbfd6b-21b0-40e6-83de-680d10661e35,3709,"My payment is pending, what should I do?",payment_issue,You can manage and fix your payment issues at My Account > Billing > Payment Help. Select the relevant transaction to proceed.
5ed96367-9d5d-4242-9f9f-545eb4db2351,8474,"Hey, how are you?",greeting,Hi! Welcome back. What can I help you with?
9fd1c8ae-e98e-4b65-ab16-96a0c7619846,5443,Where is my order in the process?,order_status,Head over to Profile > Orders > Check Status to see where your order is in the fulfillment process.
23dd0a97-21a3-46c2-96bc-d5ec98a8565a,8843,"My payment is pending, what should I do?",payment_issue,"For payment issues, navigate to My Account > Billing > Payment Help. You will find tools to resolve failed or pending transactions."
9fac3a7e-02a7-4b05-bda6-613ab0be027b,2659,I want to complain about a product.,submit_complaint,"To submit a complaint, please visit Settings > Support > Submit Complaint. Provide your order details and a description of the issue."
1e86b81f-09ee-4f01-a3f8-efc88b7aa1bf,6616,Can I rate the product I bought?,review_order,"To review your order, head over to Orders > Select Order > Leave Review. Select the order and leave your feedback."
2a18aa5a-f48e-4ae2-a175-b143bcf7034d,9752,I want to talk to a real person.,talk_to_human,I’ll connect you with a support agent shortly. Please hold on.
6d4832fb-2c73-489f-ac52-59d46e4a2157,7980,Help me post a review for my completed purchase.,review_order,"To review your order, head over to Purchases > Feedback > Review Order. Select the order and leave your feedback."
aa92e882-4e57-40b0-9f1b-7af746306431,3871,Please provide shipment tracking updates.,order_tracking,"To track your shipment, please go to Orders > Track Shipment. Enter your tracking ID for more details."
22b88ba8-d81a-4d8e-bde6-61664d8413d6,3527,How do I check if my order is confirmed?,order_status,Head over to Orders > Select Order > View Status to see where your order is in the fulfillment process.
7081960c-84de-42ae-a732-e37176266739,6852,Please transfer me to a representative.,talk_to_human,I’ll connect you with a support agent shortly. Please hold on.
4541e6fa-d185-4675-b80a-70d16d3776b5,7162,Why was my card declined?,payment_issue,You can manage and fix your payment issues at My Account > Billing > Payment Help. Select the relevant transaction to proceed.
12f0a433-2095-46ce-8940-1db3ecb6bc04,7815,How do I check if my order is confirmed?,order_status,Head over to Profile > Orders > Check Status to see where your order is in the fulfillment process.
4c5063c9-88bd-4fb3-8760-1ba4533da9f4,9701,Good morning!,greeting,Hello there! How can I assist you with your orders today?
bbe05ead-86b3-4e7d-b2da-e20ec259f425,4888,How can I leave a review for my order?,review_order,"To review your order, head over to Orders > Select Order > Leave Review. Select the order and leave your feedback."
c74e6fc5-2b93-4742-9224-776519e9613f,5107,Why was my card declined?,payment_issue,You can manage and fix your payment issues at Profile > Wallet > Payment Issues. Select the relevant transaction to proceed.
4e016eae-7ded-4dd3-9ddd-f5f018133526,9005,Please help me submit a problem report.,submit_complaint,"You can report a problem by going to Help Center > Complaints > File Issue. Fill in the complaint form, and our team will review it shortly."
f8b8db00-9d1d-441d-99e5-dc0bdc76076f,6276,How do I request money back for my purchase?,demand_refund,"Refund requests can be placed through Profile > Order History > Request Refund. Select your order, choose 'Request Refund', and submit your reason."
18512a86-9ef4-482f-863f-c49617d1151c,5512,My payment didn’t go through.,payment_issue,You can manage and fix your payment issues at Settings > Payments > Resolve Issue. Select the relevant transaction to proceed.
57d76357-93db-4456-9132-41656c30598a,1015,Track my shipment please.,order_tracking,Tracking details are available under Purchases > Delivery > Tracking Info. It will show you real-time updates about your package location.
e4f757b0-4306-4728-aff6-80bcc62501a3,5784,My payment didn’t go through.,payment_issue,"For payment issues, navigate to Settings > Payments > Resolve Issue. You will find tools to resolve failed or pending transactions."
58a5a148-a2bf-4d08-9752-b3bc458ad108,9189,Where is my order in the process?,order_status,Head over to Profile > Orders > Check Status to see where your order is in the fulfillment process.
005a41f5-e8e9-40f2-ba7b-435ab79a2fe2,5792,Hello!,greeting,Hi! Welcome back. What can I help you with?
dc3f84b6-3fa3-4020-8484-246742e223af,5743,I want to talk to a real person.,talk_to_human,I’ll connect you with a support agent shortly. Please hold on.
5149d28b-2d53-4c2d-b14f-dbe75bccaa1c,2061,Please transfer me to a representative.,talk_to_human,"Sure, let me transfer you to one of our human representatives right away."
9c40a9a6-bfa5-4456-9e62-71f24376a820,2095,Tell me a joke.,out_of_scope,This seems outside my current support scope. Please check our help center for more information.
9eec0247-afa6-47e5-a107-20508282d4b3,6217,Where is my order in the process?,order_status,You can check your order status by going to Profile > Orders > Check Status. It will display the current progress of your order.
bbe4507f-748e-4982-9ad6-e1c47ff5eb01,8867,I need the courier information for my order.,order_tracking,Tracking details are available under Purchases > Delivery > Tracking Info. It will show you real-time updates about your package location.
ce95dd52-0354-4946-8bd9-9517dc782507,1360,Can you connect me to support staff?,talk_to_human,I’ll connect you with a support agent shortly. Please hold on.
a6525833-7dbf-4d2e-b88b-e1e9ebe25d11,5293,How do I file a complaint?,submit_complaint,"You can report a problem by going to Help Center > Complaints > File Issue. Fill in the complaint form, and our team will review it shortly."
bcc42103-7446-4aef-8c35-54e8199562b3,9979,Help me post a review for my completed purchase.,review_order,"To review your order, head over to My Account > Reviews > Write Review. Select the order and leave your feedback."
61b0fc0f-0b56-488f-8080-a61c2a737c32,6838,Please cancel my recent purchase.,cancel_order,"To cancel your order, please go to Settings > Orders > Cancel Order. After selecting the order, confirm the cancellation. If you face any issues, let me know."
fd0971a4-a1ed-4b76-9a2a-48b69f9da6c4,8559,There’s an issue I need to report.,submit_complaint,"You can report a problem by going to Help Center > Complaints > File Issue. Fill in the complaint form, and our team will review it shortly."
23ec5dd0-b754-4ebb-859d-50e10981f315,1662,Can I rate the product I bought?,review_order,"To review your order, head over to Orders > Select Order > Leave Review. Select the order and leave your feedback."
ed90973d-7aaa-415a-b76a-59beaec038f4,9685,I need help with a failed transaction.,payment_issue,You can manage and fix your payment issues at Settings > Payments > Resolve Issue. Select the relevant transaction to proceed.
07e578e3-f432-4e1c-9422-36cb93c4d3eb,9500,Can you show me tracking details for my order?,order_tracking,"To track your shipment, please go to Purchases > Delivery > Tracking Info. Enter your tracking ID for more details."
2b87d3fe-b13b-42b7-8338-6e4d34547398,7709,Please help me submit a problem report.,submit_complaint,"To submit a complaint, please visit Profile > Feedback > Report Problem. Provide your order details and a description of the issue."
c306fa6b-6856-4c28-9b41-d96a74c6d2d7,7425,Can you tell me the refund steps?,demand_refund,"To get a refund, please visit My Account > Refunds > Initiate. Choose the respective order and complete the refund form."
be6e624e-3a44-411c-94fe-586327d04dbd,3840,My payment didn’t go through.,payment_issue,"For payment issues, navigate to Settings > Payments > Resolve Issue. You will find tools to resolve failed or pending transactions."
3d19bee6-0075-4e4c-ab37-38a1045e5f94,8101,What’s the weather like today?,out_of_scope,This seems outside my current support scope. Please check our help center for more information.
6324be9a-6be8-407b-9160-7dbf6198ad02,7799,What’s 2+2?,out_of_scope,"I’m sorry, but I can’t help with that request. Could you please rephrase or ask something else?"
01df974b-663c-43e4-94f4-8f8f14f48bcf,6404,"My payment is pending, what should I do?",payment_issue,You can manage and fix your payment issues at My Account > Billing > Payment Help. Select the relevant transaction to proceed.
a989c402-c05d-4a75-9a63-0456654f36f1,7177,How do I request money back for my purchase?,demand_refund,"Refund requests can be placed through Settings > Orders > Refund Order. Select your order, choose 'Request Refund', and submit your reason."
c12701cb-bcb3-4dcb-989b-3b7213e2ed6d,5844,How do I check if my order is confirmed?,order_status,Head over to Profile > Orders > Check Status to see where your order is in the fulfillment process.
30c21bb5-a128-47a6-850d-b178bc2f112e,4214,"Thanks, bye!",goodbye,Goodbye! I hope I was able to help you today.
38a44586-b634-4381-a49a-bae208db1532,6939,I need to speak to a human agent.,talk_to_human,"Sure, let me transfer you to one of our human representatives right away."
240c6e56-4f6b-4829-864e-602ee4cbc347,8081,Where do I go to cancel an order?,cancel_order,You can cancel by navigating to My Account > Purchases > Cancel. Choose the order you wish to cancel and follow the prompts.
b84504d5-2280-43ef-919a-20abb9128c02,6594,I need to speak to a human agent.,talk_to_human,I’ll connect you with a support agent shortly. Please hold on.
239d772d-6404-4f4c-8056-231891ad3400,2143,I want to complain about a product.,submit_complaint,"You can report a problem by going to Help Center > Complaints > File Issue. Fill in the complaint form, and our team will review it shortly."
5b5d829d-7ffe-44ff-a0a9-4b9c4a7caf05,7293,Tell me a joke.,out_of_scope,This seems outside my current support scope. Please check our help center for more information.
df7a5c8f-5e03-4e7f-9f94-2c49b6b34dc7,2316,How can I leave a review for my order?,review_order,"You can add a review by navigating to Orders > Select Order > Leave Review. Once there, you’ll be able to write and submit your review."
0bdff6a5-ec52-4e2d-b595-5b2a2ac06361,2804,"Hey, how are you?",greeting,Hello there! How can I assist you with your orders today?
f3f5da82-15b1-4fa2-8b5b-431753e56df2,2246,Where do I go to cancel an order?,cancel_order,You can cancel by navigating to Profile > Order History > Cancel Order. Choose the order you wish to cancel and follow the prompts.
0c5d813f-7992-49bd-a4ba-f7d80a0596a7,2021,Catch you later.,goodbye,Thank you for reaching out! Have a great day.
b6620403-8b4a-4088-8f8b-ca73f2105804,5372,How do I check if my order is confirmed?,order_status,Head over to Profile > Orders > Check Status to see where your order is in the fulfillment process.
c95e7dab-93e9-4e9b-b68a-b20de6aa00d0,7407,Goodbye!,goodbye,Goodbye! I hope I was able to help you today.
4edf41ee-9786-4d73-ad53-6fa7960387ba,3977,Track my shipment please.,order_tracking,Tracking details are available under Orders > Track Shipment. It will show you real-time updates about your package location.
408860e7-f58a-4692-9af5-7b108e05875f,9707,Where do I go to cancel an order?,cancel_order,"To cancel your order, please go to Settings > Orders > Cancel Order. After selecting the order, confirm the cancellation. If you face any issues, let me know."
858bbddc-5e5e-4f47-8f84-15c9eb3bff57,4123,How do I request money back for my purchase?,demand_refund,"Refund requests can be placed through Profile > Order History > Request Refund. Select your order, choose 'Request Refund', and submit your reason."
185f9e5d-8bf2-459a-a004-8f9f6901b452,6199,Can you show me tracking details for my order?,order_tracking,Tracking details are available under Purchases > Delivery > Tracking Info. It will show you real-time updates about your package location.
acf384fb-2ced-47d3-89ff-a6da7d882de1,3672,Where is my delivery right now?,order_tracking,"To track your shipment, please go to Orders > Track Shipment. Enter your tracking ID for more details."
3e5c880e-37b3-4828-a05a-98795b694d4c,4630,Catch you later.,goodbye,Thank you for reaching out! Have a great day.
6187e36d-c2b1-4a22-b6d7-30470a64eab2,8125,Where do I write a review for my last order?,review_order,"To review your order, head over to My Account > Reviews > Write Review. Select the order and leave your feedback."
fbc123a0-af07-4239-88ea-fe01a6594bd8,4115,Where do I write a review for my last order?,review_order,"To review your order, head over to My Account > Reviews > Write Review. Select the order and leave your feedback."
42726838-7826-4063-8b05-7b45e55b6cb9,8933,Please transfer me to a representative.,talk_to_human,I’ll connect you with a support agent shortly. Please hold on.
b5c6be1e-0276-4e6c-ac47-1dd5fae2e8b1,5267,I need to speak to a human agent.,talk_to_human,"Sure, let me transfer you to one of our human representatives right away."
a7c4d2be-cf7d-45e6-970c-2c35e720d1dd,1738,Tell me a joke.,out_of_scope,This seems outside my current support scope. Please check our help center for more information.
1d5fd821-1289-4873-b020-607f2053fd95,7852,Is there a way to stop processing on my order?,cancel_order,You can cancel by navigating to Settings > Orders > Cancel Order. Choose the order you wish to cancel and follow the prompts.
17a4f1bb-15ce-43e4-8885-177ba828680c,1699,What’s the weather like today?,out_of_scope,"I’m sorry, but I can’t help with that request. Could you please rephrase or ask something else?"
8d44e343-b597-4f7b-9f57-0e27686686f5,4708,I want to cancel my last order.,cancel_order,"To cancel your order, please go to Settings > Orders > Cancel Order. After selecting the order, confirm the cancellation. If you face any issues, let me know."
5b984ea4-706a-4070-8a66-306d9b9f1ee5,6359,Where is my order in the process?,order_status,Head over to My Account > Purchases > Track Progress to see where your order is in the fulfillment process.
9ee31488-aa6e-4b2f-ba57-2044d5254fa2,1018,Can you help me undo an order I placed?,cancel_order,"To cancel your order, please go to Profile > Order History > Cancel Order. After selecting the order, confirm the cancellation. If you face any issues, let me know."
043e23fb-fdba-43c6-ab6c-b39f770d64fa,3061,Can you connect me to support staff?,talk_to_human,I’ll connect you with a support agent shortly. Please hold on.
7d4fb0cc-2ea3-48f0-86b6-7deaf07c42e2,6611,Can I chat with someone from support?,talk_to_human,"Sure, let me transfer you to one of our human representatives right away."
fe83bf7a-d386-4bf6-b108-ab4d5dcfe40c,5567,Can I rate the product I bought?,review_order,"You can add a review by navigating to Orders > Select Order > Leave Review. Once there, you’ll be able to write and submit your review."
3af1e95d-3f2e-4d98-bd35-137802741860,8044,Can you show me tracking details for my order?,order_tracking,"To track your shipment, please go to My Account > Shipping > Track Package. Enter your tracking ID for more details."
c2ec0ad0-99c7-482c-a64c-200774354fc3,9767,Where do I write a review for my last order?,review_order,"To review your order, head over to Purchases > Feedback > Review Order. Select the order and leave your feedback."
2c661cae-86d1-4cd6-9d29-bdae5dffee66,9588,I need a refund on my last order.,demand_refund,"Refund requests can be placed through Profile > Order History > Request Refund. Select your order, choose 'Request Refund', and submit your reason."
0ea373a6-2016-4381-9d46-625fbc538069,6865,"Hey, how are you?",greeting,Hello there! How can I assist you with your orders today?
b4b82431-c68d-4eeb-ab31-76fd357aaf63,9251,Can I rate the product I bought?,review_order,"To review your order, head over to Purchases > Feedback > Review Order. Select the order and leave your feedback."
64c0368e-1bf1-4297-863e-da9ec25d9fbe,9040,Where can I request a refund?,demand_refund,"To get a refund, please visit Profile > Order History > Request Refund. Choose the respective order and complete the refund form."
51b44cd7-df3c-485c-ba58-8ffd55e6750d,3081,"I’m done, thanks.",goodbye,Thank you for reaching out! Have a great day.
772e81b9-b85c-4e22-8c1a-27c6f459ed12,3416,"Thanks, bye!",goodbye,Thank you for reaching out! Have a great day.
c3a4c277-b42c-40a3-bf39-6166c0099e73,7598,Where do I go to cancel an order?,cancel_order,"To cancel your order, please go to Profile > Order History > Cancel Order. After selecting the order, confirm the cancellation. If you face any issues, let me know."
2f5b6571-d607-4f06-a6db-d3ff9f669f4d,2757,I need help with a failed transaction.,payment_issue,"For payment issues, navigate to Profile > Wallet > Payment Issues. You will find tools to resolve failed or pending transactions."
ed6f7673-f9ad-44fc-a03a-1a7948553eb9,8570,Tell me a joke.,out_of_scope,"I’m sorry, but I can’t help with that request. Could you please rephrase or ask something else?"
69f302d7-f862-418c-862f-52bf104d3002,4979,"I’m done, thanks.",goodbye,Goodbye! I hope I was able to help you today.
422571c6-072f-466f-b26d-f005223d9210,3878,How can I leave a review for my order?,review_order,"You can add a review by navigating to Orders > Select Order > Leave Review. Once there, you’ll be able to write and submit your review."
e2a94d19-5686-408f-8053-0075373f4626,3248,What’s the current status of my order?,order_status,You can check your order status by going to My Account > Purchases > Track Progress. It will display the current progress of your order.
b3465715-f93e-4232-87b3-37484f845fca,1383,Why was my card declined?,payment_issue,"For payment issues, navigate to My Account > Billing > Payment Help. You will find tools to resolve failed or pending transactions."
9fda6738-2dc6-440c-9814-392e5cc52f17,1142,Can you show me tracking details for my order?,order_tracking,Tracking details are available under Orders > Track Shipment. It will show you real-time updates about your package location.
0831376d-5eec-4d1f-b093-df39012849db,1040,Who won the football game yesterday?,out_of_scope,"I’m sorry, but I can’t help with that request. Could you please rephrase or ask something else?"
0e1c1153-bde3-4404-8982-323a35e22177,9727,Can I chat with someone from support?,talk_to_human,"Sure, let me transfer you to one of our human representatives right away."
fe67b6ff-881f-45e5-a303-ac63fef794fb,8302,Hi there!,greeting,Hi! Welcome back. What can I help you with?
2e8b8b9b-1a99-4a0a-b11f-02a694b838d4,5616,How do I request money back for my purchase?,demand_refund,"Refund requests can be placed through My Account > Refunds > Initiate. Select your order, choose 'Request Refund', and submit your reason."
2b62996f-bbfa-4e6c-92ee-fe9bf81712a6,9160,Please guide me to initiate a refund.,demand_refund,"To get a refund, please visit Profile > Order History > Request Refund. Choose the respective order and complete the refund form."
877d5fec-6a3d-4a90-8575-55905df07626,9256,"Thanks, bye!",goodbye,Goodbye! I hope I was able to help you today.
3c849e3b-f86a-4ff9-8f35-845c1508ba1e,2474,How can I leave a review for my order?,review_order,"To review your order, head over to Orders > Select Order > Leave Review. Select the order and leave your feedback."
d83af408-6681-425d-a644-fbbd4d881852,8053,Hi there!,greeting,Hello there! How can I assist you with your orders today?
5505f75c-07e6-439b-830d-0af8b31d9712,7656,"Hi, I need some help.",greeting,Hello there! How can I assist you with your orders today?
0915244d-4d4d-410d-b7b6-aac5aa48fcc3,2523,Can you write me an essay?,out_of_scope,"I’m sorry, but I can’t help with that request. Could you please rephrase or ask something else?"
00ecb25f-c1b5-4ada-b243-141346e0bea1,3502,"Thanks, bye!",goodbye,Goodbye! I hope I was able to help you today.
0a2f1c4a-f272-4d03-b5c5-8436e0af8003,9012,Where is my delivery right now?,order_tracking,"To track your shipment, please go to Orders > Track Shipment. Enter your tracking ID for more details."
c04ef9ca-bc40-42f6-9b7a-9014d5690e69,5461,How do I check if my order is confirmed?,order_status,Head over to My Account > Purchases > Track Progress to see where your order is in the fulfillment process.
d650c621-c3ec-4a0b-99eb-7f48f3df32ce,3124,Can you write me an essay?,out_of_scope,This seems outside my current support scope. Please check our help center for more information.
44cd7038-5c9e-42d2-bf45-694e13b859ac,7828,Where is my delivery right now?,order_tracking,Tracking details are available under Purchases > Delivery > Tracking Info. It will show you real-time updates about your package location.
67856d57-4054-4b00-95bd-cbf3d2fc7a36,1902,Where do I go to cancel an order?,cancel_order,"To cancel your order, please go to Profile > Order History > Cancel Order. After selecting the order, confirm the cancellation. If you face any issues, let me know."
d287b8d0-7ad3-441b-99af-b5ceef28a1d9,9050,How do I file a complaint?,submit_complaint,"You can report a problem by going to Help Center > Complaints > File Issue. Fill in the complaint form, and our team will review it shortly."
ebdeec1c-4484-4b18-a8bf-ba4a41b73f8e,3467,"I’m done, thanks.",goodbye,Thank you for reaching out! Have a great day.
f3ba1837-ba17-4e1c-a89e-a1a3cf9665f6,7085,I want to share feedback about my purchase.,review_order,"You can add a review by navigating to Orders > Select Order > Leave Review. Once there, you’ll be able to write and submit your review."
d4ea693e-b150-4cfd-a947-31d274e5d538,8243,Why was my card declined?,payment_issue,You can manage and fix your payment issues at Settings > Payments > Resolve Issue. Select the relevant transaction to proceed.
2b46290d-c609-457e-890f-77ca00d14382,9626,Please help me submit a problem report.,submit_complaint,"To submit a complaint, please visit Help Center > Complaints > File Issue. Provide your order details and a description of the issue."
2c6fb959-5b7d-4ae3-aa26-aa0a25079da3,6581,Please guide me to initiate a refund.,demand_refund,"To get a refund, please visit Settings > Orders > Refund Order. Choose the respective order and complete the refund form."
d9705fef-af26-4cb3-b946-5464fbbff973,1297,"My payment is pending, what should I do?",payment_issue,You can manage and fix your payment issues at Settings > Payments > Resolve Issue. Select the relevant transaction to proceed.
71ee8e25-e565-43f4-97e1-f5755b342d3e,4584,I want to share feedback about my purchase.,review_order,"To review your order, head over to My Account > Reviews > Write Review. Select the order and leave your feedback."
7caeccea-61c7-4570-824c-b30df1ed786b,8910,Can I chat with someone from support?,talk_to_human,"Sure, let me transfer you to one of our human representatives right away."
82b05199-cf7c-436f-85ba-cb9a6ce518e0,6116,Why was my card declined?,payment_issue,You can manage and fix your payment issues at My Account > Billing > Payment Help. Select the relevant transaction to proceed.
842e84fb-5299-4242-948f-d445d562a0ad,8449,Tell me a joke.,out_of_scope,"I’m sorry, but I can’t help with that request. Could you please rephrase or ask something else?"
50963b56-6b9b-46d2-ba43-0dba6948eb82,9509,Hi there!,greeting,Hi! Welcome back. What can I help you with?
b90a3d12-8579-422f-b41b-1cbadac35740,8871,I want to cancel my last order.,cancel_order,"To cancel your order, please go to My Account > Purchases > Cancel. After selecting the order, confirm the cancellation. If you face any issues, let me know."
6ab5cb6c-cd2b-44ec-9cd5-06c4c085511f,3287,What’s the current status of my order?,order_status,You can check your order status by going to Orders > Select Order > View Status. It will display the current progress of your order.
3955cf5c-28d6-47a8-829f-2b3bcc1aa7e7,3267,How do I file a complaint?,submit_complaint,"To submit a complaint, please visit Help Center > Complaints > File Issue. Provide your order details and a description of the issue."
2b6890c1-f08c-4f9e-a7c4-aa5c88d6f2bd,9777,Please help me submit a problem report.,submit_complaint,"You can report a problem by going to Settings > Support > Submit Complaint. Fill in the complaint form, and our team will review it shortly."
d78c5a2f-bb07-4a8e-acd5-d5d50d5e8f6a,2212,Where is my order in the process?,order_status,You can check your order status by going to My Account > Purchases > Track Progress. It will display the current progress of your order.
d5e4f79d-9a17-434c-9734-e8bb923476ea,6767,"Hi, I need some help.",greeting,Hello there! How can I assist you with your orders today?
cc874282-b658-4f44-9400-db8193abe48a,2898,"My payment is pending, what should I do?",payment_issue,"For payment issues, navigate to My Account > Billing > Payment Help. You will find tools to resolve failed or pending transactions."
609b51f4-b805-472b-96f3-236e94a98d0a,4725,Can you tell me the refund steps?,demand_refund,"To get a refund, please visit Profile > Order History > Request Refund. Choose the respective order and complete the refund form."
58543c9c-60b0-4be8-8f2c-71df43585cae,3809,Can you tell me the refund steps?,demand_refund,"Refund requests can be placed through Profile > Order History > Request Refund. Select your order, choose 'Request Refund', and submit your reason."
5cdcad78-5bac-4df2-9146-f3d30312f2fb,6596,Track my shipment please.,order_tracking,Tracking details are available under My Account > Shipping > Track Package. It will show you real-time updates about your package location.
81379bcd-ca6e-41f8-bf82-e6933980976d,8827,Where do I go to raise a complaint?,submit_complaint,"To submit a complaint, please visit Profile > Feedback > Report Problem. Provide your order details and a description of the issue."
dee06e3a-1f73-4747-a816-c26e6a207bd5,6817,Good morning!,greeting,Hello there! How can I assist you with your orders today?
3abd1fcb-7584-41ca-811f-2fd747e66ffe,2575,What’s the current status of my order?,order_status,You can check your order status by going to Orders > Select Order > View Status. It will display the current progress of your order.
e68bc68f-dba7-48d2-aed1-f0406fc16cf9,7051,I need help with a failed transaction.,payment_issue,"For payment issues, navigate to Profile > Wallet > Payment Issues. You will find tools to resolve failed or pending transactions."
631996e9-b8ae-4a47-bb9d-0b6c81c49fc1,3573,There’s a billing issue with my purchase.,payment_issue,"For payment issues, navigate to Settings > Payments > Resolve Issue. You will find tools to resolve failed or pending transactions."
23671bfa-f3ea-49b8-b1ba-dcb610c5737b,7392,Please help me submit a problem report.,submit_complaint,"To submit a complaint, please visit Help Center > Complaints > File Issue. Provide your order details and a description of the issue."
fb5bab54-49b6-4732-a75d-78f9af0d840a,8279,Please help me submit a problem report.,submit_complaint,"To submit a complaint, please visit Settings > Support > Submit Complaint. Provide your order details and a description of the issue."
93744c95-de9e-4ac7-b381-254afd68064c,9863,Hello!,greeting,Hi! Welcome back. What can I help you with?
1da288ed-6955-47e8-a1ce-c88cf32c230c,4984,There’s an issue I need to report.,submit_complaint,"To submit a complaint, please visit Settings > Support > Submit Complaint. Provide your order details and a description of the issue."
e9be4162-bf7d-4da4-89f3-10ae11ed24c6,7699,How do I request money back for my purchase?,demand_refund,"Refund requests can be placed through Profile > Order History > Request Refund. Select your order, choose 'Request Refund', and submit your reason."
36958015-d163-4def-9126-42465bac8ff5,6229,I want to complain about a product.,submit_complaint,"You can report a problem by going to Help Center > Complaints > File Issue. Fill in the complaint form, and our team will review it shortly."
b7af5e80-4853-405b-ad3f-f4e8d6a99a97,6870,Please provide shipment tracking updates.,order_tracking,Tracking details are available under Orders > Track Shipment. It will show you real-time updates about your package location.
c0289b55-8aa8-415b-b622-6d2f4ea80554,2682,I need to speak to a human agent.,talk_to_human,I’ll connect you with a support agent shortly. Please hold on.
3d8c9760-0ecf-4b8f-bd8f-0f0e45f3d13c,5547,I need the courier information for my order.,order_tracking,Tracking details are available under Orders > Track Shipment. It will show you real-time updates about your package location.
899300c1-aef1-4457-a39d-358071074e2d,3075,Where do I go to cancel an order?,cancel_order,You can cancel by navigating to Profile > Order History > Cancel Order. Choose the order you wish to cancel and follow the prompts.
c12035df-6816-45e4-9a7a-07e0b152921b,7386,Please guide me to initiate a refund.,demand_refund,"To get a refund, please visit Settings > Orders > Refund Order. Choose the respective order and complete the refund form."
27583b85-1ad5-4f26-8e8d-bdb0aa10e4eb,9431,"Hey, how are you?",greeting,Hello there! How can I assist you with your orders today?
b82f7eb8-0cb5-40c0-a198-96e381a6c799,5496,Please help me submit a problem report.,submit_complaint,"To submit a complaint, please visit Settings > Support > Submit Complaint. Provide your order details and a description of the issue."
d36a8408-6260-49a7-9f6e-92020f5f9547,7508,Please transfer me to a representative.,talk_to_human,I’ll connect you with a support agent shortly. Please hold on.
f1980325-57b9-4805-9cb1-819011d88ea8,1522,"Hey, how are you?",greeting,Hi! Welcome back. What can I help you with?
b3ae17f0-6ff8-417b-aa3d-11215b2f7861,1254,I want to talk to a real person.,talk_to_human,I’ll connect you with a support agent shortly. Please hold on.
12ef9ae0-18a0-4014-a390-c31ede06ee2c,8352,Where do I go to raise a complaint?,submit_complaint,"You can report a problem by going to Profile > Feedback > Report Problem. Fill in the complaint form, and our team will review it shortly."
4d37b1e1-e4b4-40ee-bb42-a501392b7da5,6826,Hello!,greeting,Hi! Welcome back. What can I help you with?
cb1f3002-aad5-4a98-87f3-8b05040ce458,2211,"My payment is pending, what should I do?",payment_issue,"For payment issues, navigate to My Account > Billing > Payment Help. You will find tools to resolve failed or pending transactions."
fd74deea-f7a5-4b64-9b34-03ea81d0aab2,1617,Can you connect me to support staff?,talk_to_human,I’ll connect you with a support agent shortly. Please hold on.
99485d89-2390-4079-8bad-2d2ec91d6a22,3476,Please help me submit a problem report.,submit_complaint,"To submit a complaint, please visit Help Center > Complaints > File Issue. Provide your order details and a description of the issue."
0d5db393-bdc0-445d-8c74-af47ac1aa95a,6508,Can you write me an essay?,out_of_scope,"I’m sorry, but I can’t help with that request. Could you please rephrase or ask something else?"
e81c75e0-0cf5-403e-be25-ac652f536089,1974,Please guide me to initiate a refund.,demand_refund,"Refund requests can be placed through Settings > Orders > Refund Order. Select your order, choose 'Request Refund', and submit your reason."
224a02a9-7f1c-4f95-abab-fb1cb4132516,6547,Who won the football game yesterday?,out_of_scope,This seems outside my current support scope. Please check our help center for more information.
ccb3b5ba-0e03-414e-97a2-94f6fa793678,9855,Can I chat with someone from support?,talk_to_human,I’ll connect you with a support agent shortly. Please hold on.
ff5ed2ab-079d-403d-ad95-d0fc28827795,8707,Has my order been shipped yet?,order_status,Head over to My Account > Purchases > Track Progress to see where your order is in the fulfillment process.
c194ef59-e6a7-4433-958c-a50153027b6f,9884,Tell me a joke.,out_of_scope,"I’m sorry, but I can’t help with that request. Could you please rephrase or ask something else?"
4496608a-94f4-43a4-bd5d-b1a99b0b3c28,1819,How do I request money back for my purchase?,demand_refund,"Refund requests can be placed through My Account > Refunds > Initiate. Select your order, choose 'Request Refund', and submit your reason."
86cb518e-a927-4339-b0af-9d774f7bdff4,2195,Why was my card declined?,payment_issue,You can manage and fix your payment issues at Profile > Wallet > Payment Issues. Select the relevant transaction to proceed.
04658dcf-00c0-4373-bce6-ea734e973080,1124,"Hey, how are you?",greeting,Hello there! How can I assist you with your orders today?
d6b16576-915a-4c19-9dcb-9bc3a5e7aab4,9879,Has my order been shipped yet?,order_status,You can check your order status by going to Orders > Select Order > View Status. It will display the current progress of your order.
1cfe13ec-36f7-4498-a9fd-a22f22025c21,2844,Hi there!,greeting,Hi! Welcome back. What can I help you with?
24059818-5c2d-4cb8-9eb9-092ee669dcbf,8883,Tell me the progress of my recent order.,order_status,You can check your order status by going to Orders > Select Order > View Status. It will display the current progress of your order.
3bc8249f-520b-433b-b766-b66cbbd14a62,1491,Where do I write a review for my last order?,review_order,"To review your order, head over to My Account > Reviews > Write Review. Select the order and leave your feedback."
b2a00a4b-1d43-4257-98d9-e55b553b6cbd,1430,Goodbye!,goodbye,Goodbye! I hope I was able to help you today.
dc551e74-491e-406d-a16d-38e567a5b00c,5178,I need a refund on my last order.,demand_refund,"Refund requests can be placed through Profile > Order History > Request Refund. Select your order, choose 'Request Refund', and submit your reason."
45805ec7-548a-47cd-8bb9-37cafd5417d6,8882,There’s a billing issue with my purchase.,payment_issue,"For payment issues, navigate to My Account > Billing > Payment Help. You will find tools to resolve failed or pending transactions."
d0e96e6f-1117-4ff5-872e-c45c481d50e1,6069,Please guide me to initiate a refund.,demand_refund,"Refund requests can be placed through My Account > Refunds > Initiate. Select your order, choose 'Request Refund', and submit your reason."
964f4f83-bb3c-4adb-9e4d-916cb8523e28,1992,Track my shipment please.,order_tracking,Tracking details are available under Purchases > Delivery > Tracking Info. It will show you real-time updates about your package location.
def32eff-b302-440e-969c-a1c78f350ecc,2700,Please provide shipment tracking updates.,order_tracking,"To track your shipment, please go to Orders > Track Shipment. Enter your tracking ID for more details."
2b92226e-05f0-45dd-a690-34dcc26d609d,6312,Hi there!,greeting,Hi! Welcome back. What can I help you with?
a84dd772-19e2-4882-8916-adf979d5f7e2,2376,Where is my order in the process?,order_status,You can check your order status by going to Profile > Orders > Check Status. It will display the current progress of your order.
eac8f285-3552-4cb1-b778-0d6dab4289a9,9602,I want to share feedback about my purchase.,review_order,"To review your order, head over to Orders > Select Order > Leave Review. Select the order and leave your feedback."
ab8d8992-21d2-49a5-ba64-c0233a78bfdf,8785,Can you write me an essay?,out_of_scope,"I’m sorry, but I can’t help with that request. Could you please rephrase or ask something else?"
6fa56b05-95b0-45fb-bd83-7a4fa2b93d65,1460,How do I request money back for my purchase?,demand_refund,"To get a refund, please visit Profile > Order History > Request Refund. Choose the respective order and complete the refund form."
200c7f9a-4c7e-469f-a56c-882fa783eca7,2987,"Hi, I need some help.",greeting,Hi! Welcome back. What can I help you with?
22188de1-ecba-4006-8b43-8551d2c6fe41,7712,Goodbye!,goodbye,Thank you for reaching out! Have a great day.
871f0f21-1576-40f4-8462-fd70bf9803c1,2001,Is there a way to stop processing on my order?,cancel_order,"To cancel your order, please go to My Account > Purchases > Cancel. After selecting the order, confirm the cancellation. If you face any issues, let me know."
1bf63334-bff2-4d36-9b54-2b8cf2311d03,5709,There’s a billing issue with my purchase.,payment_issue,You can manage and fix your payment issues at My Account > Billing > Payment Help. Select the relevant transaction to proceed.
071b5302-8dee-4a98-85bc-69335bc5979d,9780,How do I file a complaint?,submit_complaint,"You can report a problem by going to Profile > Feedback > Report Problem. Fill in the complaint form, and our team will review it shortly."
d9874693-56b5-44f5-bb36-b9ef7e9a83ea,8410,Who won the football game yesterday?,out_of_scope,"I’m sorry, but I can’t help with that request. Could you please rephrase or ask something else?"
a4ae9d7a-8dc4-4f23-9547-5243c9b47191,4585,Please cancel my recent purchase.,cancel_order,You can cancel by navigating to Settings > Orders > Cancel Order. Choose the order you wish to cancel and follow the prompts.
3225bd97-28b1-47ed-9f1c-30f764a543fd,7838,Can you write me an essay?,out_of_scope,This seems outside my current support scope. Please check our help center for more information.
260dd312-dc06-4e2c-9b7c-ef95615a0c5a,7397,"I’m done, thanks.",goodbye,Thank you for reaching out! Have a great day.
53186522-4e27-4883-8109-f619f947db05,4088,How do I request money back for my purchase?,demand_refund,"Refund requests can be placed through My Account > Refunds > Initiate. Select your order, choose 'Request Refund', and submit your reason."
8f21fd18-9398-4175-a7a5-b5162bc9e334,7367,"My payment is pending, what should I do?",payment_issue,You can manage and fix your payment issues at Profile > Wallet > Payment Issues. Select the relevant transaction to proceed.
a8e3d12a-f7cb-4c7c-b733-775cfb2118cd,5205,Help me post a review for my completed purchase.,review_order,"You can add a review by navigating to My Account > Reviews > Write Review. Once there, you’ll be able to write and submit your review."
182733ef-918c-4e5a-837a-8a25d3322edd,9274,Where do I go to cancel an order?,cancel_order,"To cancel your order, please go to Profile > Order History > Cancel Order. After selecting the order, confirm the cancellation. If you face any issues, let me know."
05412a0f-53cd-4f5a-8bac-c0cf9245d538,1522,Can you show me tracking details for my order?,order_tracking,Tracking details are available under Purchases > Delivery > Tracking Info. It will show you real-time updates about your package location.
630b395a-3982-4e37-aaed-e69958f3d6c5,9815,I need to speak to a human agent.,talk_to_human,I’ll connect you with a support agent shortly. Please hold on.
60261970-504e-4fb0-9cc8-27bf1b6f07f4,8761,I want to talk to a real person.,talk_to_human,"Sure, let me transfer you to one of our human representatives right away."
ad516341-0490-44da-a0f5-8a0dea0eb661,1329,Please help me submit a problem report.,submit_complaint,"To submit a complaint, please visit Help Center > Complaints > File Issue. Provide your order details and a description of the issue."
73a5fe31-d5d6-4939-96ba-6812ad0e2cd3,3637,Where do I go to cancel an order?,cancel_order,"To cancel your order, please go to Profile > Order History > Cancel Order. After selecting the order, confirm the cancellation. If you face any issues, let me know."
8baa8270-f439-4a28-94c1-0d5ac1746206,5065,Please provide shipment tracking updates.,order_tracking,"To track your shipment, please go to Purchases > Delivery > Tracking Info. Enter your tracking ID for more details."
d68b034a-c709-4558-8927-1a895bd8feff,4615,Where do I go to raise a complaint?,submit_complaint,"You can report a problem by going to Help Center > Complaints > File Issue. Fill in the complaint form, and our team will review it shortly."
9fb8869d-b6de-44af-8b6d-9d60cef4bfde,4957,I want to share feedback about my purchase.,review_order,"To review your order, head over to My Account > Reviews > Write Review. Select the order and leave your feedback."
09190960-d407-4c4e-b1d7-513f3158e7b9,6316,"Hey, how are you?",greeting,Hi! Welcome back. What can I help you with?
8784878d-cbba-4b03-80df-3af2eeb97699,4440,Can you write me an essay?,out_of_scope,"I’m sorry, but I can’t help with that request. Could you please rephrase or ask something else?"
4c7db92b-e245-45d5-ac1c-fb2da49e701c,4186,Where do I go to cancel an order?,cancel_order,"To cancel your order, please go to My Account > Purchases > Cancel. After selecting the order, confirm the cancellation. If you face any issues, let me know."
3ed5896f-cc5f-48a2-b6cc-6be471b2bb26,1155,Can I chat with someone from support?,talk_to_human,I’ll connect you with a support agent shortly. Please hold on.
657ceff3-93ac-48b4-8920-df19944ef40f,4435,Track my shipment please.,order_tracking,"To track your shipment, please go to Purchases > Delivery > Tracking Info. Enter your tracking ID for more details."
cab05648-4da9-4026-b5f4-06c87cdb69e0,1793,Can I rate the product I bought?,review_order,"To review your order, head over to My Account > Reviews > Write Review. Select the order and leave your feedback."
2571483c-4ce1-45d3-ad7d-b28abe5dcccb,5133,Catch you later.,goodbye,Goodbye! I hope I was able to help you today.
de2e3adf-000f-418d-bee5-aaf48ac9fbed,5984,My payment didn’t go through.,payment_issue,"For payment issues, navigate to Settings > Payments > Resolve Issue. You will find tools to resolve failed or pending transactions."
7fa44e36-870f-4afc-980b-94077c16a99e,1775,Good morning!,greeting,Hi! Welcome back. What can I help you with?
cfa3a2a8-d26f-412f-9547-a068c362ed7c,1610,Has my order been shipped yet?,order_status,You can check your order status by going to Orders > Select Order > View Status. It will display the current progress of your order.
1912d8ee-2c27-4b1f-8b03-5d64c9c796a5,1035,Where do I go to raise a complaint?,submit_complaint,"To submit a complaint, please visit Profile > Feedback > Report Problem. Provide your order details and a description of the issue."
b493526d-885c-4652-850b-b6f5dc14c41f,7309,Please guide me to initiate a refund.,demand_refund,"To get a refund, please visit Profile > Order History > Request Refund. Choose the respective order and complete the refund form."
1d969dab-8dd0-43ae-9678-77f497591024,3254,There’s an issue I need to report.,submit_complaint,"To submit a complaint, please visit Settings > Support > Submit Complaint. Provide your order details and a description of the issue."
988513fb-a9d7-4423-ad4f-f2a4d975b00d,9316,Where can I request a refund?,demand_refund,"Refund requests can be placed through My Account > Refunds > Initiate. Select your order, choose 'Request Refund', and submit your reason."
c249d8f9-b2b5-4777-98dc-a27fc62aaf31,5188,Hi there!,greeting,Hello there! How can I assist you with your orders today?
d89cb2b0-ed8a-4b96-8642-e59946aadfc4,3445,Can you tell me the refund steps?,demand_refund,"Refund requests can be placed through My Account > Refunds > Initiate. Select your order, choose 'Request Refund', and submit your reason."
cec3b4d6-76c5-4278-a420-0e405880886c,4979,Tell me a joke.,out_of_scope,This seems outside my current support scope. Please check our help center for more information.
859f3082-4de6-40ef-8fb0-81b8b48a0cdd,5912,I need help with a failed transaction.,payment_issue,You can manage and fix your payment issues at Settings > Payments > Resolve Issue. Select the relevant transaction to proceed.
967925c1-f4c5-4f90-bdaf-6f40710844da,2825,How can I leave a review for my order?,review_order,"To review your order, head over to My Account > Reviews > Write Review. Select the order and leave your feedback."
2f9df1b4-979a-4ae7-a10d-bf8aca4eedce,3267,Can I rate the product I bought?,review_order,"To review your order, head over to Purchases > Feedback > Review Order. Select the order and leave your feedback."
947d1471-22d0-4039-a75c-722617b4ad0a,4901,Can you connect me to support staff?,talk_to_human,"Sure, let me transfer you to one of our human representatives right away."
454c6be7-7625-4b59-8338-a1a76a6956dd,8398,Hello!,greeting,Hi! Welcome back. What can I help you with?
18fe53c4-c590-4124-9d2d-e4920d0be1ad,3422,I want to complain about a product.,submit_complaint,"You can report a problem by going to Profile > Feedback > Report Problem. Fill in the complaint form, and our team will review it shortly."
5452be08-7494-48c7-98a0-27cc7a4e2a69,9460,Why was my card declined?,payment_issue,You can manage and fix your payment issues at My Account > Billing > Payment Help. Select the relevant transaction to proceed.
a95c8826-8832-457e-af56-fadec2000095,1205,Help me post a review for my completed purchase.,review_order,"You can add a review by navigating to Purchases > Feedback > Review Order. Once there, you’ll be able to write and submit your review."
011d1498-1da8-4cda-a77c-c1210c3d110e,6895,I want to cancel my last order.,cancel_order,"To cancel your order, please go to Settings > Orders > Cancel Order. After selecting the order, confirm the cancellation. If you face any issues, let me know."
fc4c0a82-bb58-4fb2-b3fa-63dc5f4cb644,1889,How do I check if my order is confirmed?,order_status,Head over to Profile > Orders > Check Status to see where your order is in the fulfillment process.
13da07f0-24cf-441a-8bf4-b350200c17b0,6830,Where do I write a review for my last order?,review_order,"To review your order, head over to Orders > Select Order > Leave Review. Select the order and leave your feedback."
798c7aa7-4de2-4eb1-863c-518f9cb92a76,3010,I want to talk to a real person.,talk_to_human,I’ll connect you with a support agent shortly. Please hold on.
5fa9cf4f-c8cf-427e-8ad3-184b4697315f,4835,There’s a billing issue with my purchase.,payment_issue,You can manage and fix your payment issues at Settings > Payments > Resolve Issue. Select the relevant transaction to proceed.
774ff778-6477-441d-b83f-9afcab634538,5146,How do I check if my order is confirmed?,order_status,You can check your order status by going to Orders > Select Order > View Status. It will display the current progress of your order.
5b191bc0-665a-473e-b176-52718059a29b,4991,Can you help me undo an order I placed?,cancel_order,"To cancel your order, please go to Settings > Orders > Cancel Order. After selecting the order, confirm the cancellation. If you face any issues, let me know."
f252733c-824e-4e8e-9de1-f4a8bf1647ee,5081,I need help with a failed transaction.,payment_issue,You can manage and fix your payment issues at Profile > Wallet > Payment Issues. Select the relevant transaction to proceed.
76f01cfc-f1e2-47f3-a0a8-2bdb910c1958,7184,"Thanks, bye!",goodbye,Goodbye! I hope I was able to help you today.
462a0ade-1164-4b24-b3f2-806db85f2cc4,4334,"I’m done, thanks.",goodbye,Goodbye! I hope I was able to help you today.
ec331cd7-dd4a-43d0-ba51-8b6a20f6eed3,1954,Please transfer me to a representative.,talk_to_human,I’ll connect you with a support agent shortly. Please hold on.
245cc561-b2fd-4be4-b9a3-2cf16120735a,6450,Hello!,greeting,Hello there! How can I assist you with your orders today?
8005df5c-d81f-448b-8550-0e9611fab98d,6753,I need a refund on my last order.,demand_refund,"To get a refund, please visit Profile > Order History > Request Refund. Choose the respective order and complete the refund form."
539c9119-0b4e-4276-94c6-fa54abc58f11,2305,My payment didn’t go through.,payment_issue,"For payment issues, navigate to My Account > Billing > Payment Help. You will find tools to resolve failed or pending transactions."
71a682ea-69f3-4d91-9af5-c7ec2a3358f6,4917,"Thanks, bye!",goodbye,Goodbye! I hope I was able to help you today.
b284df5f-d40a-4ecf-b735-efc013169391,9320,I want to complain about a product.,submit_complaint,"You can report a problem by going to Profile > Feedback > Report Problem. Fill in the complaint form, and our team will review it shortly."
abe43143-7cb2-430e-ac5c-a9e67eab7512,4122,I need a refund on my last order.,demand_refund,"To get a refund, please visit Settings > Orders > Refund Order. Choose the respective order and complete the refund form."
314d58e7-a905-496b-88e4-61166b10ce56,8385,Tell me a joke.,out_of_scope,This seems outside my current support scope. Please check our help center for more information.
c1bc2e27-1f95-450b-b8dd-792423c4b4b3,5765,"Hey, how are you?",greeting,Hello there! How can I assist you with your orders today?
d174fc98-9951-49b2-ae87-6ebb99598e61,6208,"Hi, I need some help.",greeting,Hello there! How can I assist you with your orders today?
cfd52220-3e48-4dcf-a628-b51734c797cd,3884,Good morning!,greeting,Hi! Welcome back. What can I help you with?
224e95dd-a0b0-43b1-9625-9c7dc38accfc,9943,Track my shipment please.,order_tracking,"To track your shipment, please go to Purchases > Delivery > Tracking Info. Enter your tracking ID for more details."
aa1e1a92-1fe2-4e95-8bb3-c4736e453247,7329,Can you show me tracking details for my order?,order_tracking,Tracking details are available under My Account > Shipping > Track Package. It will show you real-time updates about your package location.
2990a15e-ae20-438a-bfdb-86060f800679,3800,Where do I go to cancel an order?,cancel_order,You can cancel by navigating to Profile > Order History > Cancel Order. Choose the order you wish to cancel and follow the prompts.
907a6513-aa95-4c54-843a-250b1902601f,4543,I need help with a failed transaction.,payment_issue,"For payment issues, navigate to Profile > Wallet > Payment Issues. You will find tools to resolve failed or pending transactions."
8fa73eb7-b97b-4a42-8d26-7b6c51015f12,1392,How do I file a complaint?,submit_complaint,"To submit a complaint, please visit Help Center > Complaints > File Issue. Provide your order details and a description of the issue."
2969f8fa-a9b3-4cbf-a004-d6cd69781e61,5112,Please transfer me to a representative.,talk_to_human,"Sure, let me transfer you to one of our human representatives right away."
4ca4f104-74ab-4622-a34e-905cb79deb12,5930,Can you connect me to support staff?,talk_to_human,I’ll connect you with a support agent shortly. Please hold on.
73890001-96e8-4599-8cca-363c423e0af1,6237,What’s 2+2?,out_of_scope,"I’m sorry, but I can’t help with that request. Could you please rephrase or ask something else?"
15b74994-3333-47f6-b5b7-8d9af351e167,2752,Please guide me to initiate a refund.,demand_refund,"Refund requests can be placed through Profile > Order History > Request Refund. Select your order, choose 'Request Refund', and submit your reason."
f264257a-7523-43a6-bcfc-d40d1ea98af9,2889,I want to cancel my last order.,cancel_order,"To cancel your order, please go to Profile > Order History > Cancel Order. After selecting the order, confirm the cancellation. If you face any issues, let me know."
ca4089d2-a27c-4578-8773-caf2ed6ed978,5381,I need to speak to a human agent.,talk_to_human,"Sure, let me transfer you to one of our human representatives right away."
eb67e553-7c66-4a31-a996-e6e1c2bec559,3308,Hi there!,greeting,Hi! Welcome back. What can I help you with?
45c8d5e8-c744-4be1-9307-375b6471cb28,4045,Can you show me tracking details for my order?,order_tracking,Tracking details are available under Purchases > Delivery > Tracking Info. It will show you real-time updates about your package location.
2fd0d2b1-3546-47fe-a1cd-c7a238c4fcc7,4522,I need to speak to a human agent.,talk_to_human,"Sure, let me transfer you to one of our human representatives right away."
f34f6c34-00ad-438b-944d-c16362b06233,2408,I want to cancel my last order.,cancel_order,You can cancel by navigating to Settings > Orders > Cancel Order. Choose the order you wish to cancel and follow the prompts.
a2abded4-85b0-4d9f-9880-44f64bff9ad1,4565,Where do I write a review for my last order?,review_order,"You can add a review by navigating to Purchases > Feedback > Review Order. Once there, you’ll be able to write and submit your review."
44b90a47-14a6-4412-b0ba-6138cbc74ed4,7016,Tell me the progress of my recent order.,order_status,Head over to Orders > Select Order > View Status to see where your order is in the fulfillment process.
f82a8b4b-e801-413c-917f-577d8fd4dfcc,7751,Please help me submit a problem report.,submit_complaint,"To submit a complaint, please visit Help Center > Complaints > File Issue. Provide your order details and a description of the issue."
02dc15dc-490a-47f1-a5e0-aea7a942596e,2198,Where is my order in the process?,order_status,Head over to My Account > Purchases > Track Progress to see where your order is in the fulfillment process.
a7f65cd6-f20e-411b-b88c-ec75398774c6,2006,Where can I request a refund?,demand_refund,"To get a refund, please visit Profile > Order History > Request Refund. Choose the respective order and complete the refund form."
cc22edc1-01db-44ed-81a4-10e9bb0f4a24,3231,Who won the football game yesterday?,out_of_scope,"I’m sorry, but I can’t help with that request. Could you please rephrase or ask something else?"
6d2b64c7-992c-466a-814e-fad04d6d752b,5819,"I’m done, thanks.",goodbye,Goodbye! I hope I was able to help you today.
5ba90441-3bfc-4ed1-ae1f-82a65f6e0bfc,3519,Help me post a review for my completed purchase.,review_order,"To review your order, head over to Purchases > Feedback > Review Order. Select the order and leave your feedback."
3c9c9155-b984-4d0c-beb2-fda0353194a1,4065,Why was my card declined?,payment_issue,You can manage and fix your payment issues at Profile > Wallet > Payment Issues. Select the relevant transaction to proceed.
c5244297-0516-481f-80eb-6597de3dd7c7,1807,I need to speak to a human agent.,talk_to_human,I’ll connect you with a support agent shortly. Please hold on.
8115c426-b8e5-4bfb-a6eb-558d5206af2b,5449,See you next time.,goodbye,Goodbye! I hope I was able to help you today.
ac55fc66-7b84-4790-a169-e26a3a3bdefe,1898,Tell me the progress of my recent order.,order_status,Head over to My Account > Purchases > Track Progress to see where your order is in the fulfillment process.
523e19cb-cf79-4759-a847-9e5b99642fc8,3163,Where can I request a refund?,demand_refund,"To get a refund, please visit Settings > Orders > Refund Order. Choose the respective order and complete the refund form."
fc89778c-a662-4b8e-af1d-f318097ee977,8626,How do I request money back for my purchase?,demand_refund,"Refund requests can be placed through Settings > Orders > Refund Order. Select your order, choose 'Request Refund', and submit your reason."
5e98618e-4525-4418-b427-0e88917fca76,6098,Who won the football game yesterday?,out_of_scope,This seems outside my current support scope. Please check our help center for more information.
3e976c82-9034-4b1a-84b6-6ffea67535bb,2656,Goodbye!,goodbye,Thank you for reaching out! Have a great day.
14951a9c-1b52-4e14-b443-4ec378f10145,1654,"I’m done, thanks.",goodbye,Goodbye! I hope I was able to help you today.
ca8d217d-c8ab-4a78-b812-d8603d5a0b29,2918,Please transfer me to a representative.,talk_to_human,I’ll connect you with a support agent shortly. Please hold on.
e1a83675-0080-414b-af83-5d68001de016,4768,Please help me submit a problem report.,submit_complaint,"To submit a complaint, please visit Profile > Feedback > Report Problem. Provide your order details and a description of the issue."
0e5fd722-917f-4bbc-90ec-18a4a068f98a,3557,Why was my card declined?,payment_issue,"For payment issues, navigate to My Account > Billing > Payment Help. You will find tools to resolve failed or pending transactions."
be71d793-45ef-4d00-8e69-6b4f0cd5f4ba,2226,Where is my delivery right now?,order_tracking,Tracking details are available under Orders > Track Shipment. It will show you real-time updates about your package location.
88b7fe0d-89fd-4d37-9992-405874aaa190,8265,There’s an issue I need to report.,submit_complaint,"You can report a problem by going to Profile > Feedback > Report Problem. Fill in the complaint form, and our team will review it shortly."
1a486ae1-6605-46eb-8afd-cadfeb7032cb,1781,Has my order been shipped yet?,order_status,Head over to Orders > Select Order > View Status to see where your order is in the fulfillment process.
4c7b4bed-fc23-4f85-885d-a49856f4bb5a,6175,Can you tell me the refund steps?,demand_refund,"Refund requests can be placed through My Account > Refunds > Initiate. Select your order, choose 'Request Refund', and submit your reason."
c8abd311-ca9d-47a4-8cd8-242ed174861d,4877,I need a refund on my last order.,demand_refund,"Refund requests can be placed through Settings > Orders > Refund Order. Select your order, choose 'Request Refund', and submit your reason."
8b6f8bc3-a499-465f-9347-02d037915a47,3753,I need a refund on my last order.,demand_refund,"Refund requests can be placed through My Account > Refunds > Initiate. Select your order, choose 'Request Refund', and submit your reason."
d842715f-4281-4bbc-b66f-d9905d5aa89c,2284,How do I file a complaint?,submit_complaint,"You can report a problem by going to Settings > Support > Submit Complaint. Fill in the complaint form, and our team will review it shortly."
c3c5f3a5-4c98-4eb1-bb4a-44aefe3879c4,7713,I need help with a failed transaction.,payment_issue,You can manage and fix your payment issues at My Account > Billing > Payment Help. Select the relevant transaction to proceed.
0e79b6b3-f2ba-4975-bc3b-f43c977973e0,1061,"I’m done, thanks.",goodbye,Thank you for reaching out! Have a great day.
96b5a8c8-3f10-4322-b50c-01ab184ae7f7,5212,Where do I write a review for my last order?,review_order,"To review your order, head over to My Account > Reviews > Write Review. Select the order and leave your feedback."
7e2107d5-c1b4-4e2e-a5ae-41a4596267b2,7445,Catch you later.,goodbye,Goodbye! I hope I was able to help you today.
18ae6b92-1fda-4df2-8546-478b8b8193ac,1818,Can I rate the product I bought?,review_order,"To review your order, head over to Purchases > Feedback > Review Order. Select the order and leave your feedback."
b1ee095e-8fe0-497d-968a-616bd14b7f28,6721,How can I leave a review for my order?,review_order,"To review your order, head over to Orders > Select Order > Leave Review. Select the order and leave your feedback."
3f825989-bfd6-4f41-b0c5-61da5d587f91,7066,Can you tell me the refund steps?,demand_refund,"To get a refund, please visit Settings > Orders > Refund Order. Choose the respective order and complete the refund form."
ebb23670-2b9a-4a66-9f30-8a0e0019a61f,2673,Can you write me an essay?,out_of_scope,This seems outside my current support scope. Please check our help center for more information.
48f4d7d6-6add-4e7f-bd7e-409a43650aab,6770,I need help with a failed transaction.,payment_issue,"For payment issues, navigate to Profile > Wallet > Payment Issues. You will find tools to resolve failed or pending transactions."
0b11bab3-393b-47fd-b7a8-7fd498dd87e6,7363,Tell me a joke.,out_of_scope,"I’m sorry, but I can’t help with that request. Could you please rephrase or ask something else?"
890c9565-a677-4ee4-b717-a8b90e16c3eb,4988,How do I check if my order is confirmed?,order_status,Head over to My Account > Purchases > Track Progress to see where your order is in the fulfillment process.
4b2c702f-4478-4321-8c1d-fdee9537a2b3,5201,Please transfer me to a representative.,talk_to_human,"Sure, let me transfer you to one of our human representatives right away."
ff28f7a5-958a-40d3-a42f-d080505b89be,8467,What’s the current status of my order?,order_status,You can check your order status by going to Profile > Orders > Check Status. It will display the current progress of your order.
2337e0b0-f967-4dff-a963-c5771ae1b30f,7632,"My payment is pending, what should I do?",payment_issue,You can manage and fix your payment issues at Settings > Payments > Resolve Issue. Select the relevant transaction to proceed.
5230b1c7-1eeb-47d5-adc2-36938a0bdfc4,7203,I need help with a failed transaction.,payment_issue,"For payment issues, navigate to My Account > Billing > Payment Help. You will find tools to resolve failed or pending transactions."
ea4eb83a-6220-49cf-9894-97ca97708d37,8009,Where can I request a refund?,demand_refund,"Refund requests can be placed through Profile > Order History > Request Refund. Select your order, choose 'Request Refund', and submit your reason."
44c39319-8096-4b53-aa28-6379f14e8982,2584,I want to complain about a product.,submit_complaint,"You can report a problem by going to Help Center > Complaints > File Issue. Fill in the complaint form, and our team will review it shortly."
f55c845e-6972-4bc2-92c5-8d8917f288e9,2372,"I’m done, thanks.",goodbye,Goodbye! I hope I was able to help you today.
ee3c95b5-2706-45c7-a8ee-0dbdd00bfe09,1046,Please cancel my recent purchase.,cancel_order,You can cancel by navigating to Settings > Orders > Cancel Order. Choose the order you wish to cancel and follow the prompts.
e77b6848-7712-47bd-aeec-1e7d1b682210,4376,I want to share feedback about my purchase.,review_order,"To review your order, head over to Purchases > Feedback > Review Order. Select the order and leave your feedback."
1ce5557d-5794-4be2-b412-9a9190d54041,5855,"I’m done, thanks.",goodbye,Goodbye! I hope I was able to help you today.
64eda880-be60-449c-ab61-3cb7748aa789,5398,There’s an issue I need to report.,submit_complaint,"To submit a complaint, please visit Help Center > Complaints > File Issue. Provide your order details and a description of the issue."
9bbead49-3b04-4d0b-a0df-fb3a62305dac,7214,See you next time.,goodbye,Thank you for reaching out! Have a great day.
89c68c6b-e47d-4191-9b82-7c9cd31e9bdf,4757,Hi there!,greeting,Hello there! How can I assist you with your orders today?
11f752d7-da60-473f-8442-f4351a70145a,1988,There’s a billing issue with my purchase.,payment_issue,"For payment issues, navigate to Settings > Payments > Resolve Issue. You will find tools to resolve failed or pending transactions."
08829a9e-a693-4245-97d9-a5e5980f4136,5998,Can I chat with someone from support?,talk_to_human,"Sure, let me transfer you to one of our human representatives right away."
c8a08705-8ef0-44aa-8877-1b9491029205,8297,Where do I go to raise a complaint?,submit_complaint,"To submit a complaint, please visit Help Center > Complaints > File Issue. Provide your order details and a description of the issue."
bc77f312-0944-4739-8a7e-d5693b4d30b3,4753,"My payment is pending, what should I do?",payment_issue,You can manage and fix your payment issues at My Account > Billing > Payment Help. Select the relevant transaction to proceed.
c954e999-3394-421e-acd5-3b01c4cfb668,3648,How do I request money back for my purchase?,demand_refund,"To get a refund, please visit Profile > Order History > Request Refund. Choose the respective order and complete the refund form."
88a777cb-cd7c-4584-9f98-8bb573c4dab0,5264,Please provide shipment tracking updates.,order_tracking,"To track your shipment, please go to Orders > Track Shipment. Enter your tracking ID for more details."
19e09c12-7a94-45fb-893b-1e7b705b8dbd,8781,Can you tell me the refund steps?,demand_refund,"To get a refund, please visit My Account > Refunds > Initiate. Choose the respective order and complete the refund form."
2105365d-9adb-42e2-8bbb-504ebecbf2e2,2270,Has my order been shipped yet?,order_status,Head over to Profile > Orders > Check Status to see where your order is in the fulfillment process.
45163eb7-396b-4b26-9026-044b678ebb3a,1221,Can you tell me the refund steps?,demand_refund,"To get a refund, please visit Profile > Order History > Request Refund. Choose the respective order and complete the refund form."
6c24015b-5f6c-42a2-8983-0b550f6ae560,2752,Where do I go to cancel an order?,cancel_order,"To cancel your order, please go to Settings > Orders > Cancel Order. After selecting the order, confirm the cancellation. If you face any issues, let me know."
10b30ac2-94f5-4c04-8297-317582eec3ed,4545,Where do I go to raise a complaint?,submit_complaint,"To submit a complaint, please visit Profile > Feedback > Report Problem. Provide your order details and a description of the issue."
43d21aef-01de-40e6-bb44-285bfdc9924f,2992,Can I chat with someone from support?,talk_to_human,"Sure, let me transfer you to one of our human representatives right away."
99c51b42-2360-4cf1-8f19-8e93471b0939,2972,I want to talk to a real person.,talk_to_human,"Sure, let me transfer you to one of our human representatives right away."
eea8d45e-c9e6-48e8-906c-2af695430243,9496,I want to cancel my last order.,cancel_order,"To cancel your order, please go to My Account > Purchases > Cancel. After selecting the order, confirm the cancellation. If you face any issues, let me know."
e5042ba1-608d-4f4a-9f83-272d7e31ad9d,7306,Goodbye!,goodbye,Goodbye! I hope I was able to help you today.
c5db3dcc-d0cd-4274-a672-0a7812721525,2658,Can you tell me the refund steps?,demand_refund,"Refund requests can be placed through Settings > Orders > Refund Order. Select your order, choose 'Request Refund', and submit your reason."
d4b837be-f5ef-4fe2-8cae-d36b676c2625,8222,"Hey, how are you?",greeting,Hi! Welcome back. What can I help you with?
bdc23176-355c-48c8-9666-649e1af2a192,4628,See you next time.,goodbye,Thank you for reaching out! Have a great day.
741388a2-f83c-482a-b9c5-2bc71ca6ec2a,3957,Help me post a review for my completed purchase.,review_order,"You can add a review by navigating to Purchases > Feedback > Review Order. Once there, you’ll be able to write and submit your review."
8e220390-802e-4489-9768-967679c877b4,8087,Can you connect me to support staff?,talk_to_human,"Sure, let me transfer you to one of our human representatives right away."
2a06d1ad-9fcf-4789-9a83-84197dc8115e,6230,Why was my card declined?,payment_issue,You can manage and fix your payment issues at Profile > Wallet > Payment Issues. Select the relevant transaction to proceed.
7f8285c5-03ef-45ba-8416-257ef6e4b3e2,7596,Why was my card declined?,payment_issue,You can manage and fix your payment issues at Settings > Payments > Resolve Issue. Select the relevant transaction to proceed.
1b26f88b-e31c-4a80-9fcd-3cadd8abc8b1,5293,Can you help me undo an order I placed?,cancel_order,You can cancel by navigating to Settings > Orders > Cancel Order. Choose the order you wish to cancel and follow the prompts.
ae153ea6-9f76-483d-9bf0-c523ab3a903e,9021,Catch you later.,goodbye,Thank you for reaching out! Have a great day.
db78661e-c346-40a3-aeb1-7b376ef7baf3,3107,What’s the current status of my order?,order_status,Head over to Profile > Orders > Check Status to see where your order is in the fulfillment process.
008d3b6c-0430-4c2e-b124-0705e8ea743f,2602,"Thanks, bye!",goodbye,Thank you for reaching out! Have a great day.
dd8d6b92-c81f-49ac-a5a7-30a169b1b8ad,8197,Can you help me undo an order I placed?,cancel_order,"To cancel your order, please go to Settings > Orders > Cancel Order. After selecting the order, confirm the cancellation. If you face any issues, let me know."
756c3873-a19e-4c7e-bd74-5ebdd82a5e97,2042,Please transfer me to a representative.,talk_to_human,"Sure, let me transfer you to one of our human representatives right away."
ce86598b-5570-4acb-841f-727574ade6ac,5136,Tell me the progress of my recent order.,order_status,You can check your order status by going to Orders > Select Order > View Status. It will display the current progress of your order.
e5c7f98a-911a-458b-9034-351bb9d1bdf7,9958,"Thanks, bye!",goodbye,Goodbye! I hope I was able to help you today.
7926d73e-3bea-4b66-a278-4a3c3ff70ca8,7571,How do I file a complaint?,submit_complaint,"To submit a complaint, please visit Profile > Feedback > Report Problem. Provide your order details and a description of the issue."
4861bca5-98bd-4ba4-b90c-6f877484c8d3,7321,How do I file a complaint?,submit_complaint,"To submit a complaint, please visit Settings > Support > Submit Complaint. Provide your order details and a description of the issue."
b0975b91-519e-4c64-8850-b44f82e1cdc8,3744,Please cancel my recent purchase.,cancel_order,You can cancel by navigating to Settings > Orders > Cancel Order. Choose the order you wish to cancel and follow the prompts.
212e8b27-8133-4989-945e-d94b5a4c99ae,6364,"I’m done, thanks.",goodbye,Goodbye! I hope I was able to help you today.
5ad54a8a-6f47-4b07-8a73-4bd5294bf4bf,1854,Can I chat with someone from support?,talk_to_human,"Sure, let me transfer you to one of our human representatives right away."
6d2443cc-fb3b-4b8e-b98a-9cbb4869fce3,5201,"Thanks, bye!",goodbye,Goodbye! I hope I was able to help you today.
9109d8ab-603e-4c72-98a8-2d3b68b2a109,7558,Where is my order in the process?,order_status,Head over to Profile > Orders > Check Status to see where your order is in the fulfillment process.
ece8ff2c-cd84-420a-9ce6-5396257aa866,2338,What’s the current status of my order?,order_status,You can check your order status by going to My Account > Purchases > Track Progress. It will display the current progress of your order.
dff6c1cc-ba7c-4636-96f8-0c441dcd0baa,1978,"Thanks, bye!",goodbye,Thank you for reaching out! Have a great day.
c308e3b3-9bb6-446f-b9ea-cab78a853d7f,3400,Tell me the progress of my recent order.,order_status,You can check your order status by going to My Account > Purchases > Track Progress. It will display the current progress of your order.
d76128cc-d504-4e9f-b011-bc7ed97d6586,4284,Can I chat with someone from support?,talk_to_human,"Sure, let me transfer you to one of our human representatives right away."
92b039d4-7a30-4c1c-a93a-b7545b717d52,1729,"My payment is pending, what should I do?",payment_issue,You can manage and fix your payment issues at My Account > Billing > Payment Help. Select the relevant transaction to proceed.
4976d4f3-090e-4a15-9177-6bee421b8505,4163,What’s 2+2?,out_of_scope,This seems outside my current support scope. Please check our help center for more information.
8dfaa672-c877-4656-afad-d9cf551dd8c0,2249,I need a refund on my last order.,demand_refund,"Refund requests can be placed through Profile > Order History > Request Refund. Select your order, choose 'Request Refund', and submit your reason."
b34c7115-e906-4ec0-b445-3d01c2a2186f,4924,How do I check if my order is confirmed?,order_status,Head over to Orders > Select Order > View Status to see where your order is in the fulfillment process.
7039b275-f203-4931-93e1-6a85d3d9274d,4871,Can I chat with someone from support?,talk_to_human,"Sure, let me transfer you to one of our human representatives right away."
ccd449d8-26c7-4597-bb15-0695d6701e62,5342,What’s 2+2?,out_of_scope,"I’m sorry, but I can’t help with that request. Could you please rephrase or ask something else?"
24958ddf-6b8c-4636-8335-d21c46db41e6,1022,Why was my card declined?,payment_issue,You can manage and fix your payment issues at My Account > Billing > Payment Help. Select the relevant transaction to proceed.
554bfbf3-e629-4d27-8eaa-02d1438442f6,4127,"Hi, I need some help.",greeting,Hello there! How can I assist you with your orders today?
b72f4227-3227-4e5e-8d7e-90d6b83df49a,1530,Where is my order in the process?,order_status,Head over to My Account > Purchases > Track Progress to see where your order is in the fulfillment process.
3277b54b-88ad-450f-9a06-3c5592cba7b7,4193,"I’m done, thanks.",goodbye,Thank you for reaching out! Have a great day.
9f5fe116-6e38-4d1c-a9d4-c8d5644efa44,2444,How can I leave a review for my order?,review_order,"You can add a review by navigating to My Account > Reviews > Write Review. Once there, you’ll be able to write and submit your review."
3e4bdec4-43bd-4767-9298-d85594716978,1652,I need to speak to a human agent.,talk_to_human,"Sure, let me transfer you to one of our human representatives right away."
6cc5d103-68e6-46a6-b074-cb5e8184f030,1036,Where can I request a refund?,demand_refund,"Refund requests can be placed through Settings > Orders > Refund Order. Select your order, choose 'Request Refund', and submit your reason."
95969dc9-ee21-468f-961a-63440191a619,7115,"I’m done, thanks.",goodbye,Goodbye! I hope I was able to help you today.
f1542d48-cc53-49d7-b2fe-38f740395e41,4034,How do I file a complaint?,submit_complaint,"To submit a complaint, please visit Help Center > Complaints > File Issue. Provide your order details and a description of the issue."
fa63af85-3d6e-416e-a142-c44872401d49,8285,I want to share feedback about my purchase.,review_order,"To review your order, head over to Orders > Select Order > Leave Review. Select the order and leave your feedback."
91665670-af9e-4a5d-831c-c3bfff31802d,2688,I need the courier information for my order.,order_tracking,Tracking details are available under My Account > Shipping > Track Package. It will show you real-time updates about your package location.
e9699475-3828-4506-bbc0-7fa82695b62e,5556,I need to speak to a human agent.,talk_to_human,"Sure, let me transfer you to one of our human representatives right away."
4135491f-a36e-4ca5-b1ed-ca3af7c450b0,1197,Hi there!,greeting,Hi! Welcome back. What can I help you with?
d8105b57-6299-45d8-9d42-1d84f78b0787,1354,Where do I go to cancel an order?,cancel_order,"To cancel your order, please go to My Account > Purchases > Cancel. After selecting the order, confirm the cancellation. If you face any issues, let me know."
77f9b0e0-3e2a-4c25-8778-f6c83d109495,5860,I need help with a failed transaction.,payment_issue,You can manage and fix your payment issues at Settings > Payments > Resolve Issue. Select the relevant transaction to proceed.
625b2043-ee24-4834-b5b6-ea9f689cd97e,2184,Please guide me to initiate a refund.,demand_refund,"Refund requests can be placed through Settings > Orders > Refund Order. Select your order, choose 'Request Refund', and submit your reason."
a13dc557-330d-4e75-80f1-1823790e2c52,8546,I need a refund on my last order.,demand_refund,"To get a refund, please visit Profile > Order History > Request Refund. Choose the respective order and complete the refund form."
20a4d36c-ee77-44f4-aabf-ad8d61ff9c08,3529,Please cancel my recent purchase.,cancel_order,"To cancel your order, please go to Profile > Order History > Cancel Order. After selecting the order, confirm the cancellation. If you face any issues, let me know."
76289096-2b41-459d-9bf5-26288003cfdd,9258,Tell me the progress of my recent order.,order_status,You can check your order status by going to My Account > Purchases > Track Progress. It will display the current progress of your order.
c25253f4-e849-4139-9be8-6d680485d9cf,2220,How do I request money back for my purchase?,demand_refund,"To get a refund, please visit Profile > Order History > Request Refund. Choose the respective order and complete the refund form."
c4024c98-e88a-4cf5-98a7-50412ab0f6d5,5527,"Hi, I need some help.",greeting,Hi! Welcome back. What can I help you with?
170ac2b8-c854-406c-a82d-740ee15646a1,4837,Hi there!,greeting,Hi! Welcome back. What can I help you with?
b96e8a4b-2402-4b75-a630-e224ae0c316f,6769,Please guide me to initiate a refund.,demand_refund,"To get a refund, please visit Profile > Order History > Request Refund. Choose the respective order and complete the refund form."
e009ac53-74f1-4203-950f-fac443fb505a,9816,Please provide shipment tracking updates.,order_tracking,Tracking details are available under Orders > Track Shipment. It will show you real-time updates about your package location.
3402124b-7779-4fef-b56f-d6fa4e7daad1,8052,Hello!,greeting,Hi! Welcome back. What can I help you with?
7ec9057f-12f5-4362-ba99-0d5a4ab796c0,6438,Where do I go to cancel an order?,cancel_order,"To cancel your order, please go to Profile > Order History > Cancel Order. After selecting the order, confirm the cancellation. If you face any issues, let me know."
79d98c28-d2b0-44cb-b1c2-3646021813b0,6974,There’s a billing issue with my purchase.,payment_issue,You can manage and fix your payment issues at My Account > Billing > Payment Help. Select the relevant transaction to proceed.
a5ae8cbd-4062-47f9-b217-8c731fb72319,8236,"Hi, I need some help.",greeting,Hi! Welcome back. What can I help you with?
d213a8af-155f-44d5-85d1-00f7958fcc1b,6778,Where do I go to cancel an order?,cancel_order,"To cancel your order, please go to Profile > Order History > Cancel Order. After selecting the order, confirm the cancellation. If you face any issues, let me know."
047c5bf1-7cdc-456b-aef6-957a298794a5,9129,I want to share feedback about my purchase.,review_order,"To review your order, head over to Orders > Select Order > Leave Review. Select the order and leave your feedback."
4eb86994-2813-40d8-86cf-81bb637f1806,1763,Where do I write a review for my last order?,review_order,"To review your order, head over to Purchases > Feedback > Review Order. Select the order and leave your feedback."
f0c05699-1b65-4e10-9cde-223244d43fc9,2413,Who won the football game yesterday?,out_of_scope,"I’m sorry, but I can’t help with that request. Could you please rephrase or ask something else?"
15e340df-303e-4b64-aef5-b22100a3901b,6327,I need help with a failed transaction.,payment_issue,"For payment issues, navigate to Profile > Wallet > Payment Issues. You will find tools to resolve failed or pending transactions."
937fbc81-1f1f-4e45-b8d7-8afaf8a42309,7187,Hello!,greeting,Hi! Welcome back. What can I help you with?
797e57ac-0f32-4aa9-a3c5-e19f6364a6fd,9195,I want to share feedback about my purchase.,review_order,"To review your order, head over to Purchases > Feedback > Review Order. Select the order and leave your feedback."
c7fb802b-14e5-4f69-ab90-5a23470b8066,5008,Where do I go to raise a complaint?,submit_complaint,"You can report a problem by going to Profile > Feedback > Report Problem. Fill in the complaint form, and our team will review it shortly."
cb98ba6c-2049-4b7f-8d79-07e2cb6173fe,8029,Can I chat with someone from support?,talk_to_human,I’ll connect you with a support agent shortly. Please hold on.
17bde5d3-5255-4e9c-9d92-713fb9c164c3,2963,Where do I write a review for my last order?,review_order,"You can add a review by navigating to My Account > Reviews > Write Review. Once there, you’ll be able to write and submit your review."
efd152f1-ab4c-487f-a1db-aa0370f382c1,9492,Is there a way to stop processing on my order?,cancel_order,You can cancel by navigating to My Account > Purchases > Cancel. Choose the order you wish to cancel and follow the prompts.
8f68149d-1b38-473a-aa59-d2e51e46be6c,7133,Hi there!,greeting,Hi! Welcome back. What can I help you with?
352989e9-ae52-484f-901d-3c28e32c4bed,6248,Can you help me undo an order I placed?,cancel_order,You can cancel by navigating to My Account > Purchases > Cancel. Choose the order you wish to cancel and follow the prompts.
d18a85a5-4e01-490c-8966-aedce19957ae,5364,My payment didn’t go through.,payment_issue,You can manage and fix your payment issues at My Account > Billing > Payment Help. Select the relevant transaction to proceed.
634fc5c8-c598-4f6f-9b1a-2ff190fbe7e6,6389,"Thanks, bye!",goodbye,Thank you for reaching out! Have a great day.
c4dfcb8b-3e61-45e8-b6ba-5342c5e39028,8439,"Thanks, bye!",goodbye,Goodbye! I hope I was able to help you today.
1c024611-8363-4e74-a199-c90a43ef69c3,6112,Please cancel my recent purchase.,cancel_order,You can cancel by navigating to Settings > Orders > Cancel Order. Choose the order you wish to cancel and follow the prompts.
871fe5de-f22d-49d9-9156-77985d1c29d0,9544,Where do I write a review for my last order?,review_order,"You can add a review by navigating to My Account > Reviews > Write Review. Once there, you’ll be able to write and submit your review."
c974ed21-b39a-4d97-97a4-761661aab2b3,7079,Please transfer me to a representative.,talk_to_human,I’ll connect you with a support agent shortly. Please hold on.
1ad5c582-2648-41a3-98f0-345d9a168ad2,4324,Help me post a review for my completed purchase.,review_order,"You can add a review by navigating to Purchases > Feedback > Review Order. Once there, you’ll be able to write and submit your review."
1941bfb8-c86b-43f8-9922-99a735782d08,2935,Can you tell me the refund steps?,demand_refund,"To get a refund, please visit Profile > Order History > Request Refund. Choose the respective order and complete the refund form."
0a2c8557-3e84-4f4b-bd38-db4566453432,2229,What’s the weather like today?,out_of_scope,"I’m sorry, but I can’t help with that request. Could you please rephrase or ask something else?"
8be42a38-c9af-4189-ae2b-d51bc9b6ec32,7298,Hello!,greeting,Hi! Welcome back. What can I help you with?
1dcbf771-935e-471e-b479-f32f7caf0969,3233,Help me post a review for my completed purchase.,review_order,"To review your order, head over to My Account > Reviews > Write Review. Select the order and leave your feedback."
d6ca4705-8e13-4c98-ab92-f2e560732c74,8000,Can I chat with someone from support?,talk_to_human,I’ll connect you with a support agent shortly. Please hold on.
524cc90b-c93d-40a1-9da3-035f6513da7f,9574,Can you help me undo an order I placed?,cancel_order,"To cancel your order, please go to Profile > Order History > Cancel Order. After selecting the order, confirm the cancellation. If you face any issues, let me know."
81b34a4f-c239-4816-ad72-5796ba30bd1b,8184,Please guide me to initiate a refund.,demand_refund,"To get a refund, please visit My Account > Refunds > Initiate. Choose the respective order and complete the refund form."
d2b706fb-a52b-4faa-b98e-6e1d0670211b,5471,There’s a billing issue with my purchase.,payment_issue,"For payment issues, navigate to My Account > Billing > Payment Help. You will find tools to resolve failed or pending transactions."
df0bc714-bf72-46b7-ab3a-e136068f44fc,2528,There’s a billing issue with my purchase.,payment_issue,"For payment issues, navigate to Profile > Wallet > Payment Issues. You will find tools to resolve failed or pending transactions."
95afd084-c56e-4f0b-991e-387b34cd5d04,4286,There’s an issue I need to report.,submit_complaint,"To submit a complaint, please visit Profile > Feedback > Report Problem. Provide your order details and a description of the issue."
bada8390-eab1-4f9c-93d0-3fc2f2433b9a,8480,There’s an issue I need to report.,submit_complaint,"To submit a complaint, please visit Profile > Feedback > Report Problem. Provide your order details and a description of the issue."
57428cc0-c958-42ee-ad81-263545092783,5067,Has my order been shipped yet?,order_status,You can check your order status by going to My Account > Purchases > Track Progress. It will display the current progress of your order.
db93022e-5dea-49ad-a73e-76438892bfb9,4120,Can you help me undo an order I placed?,cancel_order,You can cancel by navigating to Settings > Orders > Cancel Order. Choose the order you wish to cancel and follow the prompts.
9a592e3f-3078-4da6-bba9-59ee785e2846,9289,Good morning!,greeting,Hi! Welcome back. What can I help you with?
d6121ce8-9e9e-4664-9274-a194c17840c6,3526,How do I file a complaint?,submit_complaint,"You can report a problem by going to Help Center > Complaints > File Issue. Fill in the complaint form, and our team will review it shortly."
0bb361eb-479e-4e74-8615-69368a2ed1ab,3199,Can you help me undo an order I placed?,cancel_order,"To cancel your order, please go to Settings > Orders > Cancel Order. After selecting the order, confirm the cancellation. If you face any issues, let me know."
7402d507-ae75-405a-8007-07d26bade512,4203,Can I chat with someone from support?,talk_to_human,"Sure, let me transfer you to one of our human representatives right away."
be5695d0-ff50-45d2-bd0f-8893f802fa96,8548,There’s a billing issue with my purchase.,payment_issue,"For payment issues, navigate to Profile > Wallet > Payment Issues. You will find tools to resolve failed or pending transactions."
630a7aaa-f0aa-4daa-972a-ae82ce2376f3,3177,There’s a billing issue with my purchase.,payment_issue,You can manage and fix your payment issues at Settings > Payments > Resolve Issue. Select the relevant transaction to proceed.
26010172-ec7f-4ed9-901c-e7f33c3ddd44,7025,How do I file a complaint?,submit_complaint,"You can report a problem by going to Profile > Feedback > Report Problem. Fill in the complaint form, and our team will review it shortly."
9fd2ca36-7597-4d12-90d9-e207f0f7c833,4380,Good morning!,greeting,Hi! Welcome back. What can I help you with?
2a824995-794e-4775-9f8d-30f3b147d7c3,3067,Please transfer me to a representative.,talk_to_human,I’ll connect you with a support agent shortly. Please hold on.
cf0762de-c35f-4535-a8db-b4260b85f91f,8636,Can you tell me the refund steps?,demand_refund,"Refund requests can be placed through Profile > Order History > Request Refund. Select your order, choose 'Request Refund', and submit your reason."
3f7ca0c1-a7d1-4da6-8fa2-90a753c8eb7a,3561,Good morning!,greeting,Hello there! How can I assist you with your orders today?
b87f7284-25a3-43cc-b300-2a843bbd5771,9978,Goodbye!,goodbye,Goodbye! I hope I was able to help you today.
bc975ece-113e-467e-8ae0-577e6f043007,5347,Can you write me an essay?,out_of_scope,This seems outside my current support scope. Please check our help center for more information.
e0d810da-a0bc-4d90-ab4a-05bab7442521,7795,Where do I go to raise a complaint?,submit_complaint,"You can report a problem by going to Help Center > Complaints > File Issue. Fill in the complaint form, and our team will review it shortly."
adbee755-ca43-46aa-a4bc-3931869dd33a,2314,"I’m done, thanks.",goodbye,Goodbye! I hope I was able to help you today.
a404d1b7-2cb8-44ae-8967-9ec478f5a016,3219,Where can I request a refund?,demand_refund,"To get a refund, please visit Settings > Orders > Refund Order. Choose the respective order and complete the refund form."
668b5dbf-5d23-4ee3-b5a3-33e065432c25,4459,"I’m done, thanks.",goodbye,Thank you for reaching out! Have a great day.
7431de21-9593-4fec-82aa-34b71119dab0,2055,Why was my card declined?,payment_issue,You can manage and fix your payment issues at Profile > Wallet > Payment Issues. Select the relevant transaction to proceed.
18e1536f-1886-44f8-ab58-cc6083c247f1,5008,Please guide me to initiate a refund.,demand_refund,"To get a refund, please visit My Account > Refunds > Initiate. Choose the respective order and complete the refund form."
7d8c29de-649d-4cec-b3af-f8d5593138fc,3335,I need the courier information for my order.,order_tracking,Tracking details are available under Orders > Track Shipment. It will show you real-time updates about your package location.
4c8b33ba-a3ed-4880-b9cf-eca05d13748f,6799,How can I leave a review for my order?,review_order,"You can add a review by navigating to Orders > Select Order > Leave Review. Once there, you’ll be able to write and submit your review."
d4b55c79-2394-459a-a73e-86a699c99ebe,9347,"Hi, I need some help.",greeting,Hello there! How can I assist you with your orders today?
0400cd16-2264-4160-91c2-68a751580638,3094,How do I check if my order is confirmed?,order_status,You can check your order status by going to Profile > Orders > Check Status. It will display the current progress of your order.
e2e15036-9dcf-417c-93cf-81177a0fac25,2971,Hi there!,greeting,Hi! Welcome back. What can I help you with?
02f7392f-5882-4dcf-b391-800dd280f547,2728,Can you help me undo an order I placed?,cancel_order,"To cancel your order, please go to Settings > Orders > Cancel Order. After selecting the order, confirm the cancellation. If you face any issues, let me know."
bce02047-4ab7-4e46-8217-939e1d0709d3,1337,Can you write me an essay?,out_of_scope,"I’m sorry, but I can’t help with that request. Could you please rephrase or ask something else?"
8ac20dce-ef0f-4b61-a77f-eefd9aa6d358,1913,"Hey, how are you?",greeting,Hi! Welcome back. What can I help you with?
73292f85-1112-4c1d-97ba-33e941457b22,7713,Can you show me tracking details for my order?,order_tracking,Tracking details are available under Orders > Track Shipment. It will show you real-time updates about your package location.
2616c656-0dd8-4dbb-a9c0-c25b425b679f,7709,Tell me the progress of my recent order.,order_status,You can check your order status by going to Orders > Select Order > View Status. It will display the current progress of your order.
dba151f7-d313-4b65-bea7-c0ad5c701aae,2735,Hello!,greeting,Hi! Welcome back. What can I help you with?
083bb322-64ac-4bab-804b-ec3c23759001,3091,Has my order been shipped yet?,order_status,Head over to Profile > Orders > Check Status to see where your order is in the fulfillment process.
99272e15-f5a5-4b12-ad3d-40f7204c3764,3308,Help me post a review for my completed purchase.,review_order,"To review your order, head over to Purchases > Feedback > Review Order. Select the order and leave your feedback."
d5cd593b-9d05-4fec-8bb7-b0098204d963,4482,I need help with a failed transaction.,payment_issue,"For payment issues, navigate to My Account > Billing > Payment Help. You will find tools to resolve failed or pending transactions."
b20f1fcf-eb4a-44a1-8e29-4dae4b4008e4,5217,"My payment is pending, what should I do?",payment_issue,You can manage and fix your payment issues at Profile > Wallet > Payment Issues. Select the relevant transaction to proceed.
2b5ea600-1021-4beb-9ec1-9c5c6a90df4e,8454,Good morning!,greeting,Hello there! How can I assist you with your orders today?
0bcd20a8-7bab-4ea5-8fa6-45402b19d291,1291,Who won the football game yesterday?,out_of_scope,This seems outside my current support scope. Please check our help center for more information.
22727b08-b409-4f8d-9ae2-622be57a334c,3106,Please provide shipment tracking updates.,order_tracking,"To track your shipment, please go to Orders > Track Shipment. Enter your tracking ID for more details."
a531e163-e52e-4703-b5d0-cd3d70de7427,1844,How can I leave a review for my order?,review_order,"To review your order, head over to My Account > Reviews > Write Review. Select the order and leave your feedback."
6df059be-9702-4831-a491-702f8cff8e74,5706,Good morning!,greeting,Hello there! How can I assist you with your orders today?
29a57ff2-4112-4b70-9c96-f066456e7301,8697,How do I file a complaint?,submit_complaint,"You can report a problem by going to Help Center > Complaints > File Issue. Fill in the complaint form, and our team will review it shortly."
d40abfe3-3b3f-428c-9a40-36c30e766e39,4442,My payment didn’t go through.,payment_issue,"For payment issues, navigate to My Account > Billing > Payment Help. You will find tools to resolve failed or pending transactions."
286b219a-9c92-45fe-9d65-b8eea954d359,8249,What’s the current status of my order?,order_status,Head over to My Account > Purchases > Track Progress to see where your order is in the fulfillment process.
5b97ed55-9fd6-48a3-aa37-7f42a8aefd78,6140,Catch you later.,goodbye,Goodbye! I hope I was able to help you today.
4efb8db9-fa02-434f-8bb6-c593c999ddc6,6908,I need the courier information for my order.,order_tracking,Tracking details are available under My Account > Shipping > Track Package. It will show you real-time updates about your package location.
3a1451e1-1e34-4351-97d1-b92dd4ed7ffa,4843,What’s 2+2?,out_of_scope,"I’m sorry, but I can’t help with that request. Could you please rephrase or ask something else?"
93bb3e87-1f12-43bb-8224-88bafd07d2bb,2265,Catch you later.,goodbye,Goodbye! I hope I was able to help you today.
c3828b42-e9f1-44dd-9081-3944cc5f02c7,8100,Where do I write a review for my last order?,review_order,"To review your order, head over to Purchases > Feedback > Review Order. Select the order and leave your feedback."
a6319415-5d23-454a-b281-5f4ac58f1e28,4493,Has my order been shipped yet?,order_status,You can check your order status by going to Orders > Select Order > View Status. It will display the current progress of your order.
474d354f-9541-4903-8810-9f22d0888dab,2485,I need to speak to a human agent.,talk_to_human,"Sure, let me transfer you to one of our human representatives right away."
eec313b9-0994-403f-9af4-f92ecf896248,2583,How do I check if my order is confirmed?,order_status,You can check your order status by going to Profile > Orders > Check Status. It will display the current progress of your order.
f5366f66-fc67-4976-bfd8-deb2705265a6,3251,Please provide shipment tracking updates.,order_tracking,"To track your shipment, please go to Purchases > Delivery > Tracking Info. Enter your tracking ID for more details."
3281a74f-7ac8-440c-be8d-888591596ba5,4920,Please cancel my recent purchase.,cancel_order,"To cancel your order, please go to My Account > Purchases > Cancel. After selecting the order, confirm the cancellation. If you face any issues, let me know."
c1cf1c29-d511-4467-ae46-68c4681021fb,6076,See you next time.,goodbye,Goodbye! I hope I was able to help you today.
a901e9a5-d03c-41f8-a782-51aff7655297,4332,Is there a way to stop processing on my order?,cancel_order,"To cancel your order, please go to My Account > Purchases > Cancel. After selecting the order, confirm the cancellation. If you face any issues, let me know."
ea7fe72f-55fa-4274-9ab7-6a3187dc6a8e,1562,Goodbye!,goodbye,Thank you for reaching out! Have a great day.
209a62d4-9b32-4ff7-8761-0c7662e0b09e,8432,Tell me the progress of my recent order.,order_status,You can check your order status by going to My Account > Purchases > Track Progress. It will display the current progress of your order.
f6f4ffb3-9ba0-46c8-8ec3-79d75972a36e,1159,How do I check if my order is confirmed?,order_status,Head over to Profile > Orders > Check Status to see where your order is in the fulfillment process.
65f62905-6666-4aba-a1ef-df05fc75b607,1189,Please help me submit a problem report.,submit_complaint,"To submit a complaint, please visit Settings > Support > Submit Complaint. Provide your order details and a description of the issue."
8a8b2fc4-c307-4188-963d-05a094ad321a,3183,Who won the football game yesterday?,out_of_scope,This seems outside my current support scope. Please check our help center for more information.
25f70de6-6189-41d5-9bab-1e763fe8d4a4,3174,Tell me the progress of my recent order.,order_status,You can check your order status by going to Orders > Select Order > View Status. It will display the current progress of your order.
751fb6a5-2838-44ad-b24d-f91ba6304910,5174,How can I leave a review for my order?,review_order,"You can add a review by navigating to Orders > Select Order > Leave Review. Once there, you’ll be able to write and submit your review."
28b48d21-aece-4b43-b29a-a97a7828bc31,5562,Where do I write a review for my last order?,review_order,"You can add a review by navigating to Purchases > Feedback > Review Order. Once there, you’ll be able to write and submit your review."
bd94d511-3d94-4f75-a55d-c122652879af,6693,Goodbye!,goodbye,Thank you for reaching out! Have a great day.
4658f411-5fa8-4f37-8261-9845c0d9403d,9507,My payment didn’t go through.,payment_issue,You can manage and fix your payment issues at My Account > Billing > Payment Help. Select the relevant transaction to proceed.
db1ff4e9-5eda-4204-87eb-99964557d9e8,3053,There’s an issue I need to report.,submit_complaint,"To submit a complaint, please visit Profile > Feedback > Report Problem. Provide your order details and a description of the issue."
5cc3a8db-e725-4788-987c-e4df2d2f7f7a,2593,"Thanks, bye!",goodbye,Thank you for reaching out! Have a great day.
db9260fa-b368-4330-8bd1-fa5ebbf0e380,7930,What’s 2+2?,out_of_scope,This seems outside my current support scope. Please check our help center for more information.
d5eef3a9-6561-4ff5-b7c6-87718b239ebf,2225,How can I leave a review for my order?,review_order,"You can add a review by navigating to Purchases > Feedback > Review Order. Once there, you’ll be able to write and submit your review."
b898aaef-d39b-4fe4-bf51-415c9c347948,6528,Who won the football game yesterday?,out_of_scope,This seems outside my current support scope. Please check our help center for more information.
bfe5f880-c961-4a6b-9a8e-fe22e8202b59,7666,I need to speak to a human agent.,talk_to_human,I’ll connect you with a support agent shortly. Please hold on.
6858bf96-5444-4e79-8a25-8e6c4fd70c5e,3239,Where do I write a review for my last order?,review_order,"To review your order, head over to My Account > Reviews > Write Review. Select the order and leave your feedback."
44409465-8ab9-40b1-9961-723f19ce9dfc,2662,Hello!,greeting,Hello there! How can I assist you with your orders today?
867023c9-d1f0-4631-b5ae-fd36db497b33,1255,My payment didn’t go through.,payment_issue,You can manage and fix your payment issues at Settings > Payments > Resolve Issue. Select the relevant transaction to proceed.
46da2ff1-8eea-4dc7-b69e-42fc92493427,3537,Can you connect me to support staff?,talk_to_human,I’ll connect you with a support agent shortly. Please hold on.
d5e43f31-a87f-4e80-a938-42658d3b5c70,5804,Help me post a review for my completed purchase.,review_order,"You can add a review by navigating to Purchases > Feedback > Review Order. Once there, you’ll be able to write and submit your review."
431d4212-dcb8-4158-8414-92148708d034,4436,What’s the weather like today?,out_of_scope,This seems outside my current support scope. Please check our help center for more information.
0256bde8-dfec-4ff0-b0e8-027183b34467,1966,"Hey, how are you?",greeting,Hi! Welcome back. What can I help you with?
eb2fd941-849d-4856-8a19-8e3aebce9ebe,3849,How do I check if my order is confirmed?,order_status,You can check your order status by going to Orders > Select Order > View Status. It will display the current progress of your order.
77d65602-c1ab-48e7-8005-f43392562225,7987,See you next time.,goodbye,Goodbye! I hope I was able to help you today.
2273104e-f835-42e3-86ef-5dc979c8b3c4,4676,Can you help me undo an order I placed?,cancel_order,You can cancel by navigating to Profile > Order History > Cancel Order. Choose the order you wish to cancel and follow the prompts.
8126c7ba-190d-4bfb-a2d9-eeea8a3be427,1225,Tell me the progress of my recent order.,order_status,Head over to My Account > Purchases > Track Progress to see where your order is in the fulfillment process.
bae1feb1-d3ed-4184-99f9-35868a6b95da,7346,See you next time.,goodbye,Goodbye! I hope I was able to help you today.
edd4e1ff-2b39-4b08-a76b-04caeab7764d,6994,Please transfer me to a representative.,talk_to_human,"Sure, let me transfer you to one of our human representatives right away."
6076a02b-8c00-4d4c-9630-6c33bf79b96c,2862,Can you help me undo an order I placed?,cancel_order,"To cancel your order, please go to Settings > Orders > Cancel Order. After selecting the order, confirm the cancellation. If you face any issues, let me know."
b9632215-5511-41fc-8578-be433142813e,5772,Tell me the progress of my recent order.,order_status,You can check your order status by going to Orders > Select Order > View Status. It will display the current progress of your order.
215902b5-35c0-4222-bb2a-980d4d012954,5128,I need to speak to a human agent.,talk_to_human,"Sure, let me transfer you to one of our human representatives right away."
f6c85dc1-5563-4e5f-bdb3-592e18913545,8743,Where is my order in the process?,order_status,You can check your order status by going to Orders > Select Order > View Status. It will display the current progress of your order.
580e7b7f-76ea-40e2-aa29-b75fba0e0ba1,9129,Can you write me an essay?,out_of_scope,This seems outside my current support scope. Please check our help center for more information.
06f2ed6d-8ea9-4d79-b382-46f53fd9ea18,2208,Tell me the progress of my recent order.,order_status,You can check your order status by going to Orders > Select Order > View Status. It will display the current progress of your order.
e0dac39e-797e-4a26-afdf-5d6726500db1,5477,Has my order been shipped yet?,order_status,You can check your order status by going to My Account > Purchases > Track Progress. It will display the current progress of your order.
42083d48-ed0c-4e69-9854-75eab5996ab3,9179,Can you show me tracking details for my order?,order_tracking,"To track your shipment, please go to Purchases > Delivery > Tracking Info. Enter your tracking ID for more details."
c07622ce-2a2b-4e75-b3c7-4ba156af29e2,6275,Tell me a joke.,out_of_scope,This seems outside my current support scope. Please check our help center for more information.
44a4e0e9-4de8-4413-b45e-001731d0fb54,5872,Good morning!,greeting,Hi! Welcome back. What can I help you with?
89634f15-27b7-4402-bf21-4940f6d3e6ba,4593,Can you help me undo an order I placed?,cancel_order,You can cancel by navigating to Profile > Order History > Cancel Order. Choose the order you wish to cancel and follow the prompts.
9bdce1e6-d070-4648-a364-ebc11644dc80,5318,Tell me the progress of my recent order.,order_status,Head over to Orders > Select Order > View Status to see where your order is in the fulfillment process.
e3bb7264-1bb4-42c3-86c0-71a8d5ccd734,2323,There’s a billing issue with my purchase.,payment_issue,You can manage and fix your payment issues at Settings > Payments > Resolve Issue. Select the relevant transaction to proceed.
b55948f0-2a4b-4adb-ba0d-0a767a2e913c,4156,Can I rate the product I bought?,review_order,"To review your order, head over to Orders > Select Order > Leave Review. Select the order and leave your feedback."
bfc3527a-757f-4f80-97cb-979cb1679ac5,2441,"Thanks, bye!",goodbye,Thank you for reaching out! Have a great day.
06cdbb83-fcef-4d9a-9f1b-bcb30f3244b8,8469,How can I leave a review for my order?,review_order,"You can add a review by navigating to Orders > Select Order > Leave Review. Once there, you’ll be able to write and submit your review."
1503fc8f-0518-4ee5-8eb2-59d9f4e987fe,9012,I want to cancel my last order.,cancel_order,"To cancel your order, please go to My Account > Purchases > Cancel. After selecting the order, confirm the cancellation. If you face any issues, let me know."
597a3998-41e4-49a1-b6e4-ca393ac61266,6588,How do I request money back for my purchase?,demand_refund,"To get a refund, please visit Settings > Orders > Refund Order. Choose the respective order and complete the refund form."
59b793ee-a696-49f7-8ca6-0e854ad2b32f,9512,Hello!,greeting,Hi! Welcome back. What can I help you with?
9e2f1c91-d91b-43c8-bc7e-88d1bce912c1,4900,Please provide shipment tracking updates.,order_tracking,Tracking details are available under My Account > Shipping > Track Package. It will show you real-time updates about your package location.
5ff2db0d-e728-4d27-8330-380a46f3b041,7702,Can you write me an essay?,out_of_scope,This seems outside my current support scope. Please check our help center for more information.
5cf61f4d-6d42-4d02-8886-6138434842fc,6855,Good morning!,greeting,Hi! Welcome back. What can I help you with?
b4b36af7-e1f1-4f44-85dc-82aee0d52e57,9778,Please transfer me to a representative.,talk_to_human,I’ll connect you with a support agent shortly. Please hold on.
d558294c-c13a-4cdd-b4e8-94accde6f196,2466,"Hi, I need some help.",greeting,Hello there! How can I assist you with your orders today?
ba234ccb-bcda-4a46-81ea-d55036e8307f,3313,Please help me submit a problem report.,submit_complaint,"To submit a complaint, please visit Settings > Support > Submit Complaint. Provide your order details and a description of the issue."
c9c181ab-e318-4e37-98f6-1ec893f843da,6984,Please transfer me to a representative.,talk_to_human,I’ll connect you with a support agent shortly. Please hold on.
d3eaf09b-098d-4b57-a1cc-f5486b7e6f56,3006,Good morning!,greeting,Hi! Welcome back. What can I help you with?
1903c9cd-d640-4419-bf91-422a7f97cb8e,6332,Track my shipment please.,order_tracking,Tracking details are available under Orders > Track Shipment. It will show you real-time updates about your package location.
473c420f-af21-4d9b-be63-a80a84ba1016,3282,Can I chat with someone from support?,talk_to_human,"Sure, let me transfer you to one of our human representatives right away."
b57ae02c-f3f0-452e-9029-f7842cc451b6,6656,Please help me submit a problem report.,submit_complaint,"To submit a complaint, please visit Profile > Feedback > Report Problem. Provide your order details and a description of the issue."
85c55df6-d856-4d0c-8b00-a66c4cf4ede3,6357,I want to complain about a product.,submit_complaint,"You can report a problem by going to Profile > Feedback > Report Problem. Fill in the complaint form, and our team will review it shortly."
c07d5905-edaf-4c81-8db2-ce0b97535329,1678,See you next time.,goodbye,Goodbye! I hope I was able to help you today.
21b8ea26-d7fa-4c7a-a8d7-87009973a7c0,4875,Has my order been shipped yet?,order_status,Head over to My Account > Purchases > Track Progress to see where your order is in the fulfillment process.
dabed282-2d44-4035-b656-41e1542f0e48,5818,Is there a way to stop processing on my order?,cancel_order,"To cancel your order, please go to My Account > Purchases > Cancel. After selecting the order, confirm the cancellation. If you face any issues, let me know."
5b1a4189-5a9a-4b27-a6c6-157db466f84b,6495,Please transfer me to a representative.,talk_to_human,"Sure, let me transfer you to one of our human representatives right away."
ad6e92ea-4d56-4ebb-8de4-baa421238c1a,5598,How do I check if my order is confirmed?,order_status,Head over to Profile > Orders > Check Status to see where your order is in the fulfillment process.
e2e90f03-9447-47c0-8d85-524cb9540498,3464,There’s an issue I need to report.,submit_complaint,"You can report a problem by going to Profile > Feedback > Report Problem. Fill in the complaint form, and our team will review it shortly."
c57b01f9-354b-4022-b0ba-4bac7326ee1d,8685,Where is my order in the process?,order_status,Head over to Profile > Orders > Check Status to see where your order is in the fulfillment process.
5cf7dfd6-cab4-4ceb-aaad-052a27dcb8ab,4534,I need a refund on my last order.,demand_refund,"To get a refund, please visit Profile > Order History > Request Refund. Choose the respective order and complete the refund form."
8caaa9b4-b389-46e6-88b5-106f57f99c37,2483,Catch you later.,goodbye,Goodbye! I hope I was able to help you today.
9ec41c46-8c2a-409d-9c25-ceb519e6c76d,5027,I want to share feedback about my purchase.,review_order,"You can add a review by navigating to Orders > Select Order > Leave Review. Once there, you’ll be able to write and submit your review."
ac072149-1868-4b1f-ac35-9816445768a4,1358,Where can I request a refund?,demand_refund,"To get a refund, please visit Profile > Order History > Request Refund. Choose the respective order and complete the refund form."
d0a9cee9-6ab4-44b1-a1f9-e45376487b60,5488,What’s 2+2?,out_of_scope,"I’m sorry, but I can’t help with that request. Could you please rephrase or ask something else?"
c0d77d60-9d4e-4c5b-9a59-c2dca875e811,5880,Can you tell me the refund steps?,demand_refund,"Refund requests can be placed through Settings > Orders > Refund Order. Select your order, choose 'Request Refund', and submit your reason."
bdecf7ee-2d68-49ea-a4f9-c9569fb15ac5,1329,Please transfer me to a representative.,talk_to_human,I’ll connect you with a support agent shortly. Please hold on.
b76b77e0-1948-448a-afed-563358f315c7,3331,Can you show me tracking details for my order?,order_tracking,Tracking details are available under Purchases > Delivery > Tracking Info. It will show you real-time updates about your package location.
7575b526-29ae-4583-8f21-a7cd4e1b61dd,6495,Please transfer me to a representative.,talk_to_human,I’ll connect you with a support agent shortly. Please hold on.
a500f4a0-5257-4d59-85df-95ce7bc69460,3838,Can you connect me to support staff?,talk_to_human,"Sure, let me transfer you to one of our human representatives right away."
d930d447-8cea-4cee-ba90-8a5d4be727f2,7178,"My payment is pending, what should I do?",payment_issue,You can manage and fix your payment issues at My Account > Billing > Payment Help. Select the relevant transaction to proceed.
1cace6f1-2385-4f94-9cd9-e9c3c32055ff,8422,I want to cancel my last order.,cancel_order,"To cancel your order, please go to Settings > Orders > Cancel Order. After selecting the order, confirm the cancellation. If you face any issues, let me know."
7ce0a301-8f9e-4463-bdb9-ee3521190977,5856,Please help me submit a problem report.,submit_complaint,"To submit a complaint, please visit Settings > Support > Submit Complaint. Provide your order details and a description of the issue."
650a8727-6b05-4756-99c0-ebd2d30dcc40,1719,I want to talk to a real person.,talk_to_human,"Sure, let me transfer you to one of our human representatives right away."
a4b48502-a794-4979-9eb1-111aae064f92,7724,Has my order been shipped yet?,order_status,You can check your order status by going to My Account > Purchases > Track Progress. It will display the current progress of your order.
0116f861-ccb4-4c0d-9399-13cf4b269cb2,1015,"Hey, how are you?",greeting,Hello there! How can I assist you with your orders today?
98234ad2-c403-42b1-9636-53f59fe3d3b4,8449,I want to share feedback about my purchase.,review_order,"You can add a review by navigating to My Account > Reviews > Write Review. Once there, you’ll be able to write and submit your review."
04be4b1e-f113-42b6-9176-f2b88ffb5665,6453,Why was my card declined?,payment_issue,"For payment issues, navigate to Settings > Payments > Resolve Issue. You will find tools to resolve failed or pending transactions."
a145d85d-df9f-4eb3-9da7-70dc79c5d9c0,6702,"Thanks, bye!",goodbye,Goodbye! I hope I was able to help you today.
8622706e-cce5-4271-aa22-d3e4e5d9aac2,7455,Has my order been shipped yet?,order_status,You can check your order status by going to Orders > Select Order > View Status. It will display the current progress of your order.
201bb348-72ee-4ee5-b8ff-704c447c5623,9517,Please cancel my recent purchase.,cancel_order,"To cancel your order, please go to My Account > Purchases > Cancel. After selecting the order, confirm the cancellation. If you face any issues, let me know."
5ad2b9c3-62eb-4e4d-b883-eba1fc1ecb41,6565,I want to cancel my last order.,cancel_order,"To cancel your order, please go to Settings > Orders > Cancel Order. After selecting the order, confirm the cancellation. If you face any issues, let me know."
6eeda93b-ef31-4ecb-9ae1-cd6176cb3bf4,9938,My payment didn’t go through.,payment_issue,You can manage and fix your payment issues at Profile > Wallet > Payment Issues. Select the relevant transaction to proceed.
4e52aeff-7528-4b18-a914-e976a2fc4147,5352,"I’m done, thanks.",goodbye,Goodbye! I hope I was able to help you today.
7ede8afe-91f3-4a77-be0f-582610a31219,3973,I need help with a failed transaction.,payment_issue,"For payment issues, navigate to Profile > Wallet > Payment Issues. You will find tools to resolve failed or pending transactions."
55daf59a-a371-4959-9524-ff1cd416b127,9399,See you next time.,goodbye,Goodbye! I hope I was able to help you today.
3ee67569-d9ba-430c-828f-7251f4421e10,7061,I want to cancel my last order.,cancel_order,"To cancel your order, please go to My Account > Purchases > Cancel. After selecting the order, confirm the cancellation. If you face any issues, let me know."
f69c88ae-8996-416e-9dad-13df93ad0018,3307,Is there a way to stop processing on my order?,cancel_order,You can cancel by navigating to Profile > Order History > Cancel Order. Choose the order you wish to cancel and follow the prompts.
04039f6f-9181-4057-95b2-c544888dddef,6892,What’s the weather like today?,out_of_scope,This seems outside my current support scope. Please check our help center for more information.
16946b32-6951-47dd-a40d-b0aa2f2cfe0c,3791,Is there a way to stop processing on my order?,cancel_order,You can cancel by navigating to My Account > Purchases > Cancel. Choose the order you wish to cancel and follow the prompts.
be6f9c45-ae85-408a-afec-64c153590824,5430,Where can I request a refund?,demand_refund,"Refund requests can be placed through My Account > Refunds > Initiate. Select your order, choose 'Request Refund', and submit your reason."
7eef593d-02e0-4d03-8351-b39245d3ae38,1442,I need to speak to a human agent.,talk_to_human,"Sure, let me transfer you to one of our human representatives right away."
abea5676-abe7-4d40-9b83-47882cdaf5ff,8147,Where do I go to cancel an order?,cancel_order,You can cancel by navigating to Settings > Orders > Cancel Order. Choose the order you wish to cancel and follow the prompts.
d38c6dd1-a680-42ce-aa3b-a4d970f0eb5b,4931,Where do I write a review for my last order?,review_order,"To review your order, head over to Purchases > Feedback > Review Order. Select the order and leave your feedback."
786f925f-944f-4569-b2b0-90e6da685fd2,9890,How do I request money back for my purchase?,demand_refund,"To get a refund, please visit Settings > Orders > Refund Order. Choose the respective order and complete the refund form."
9634d22c-4b33-40d6-9885-f2c5afa25a3b,4543,See you next time.,goodbye,Goodbye! I hope I was able to help you today.
71279462-661c-4c85-94c7-c9b043fcd338,3543,Help me post a review for my completed purchase.,review_order,"To review your order, head over to Orders > Select Order > Leave Review. Select the order and leave your feedback."
17c161e4-a679-4e72-8de0-a040b32270b3,1197,Can you show me tracking details for my order?,order_tracking,Tracking details are available under Purchases > Delivery > Tracking Info. It will show you real-time updates about your package location.
d3cccbb0-c3d4-48c6-a534-5cfaa8dead35,4816,Please cancel my recent purchase.,cancel_order,You can cancel by navigating to My Account > Purchases > Cancel. Choose the order you wish to cancel and follow the prompts.
cde7a333-5ee8-4c09-aa81-2089f7486759,2714,Can I rate the product I bought?,review_order,"You can add a review by navigating to Purchases > Feedback > Review Order. Once there, you’ll be able to write and submit your review."
66afe8bf-f503-4b2d-958e-90e0f9e7d366,2636,How do I request money back for my purchase?,demand_refund,"Refund requests can be placed through Profile > Order History > Request Refund. Select your order, choose 'Request Refund', and submit your reason."
e972a28f-8270-4ec0-950f-ac243f9ca0ae,4805,What’s 2+2?,out_of_scope,"I’m sorry, but I can’t help with that request. Could you please rephrase or ask something else?"
61eede55-55dd-489e-8640-507287d47c64,9940,Hello!,greeting,Hi! Welcome back. What can I help you with?
5cbd1d79-de7b-48f2-b71a-33068457b23b,8149,I want to cancel my last order.,cancel_order,You can cancel by navigating to Profile > Order History > Cancel Order. Choose the order you wish to cancel and follow the prompts.
cbf8378b-5ec0-4f52-9543-27d37746c4df,9797,There’s an issue I need to report.,submit_complaint,"You can report a problem by going to Help Center > Complaints > File Issue. Fill in the complaint form, and our team will review it shortly."
4056e3bd-c614-46a4-8265-7531e6c9890d,4863,Can you tell me the refund steps?,demand_refund,"Refund requests can be placed through My Account > Refunds > Initiate. Select your order, choose 'Request Refund', and submit your reason."
5b3aeada-3d85-4553-b1fa-9f18dadad03f,9418,Where do I write a review for my last order?,review_order,"You can add a review by navigating to My Account > Reviews > Write Review. Once there, you’ll be able to write and submit your review."
0632dc52-a904-48b7-8375-fb2d63629d1e,2997,What’s the current status of my order?,order_status,Head over to Orders > Select Order > View Status to see where your order is in the fulfillment process.
ab1eed96-454e-4210-8266-26c895ecaf3f,6478,Catch you later.,goodbye,Goodbye! I hope I was able to help you today.
34b3c56e-ed9e-496d-895e-ed5124b52411,4552,I want to cancel my last order.,cancel_order,"To cancel your order, please go to My Account > Purchases > Cancel. After selecting the order, confirm the cancellation. If you face any issues, let me know."
eb2a94de-002b-4fd8-a8ae-6eb18aa7ae18,3309,How do I request money back for my purchase?,demand_refund,"To get a refund, please visit Settings > Orders > Refund Order. Choose the respective order and complete the refund form."
31072c69-53e1-43c8-ac7f-83f8c2397b29,4262,"Hey, how are you?",greeting,Hi! Welcome back. What can I help you with?
88f085a3-3d70-4493-9355-a04b657a9653,9134,There’s a billing issue with my purchase.,payment_issue,"For payment issues, navigate to Profile > Wallet > Payment Issues. You will find tools to resolve failed or pending transactions."
8d1c0f6f-262b-4d1c-b7d5-74c4eed3f649,4243,Why was my card declined?,payment_issue,"For payment issues, navigate to Settings > Payments > Resolve Issue. You will find tools to resolve failed or pending transactions."
3226994a-656c-4a65-a670-822b07dfccdd,6850,Help me post a review for my completed purchase.,review_order,"You can add a review by navigating to Orders > Select Order > Leave Review. Once there, you’ll be able to write and submit your review."
c4070415-57f9-491e-8feb-1f0360dd6273,7051,Can I chat with someone from support?,talk_to_human,"Sure, let me transfer you to one of our human representatives right away."
148d01e6-15fd-415f-a6ae-b041b8ea15b5,2748,Please cancel my recent purchase.,cancel_order,"To cancel your order, please go to My Account > Purchases > Cancel. After selecting the order, confirm the cancellation. If you face any issues, let me know."
27548308-ad78-4955-a916-992b680460eb,6165,What’s 2+2?,out_of_scope,This seems outside my current support scope. Please check our help center for more information.
88fe06aa-9055-4ed6-9b91-db9c1da8f3d6,9733,Can you help me undo an order I placed?,cancel_order,You can cancel by navigating to Settings > Orders > Cancel Order. Choose the order you wish to cancel and follow the prompts.
e6be86dd-5bf5-48cf-908e-4185df4b0e56,4021,Goodbye!,goodbye,Goodbye! I hope I was able to help you today.
502c473b-d2f5-4e30-b70e-e60f0a9021f5,4176,Can I rate the product I bought?,review_order,"To review your order, head over to Orders > Select Order > Leave Review. Select the order and leave your feedback."
98a35001-d049-43cf-be20-e566926b93d7,9901,Can you write me an essay?,out_of_scope,"I’m sorry, but I can’t help with that request. Could you please rephrase or ask something else?"
7d336ce1-b9b5-4f8a-9309-bf43c194214a,8793,Please help me submit a problem report.,submit_complaint,"You can report a problem by going to Profile > Feedback > Report Problem. Fill in the complaint form, and our team will review it shortly."
ee795432-af1b-45e2-a4d9-7f8d534c33ac,6163,What’s the current status of my order?,order_status,You can check your order status by going to Profile > Orders > Check Status. It will display the current progress of your order.
2319cbe7-a7da-4d7d-b668-72ccf6b8492e,9273,Help me post a review for my completed purchase.,review_order,"To review your order, head over to Orders > Select Order > Leave Review. Select the order and leave your feedback."
3a535482-aec2-4f12-b04c-5411af3ef66d,2697,"Hey, how are you?",greeting,Hello there! How can I assist you with your orders today?
d62b1a98-9f7e-46db-919d-3f65190ed001,1562,Where do I go to cancel an order?,cancel_order,You can cancel by navigating to My Account > Purchases > Cancel. Choose the order you wish to cancel and follow the prompts.
6957065d-77ab-467f-94a9-c3721ad314ed,5712,"My payment is pending, what should I do?",payment_issue,You can manage and fix your payment issues at My Account > Billing > Payment Help. Select the relevant transaction to proceed.
da74ba60-a0b7-46eb-9b13-db402608ca5f,4049,"Hi, I need some help.",greeting,Hello there! How can I assist you with your orders today?
935920f5-0dcd-40f1-9e38-fa8e82fe82e8,4952,Can I rate the product I bought?,review_order,"To review your order, head over to Purchases > Feedback > Review Order. Select the order and leave your feedback."
7c02ceb2-bdea-4f7e-a381-281740876ce1,9566,"I’m done, thanks.",goodbye,Thank you for reaching out! Have a great day.
4c8ac054-18f6-46a7-b607-8c4bc0c634e0,3050,Track my shipment please.,order_tracking,Tracking details are available under Orders > Track Shipment. It will show you real-time updates about your package location.
c5229774-776c-4c76-ac56-7f4a6bf404a3,3787,"I’m done, thanks.",goodbye,Goodbye! I hope I was able to help you today.
02edd171-85ac-4f80-8934-2818db944230,2242,I want to cancel my last order.,cancel_order,"To cancel your order, please go to Settings > Orders > Cancel Order. After selecting the order, confirm the cancellation. If you face any issues, let me know."
ebbe9d26-26b8-4b85-9434-2c4b5a292939,9436,Where do I go to raise a complaint?,submit_complaint,"To submit a complaint, please visit Help Center > Complaints > File Issue. Provide your order details and a description of the issue."
6d734605-b66b-41e4-acc9-16992f07144d,1859,I need help with a failed transaction.,payment_issue,You can manage and fix your payment issues at Settings > Payments > Resolve Issue. Select the relevant transaction to proceed.
1cf956bb-ecd6-474f-a9f6-10f1a48e83a9,5909,What’s 2+2?,out_of_scope,This seems outside my current support scope. Please check our help center for more information.
f63a5e0a-c291-4a5f-8362-f17a68b537b1,8752,Where do I go to raise a complaint?,submit_complaint,"You can report a problem by going to Settings > Support > Submit Complaint. Fill in the complaint form, and our team will review it shortly."
87d9666e-fb37-4db2-aa43-11ace6709c0c,2234,Where do I go to cancel an order?,cancel_order,"To cancel your order, please go to My Account > Purchases > Cancel. After selecting the order, confirm the cancellation. If you face any issues, let me know."
c2e49f61-1e15-4b8e-b8cb-544deb5c25ce,6237,Please transfer me to a representative.,talk_to_human,"Sure, let me transfer you to one of our human representatives right away."
b1641a3e-2b34-4e69-9946-8c9561bd388c,1499,What’s 2+2?,out_of_scope,This seems outside my current support scope. Please check our help center for more information.
94449684-359a-4666-9f83-d8edeb723cc4,5770,There’s a billing issue with my purchase.,payment_issue,You can manage and fix your payment issues at My Account > Billing > Payment Help. Select the relevant transaction to proceed.
b1c6ac07-2ef4-4d62-9c27-9a4743c48baf,4565,Where do I go to cancel an order?,cancel_order,You can cancel by navigating to My Account > Purchases > Cancel. Choose the order you wish to cancel and follow the prompts.
c0752983-fa68-437d-a903-bab0a3d70a25,8342,Track my shipment please.,order_tracking,"To track your shipment, please go to Orders > Track Shipment. Enter your tracking ID for more details."
88c35004-8d16-4aee-824b-4646ef94baa9,4071,There’s a billing issue with my purchase.,payment_issue,You can manage and fix your payment issues at My Account > Billing > Payment Help. Select the relevant transaction to proceed.
13e8b3f7-a270-4a94-baec-8399874b3e24,5474,"My payment is pending, what should I do?",payment_issue,"For payment issues, navigate to Profile > Wallet > Payment Issues. You will find tools to resolve failed or pending transactions."
1325165e-c182-4b37-8f3f-042ef6a0c093,1514,Can I rate the product I bought?,review_order,"To review your order, head over to Orders > Select Order > Leave Review. Select the order and leave your feedback."
a1d90b29-c1d0-421d-b2ef-1a3efee9721a,5686,Hi there!,greeting,Hi! Welcome back. What can I help you with?
1cd9c869-cc8b-4c79-8f43-ee7df502763a,9066,How can I leave a review for my order?,review_order,"You can add a review by navigating to My Account > Reviews > Write Review. Once there, you’ll be able to write and submit your review."
0286ae43-b230-4eb7-beb4-15b7f709ae7e,9917,How do I request money back for my purchase?,demand_refund,"To get a refund, please visit My Account > Refunds > Initiate. Choose the respective order and complete the refund form."
b750c934-ce44-47bf-86a0-5d5780012cf5,7307,I want to talk to a real person.,talk_to_human,"Sure, let me transfer you to one of our human representatives right away."
e81d76f8-3e56-48ea-afec-8689f73f8e08,6688,I want to talk to a real person.,talk_to_human,I’ll connect you with a support agent shortly. Please hold on.
b33e783b-3d53-4764-83ba-0feeff5ab048,5278,Catch you later.,goodbye,Thank you for reaching out! Have a great day.
27870dc6-3fe1-4cfa-888b-2c369da324c6,7827,Can you connect me to support staff?,talk_to_human,"Sure, let me transfer you to one of our human representatives right away."
392a5e31-43cb-44ad-8934-4769efcfcab9,8763,Good morning!,greeting,Hi! Welcome back. What can I help you with?
ecfe9659-ba4a-4385-8789-1425b91d0cc9,5527,Tell me a joke.,out_of_scope,"I’m sorry, but I can’t help with that request. Could you please rephrase or ask something else?"
ba0a20c1-8f26-49b8-9299-07188349aedb,1334,Tell me the progress of my recent order.,order_status,You can check your order status by going to My Account > Purchases > Track Progress. It will display the current progress of your order.
81f0cbb9-98ab-464b-b444-9bd2d8797555,3347,"Thanks, bye!",goodbye,Goodbye! I hope I was able to help you today.
7b6e1362-0bd7-4c4a-87b2-f5a8501ed90c,5934,"Thanks, bye!",goodbye,Goodbye! I hope I was able to help you today.
13409a99-b3f7-47e9-a14a-56d7be10bc88,6494,Please provide shipment tracking updates.,order_tracking,"To track your shipment, please go to My Account > Shipping > Track Package. Enter your tracking ID for more details."
e62a91f2-f04e-4fe2-994e-30a0e3499e4a,5844,What’s the current status of my order?,order_status,You can check your order status by going to My Account > Purchases > Track Progress. It will display the current progress of your order.
7853f90e-3d85-453b-a26b-c452643b7d90,7669,Where do I write a review for my last order?,review_order,"To review your order, head over to Purchases > Feedback > Review Order. Select the order and leave your feedback."
b1c3da2b-a57b-4b88-b7f8-d19fabd83f0b,4060,Goodbye!,goodbye,Goodbye! I hope I was able to help you today.
e53f85a2-a0da-47c9-a7ac-f0f1bdd2d527,5210,There’s an issue I need to report.,submit_complaint,"To submit a complaint, please visit Help Center > Complaints > File Issue. Provide your order details and a description of the issue."
a048f44f-703c-4dad-a3c0-05b52f86d6bc,4725,Where do I go to raise a complaint?,submit_complaint,"To submit a complaint, please visit Profile > Feedback > Report Problem. Provide your order details and a description of the issue."
dcb907ab-2a5e-4ab5-a9bf-66021503409a,1397,What’s the weather like today?,out_of_scope,This seems outside my current support scope. Please check our help center for more information.
be4e0a2b-fdb8-4f55-8172-33927acf1e06,5241,"Thanks, bye!",goodbye,Goodbye! I hope I was able to help you today.
92df8ac8-a2fc-4229-888e-241ed15d349f,5468,I want to share feedback about my purchase.,review_order,"To review your order, head over to Purchases > Feedback > Review Order. Select the order and leave your feedback."
47fa3e79-3744-47e6-bb36-82bc6fa0268c,6597,I want to share feedback about my purchase.,review_order,"To review your order, head over to Purchases > Feedback > Review Order. Select the order and leave your feedback."
cbb76b1c-0c09-4a68-abf5-572432d52081,7330,Is there a way to stop processing on my order?,cancel_order,"To cancel your order, please go to My Account > Purchases > Cancel. After selecting the order, confirm the cancellation. If you face any issues, let me know."
dd928e3c-be8d-4ece-80dc-9eeb296bc327,4496,"My payment is pending, what should I do?",payment_issue,You can manage and fix your payment issues at Profile > Wallet > Payment Issues. Select the relevant transaction to proceed.
3fa85913-102e-4c69-a71e-06d55671bdf7,8462,There’s a billing issue with my purchase.,payment_issue,"For payment issues, navigate to Settings > Payments > Resolve Issue. You will find tools to resolve failed or pending transactions."
fcfdb0df-c60b-4966-97e0-a88e40ae5dec,8457,Can you show me tracking details for my order?,order_tracking,Tracking details are available under My Account > Shipping > Track Package. It will show you real-time updates about your package location.
16b817de-ea37-4dc3-b96a-13b1b1b404fd,9940,Please provide shipment tracking updates.,order_tracking,"To track your shipment, please go to Orders > Track Shipment. Enter your tracking ID for more details."
d222b3e9-51ba-479a-b6bd-6314a02dac4d,9358,There’s an issue I need to report.,submit_complaint,"To submit a complaint, please visit Help Center > Complaints > File Issue. Provide your order details and a description of the issue."
186bcc47-c2e0-4241-83b0-db07381f9d2b,8003,Good morning!,greeting,Hi! Welcome back. What can I help you with?
77eda2e8-ecf3-42f8-aa3b-61f2a0551a90,8787,"Thanks, bye!",goodbye,Goodbye! I hope I was able to help you today.
b93804ab-4c86-49fe-b76c-cdf3f2c0a968,5432,Can I chat with someone from support?,talk_to_human,"Sure, let me transfer you to one of our human representatives right away."
5b7bd642-bf50-4f07-89b6-158bf8c9346a,5747,Where can I request a refund?,demand_refund,"To get a refund, please visit Settings > Orders > Refund Order. Choose the respective order and complete the refund form."
270236cd-666c-4e9e-a338-c10f948da9fd,7308,What’s the current status of my order?,order_status,Head over to Profile > Orders > Check Status to see where your order is in the fulfillment process.
a4a404ed-73a3-4192-bf2e-2d63966f7942,5995,"Thanks, bye!",goodbye,Goodbye! I hope I was able to help you today.
44a708fa-52e9-4f61-b93b-bb9f72bf074c,5387,"Hi, I need some help.",greeting,Hi! Welcome back. What can I help you with?
8507d79e-f1eb-4a15-8425-956fab459463,5248,I need the courier information for my order.,order_tracking,Tracking details are available under Orders > Track Shipment. It will show you real-time updates about your package location.
d6bd3c43-fe67-4c06-a69c-1553eccbc3c3,6410,How can I leave a review for my order?,review_order,"You can add a review by navigating to Purchases > Feedback > Review Order. Once there, you’ll be able to write and submit your review."
bc0dd365-4f01-48d4-8340-73054fa92117,2759,Please transfer me to a representative.,talk_to_human,"Sure, let me transfer you to one of our human representatives right away."
e7955e3b-1ede-44aa-aa91-e9b6a5ab20cb,2519,What’s the current status of my order?,order_status,You can check your order status by going to Orders > Select Order > View Status. It will display the current progress of your order.
619ac863-fa45-47ac-bd8a-c98dd586a313,2914,Can I rate the product I bought?,review_order,"You can add a review by navigating to Purchases > Feedback > Review Order. Once there, you’ll be able to write and submit your review."
0ce82d08-f3fa-4aa2-9b05-3b83e41b6cf7,3153,Where is my delivery right now?,order_tracking,Tracking details are available under Orders > Track Shipment. It will show you real-time updates about your package location.
5f167b7a-6889-4e48-80af-689af1d6f64c,4062,How do I file a complaint?,submit_complaint,"You can report a problem by going to Profile > Feedback > Report Problem. Fill in the complaint form, and our team will review it shortly."
9c3137f8-af44-4a4d-9cdd-f31147741199,2341,"My payment is pending, what should I do?",payment_issue,"For payment issues, navigate to My Account > Billing > Payment Help. You will find tools to resolve failed or pending transactions."
fc842d20-5010-4e91-89c3-76963fe4fc2f,5079,I need the courier information for my order.,order_tracking,"To track your shipment, please go to My Account > Shipping > Track Package. Enter your tracking ID for more details."
a8db1fb5-32d3-4d8a-8d3f-93fb21d0af3e,2731,Where do I go to raise a complaint?,submit_complaint,"To submit a complaint, please visit Help Center > Complaints > File Issue. Provide your order details and a description of the issue."
8487b77a-dfa3-4d72-9f0c-f3554e76ce6f,1188,I want to cancel my last order.,cancel_order,"To cancel your order, please go to Profile > Order History > Cancel Order. After selecting the order, confirm the cancellation. If you face any issues, let me know."
68a2cd95-a461-4127-80f9-27a57fdecbd3,3582,Good morning!,greeting,Hi! Welcome back. What can I help you with?
a328819b-f8a2-4306-8132-f86d2165ac78,3192,Catch you later.,goodbye,Thank you for reaching out! Have a great day.
68848887-a903-4936-a684-d6c959570d1f,1809,Has my order been shipped yet?,order_status,Head over to My Account > Purchases > Track Progress to see where your order is in the fulfillment process.
c2dd50a6-85c4-4d99-b08d-773a9222d55f,3480,Please cancel my recent purchase.,cancel_order,You can cancel by navigating to Settings > Orders > Cancel Order. Choose the order you wish to cancel and follow the prompts.
06d54bf1-00f8-4d5e-abe7-16fb7666cfc8,7163,Help me post a review for my completed purchase.,review_order,"To review your order, head over to Purchases > Feedback > Review Order. Select the order and leave your feedback."
1abef474-0125-4b37-9dda-5ace83a3a3a5,7761,Who won the football game yesterday?,out_of_scope,This seems outside my current support scope. Please check our help center for more information.
95e1b100-a3a5-477e-b44e-f5b47f1273bf,2243,I want to cancel my last order.,cancel_order,"To cancel your order, please go to My Account > Purchases > Cancel. After selecting the order, confirm the cancellation. If you face any issues, let me know."
135efd59-0d91-447c-89a5-6b587d9437b0,9679,Hello!,greeting,Hello there! How can I assist you with your orders today?
2820fa7d-6e44-4303-82e2-bd0c46f5540e,6861,Please provide shipment tracking updates.,order_tracking,"To track your shipment, please go to Purchases > Delivery > Tracking Info. Enter your tracking ID for more details."
dc9d28e0-89c6-4465-8739-3f8a5f7fe914,9174,Good morning!,greeting,Hello there! How can I assist you with your orders today?
39514189-dd59-412f-92e7-ee250913ac80,2839,"Thanks, bye!",goodbye,Thank you for reaching out! Have a great day.
a6fb2c3b-af2c-46ac-8e7d-9ff58e3c197e,3572,I want to complain about a product.,submit_complaint,"To submit a complaint, please visit Profile > Feedback > Report Problem. Provide your order details and a description of the issue."
5f90f4dd-1bb0-4007-b8c0-bd7dd43005a9,4403,There’s a billing issue with my purchase.,payment_issue,"For payment issues, navigate to Profile > Wallet > Payment Issues. You will find tools to resolve failed or pending transactions."
93b5c6e8-68d1-4fa3-b964-08a04b19734c,5997,Where can I request a refund?,demand_refund,"Refund requests can be placed through Profile > Order History > Request Refund. Select your order, choose 'Request Refund', and submit your reason."
e25c84c3-4874-459e-b8bc-90f5853d1794,5117,I want to talk to a real person.,talk_to_human,"Sure, let me transfer you to one of our human representatives right away."
d4c11e94-afdc-4d92-8fc1-b56a06fd6f86,5358,"Thanks, bye!",goodbye,Thank you for reaching out! Have a great day.
9a0fcc42-355b-4ce4-936a-323cfd5b14fa,4130,See you next time.,goodbye,Thank you for reaching out! Have a great day.
ad635694-52ed-4948-be0d-8f9c59e25ccd,5810,See you next time.,goodbye,Goodbye! I hope I was able to help you today.
2aaac104-cda6-49f9-96c8-408fafae2d24,7099,Can I rate the product I bought?,review_order,"To review your order, head over to Purchases > Feedback > Review Order. Select the order and leave your feedback."
728fac77-2abf-42b3-9cae-8dd2765f02bc,1602,What’s the current status of my order?,order_status,You can check your order status by going to Orders > Select Order > View Status. It will display the current progress of your order.
39bb451b-57d7-4cd2-8d76-db2683c72e87,7546,"Thanks, bye!",goodbye,Goodbye! I hope I was able to help you today.
09907909-f809-4a5e-98f1-4ab0af8e483d,5787,Where can I request a refund?,demand_refund,"To get a refund, please visit Profile > Order History > Request Refund. Choose the respective order and complete the refund form."
93cbb13a-99da-451d-8bf2-8a1e777537e1,5546,What’s 2+2?,out_of_scope,"I’m sorry, but I can’t help with that request. Could you please rephrase or ask something else?"
099e15d5-15d5-4eca-8ce8-35448c1cc5f1,4255,How can I leave a review for my order?,review_order,"You can add a review by navigating to My Account > Reviews > Write Review. Once there, you’ll be able to write and submit your review."
0f2d35c8-2fc2-4501-b522-045e1c315b59,9760,Please provide shipment tracking updates.,order_tracking,"To track your shipment, please go to Orders > Track Shipment. Enter your tracking ID for more details."
ce0bca18-ac2c-416b-b339-0a7349a23f23,9146,Hello!,greeting,Hi! Welcome back. What can I help you with?
8a649c14-47e0-473e-aeb9-74bc3fb8dd47,6037,Where can I request a refund?,demand_refund,"Refund requests can be placed through My Account > Refunds > Initiate. Select your order, choose 'Request Refund', and submit your reason."
07096eba-88d0-45e5-bf20-95584f93bae3,5439,I want to cancel my last order.,cancel_order,You can cancel by navigating to My Account > Purchases > Cancel. Choose the order you wish to cancel and follow the prompts.
e18efb74-eab9-42f6-abc0-9da92e286dd1,1648,I need help with a failed transaction.,payment_issue,"For payment issues, navigate to Settings > Payments > Resolve Issue. You will find tools to resolve failed or pending transactions."
60891bf0-7dd9-4b12-b64a-6b8119db2f08,8803,How do I file a complaint?,submit_complaint,"You can report a problem by going to Settings > Support > Submit Complaint. Fill in the complaint form, and our team will review it shortly."
f1227cee-4ac2-48d1-8f70-b681b97727f8,7932,Where do I go to raise a complaint?,submit_complaint,"To submit a complaint, please visit Help Center > Complaints > File Issue. Provide your order details and a description of the issue."
37a7f535-61a5-4554-8546-d79af042095f,7988,Can you show me tracking details for my order?,order_tracking,Tracking details are available under Purchases > Delivery > Tracking Info. It will show you real-time updates about your package location.
9db5f36e-2743-43d5-b090-09228d6e0418,9936,"Hey, how are you?",greeting,Hello there! How can I assist you with your orders today?
70b37d8d-5c7e-4216-8d96-235c6ce74cb2,8955,Good morning!,greeting,Hi! Welcome back. What can I help you with?
9626f1f2-69c8-4d0e-bc27-618206724253,8284,I need the courier information for my order.,order_tracking,Tracking details are available under Orders > Track Shipment. It will show you real-time updates about your package location.
ba22b777-663b-4019-8d22-d1724db35aa7,1029,Can you show me tracking details for my order?,order_tracking,"To track your shipment, please go to Orders > Track Shipment. Enter your tracking ID for more details."
8ad43640-b7b2-47bc-b023-5230b91058e3,5863,I need a refund on my last order.,demand_refund,"Refund requests can be placed through My Account > Refunds > Initiate. Select your order, choose 'Request Refund', and submit your reason."
a566e622-2ba7-4035-9e5b-535b3797042e,9322,Where is my delivery right now?,order_tracking,Tracking details are available under My Account > Shipping > Track Package. It will show you real-time updates about your package location.
b1e5f724-5b9b-4920-b639-987dc0250b19,6246,Has my order been shipped yet?,order_status,You can check your order status by going to Orders > Select Order > View Status. It will display the current progress of your order.
f4872789-adce-453f-a53a-c9f23e788814,9849,I need a refund on my last order.,demand_refund,"To get a refund, please visit Profile > Order History > Request Refund. Choose the respective order and complete the refund form."
6f5c7766-fc78-49a4-92c3-a64fe3bc6e93,2227,What’s the weather like today?,out_of_scope,"I’m sorry, but I can’t help with that request. Could you please rephrase or ask something else?"
fbdb856a-52ce-4346-944a-83da184b0f41,2042,How do I file a complaint?,submit_complaint,"To submit a complaint, please visit Help Center > Complaints > File Issue. Provide your order details and a description of the issue."
ca1e5c90-5007-4a07-b2c8-5d9eaa671339,8039,Where do I go to cancel an order?,cancel_order,You can cancel by navigating to Profile > Order History > Cancel Order. Choose the order you wish to cancel and follow the prompts.
03790a2c-941d-4b30-9f22-288a4d072803,3940,What’s the weather like today?,out_of_scope,This seems outside my current support scope. Please check our help center for more information.
a8933299-a339-498e-92ce-dacdfc800660,2915,See you next time.,goodbye,Goodbye! I hope I was able to help you today.
0e1796f3-3dbd-41c7-8136-a217d21b1eea,2710,Where is my order in the process?,order_status,You can check your order status by going to My Account > Purchases > Track Progress. It will display the current progress of your order.
52494a66-d426-44ff-a5ae-09af4ad969de,5391,Can you show me tracking details for my order?,order_tracking,"To track your shipment, please go to Purchases > Delivery > Tracking Info. Enter your tracking ID for more details."
d5ab98f5-e30a-4945-9620-d6af9ee19b53,3356,Is there a way to stop processing on my order?,cancel_order,"To cancel your order, please go to Profile > Order History > Cancel Order. After selecting the order, confirm the cancellation. If you face any issues, let me know."
d8dec117-eb5b-4f6a-a291-4709cce77010,5329,Is there a way to stop processing on my order?,cancel_order,You can cancel by navigating to Profile > Order History > Cancel Order. Choose the order you wish to cancel and follow the prompts.
1c03307c-8a54-4195-b869-90ca5e2092fe,9983,Catch you later.,goodbye,Thank you for reaching out! Have a great day.
c7d46a01-1b3d-4fbd-8ea9-f4cd3a4fafe1,1613,I want to cancel my last order.,cancel_order,You can cancel by navigating to My Account > Purchases > Cancel. Choose the order you wish to cancel and follow the prompts.
30ee1d17-eeac-44f3-8498-8eba56de7186,1025,Can you show me tracking details for my order?,order_tracking,"To track your shipment, please go to Orders > Track Shipment. Enter your tracking ID for more details."
56d84502-1b52-4aa1-9916-d57f6ae53ad6,8043,"Hi, I need some help.",greeting,Hi! Welcome back. What can I help you with?
8d3fc77d-1d08-4e3c-86be-e52eea9c1f91,8966,Help me post a review for my completed purchase.,review_order,"You can add a review by navigating to My Account > Reviews > Write Review. Once there, you’ll be able to write and submit your review."
e292e8d2-d84c-43d2-97de-d7a4f94079ca,6535,Please provide shipment tracking updates.,order_tracking,Tracking details are available under Purchases > Delivery > Tracking Info. It will show you real-time updates about your package location.
2c48d997-76ab-492a-8a30-7e3e0ba7ca45,9502,Please cancel my recent purchase.,cancel_order,"To cancel your order, please go to My Account > Purchases > Cancel. After selecting the order, confirm the cancellation. If you face any issues, let me know."
77bec9d8-4252-48b0-9ad9-0f7a1614512b,5184,I need a refund on my last order.,demand_refund,"To get a refund, please visit Settings > Orders > Refund Order. Choose the respective order and complete the refund form."
5d8a8c1f-22e1-430b-8b62-ffe36338678e,5608,There’s an issue I need to report.,submit_complaint,"You can report a problem by going to Help Center > Complaints > File Issue. Fill in the complaint form, and our team will review it shortly."
4a1087c6-4756-4c5d-a66b-67bf7c59007d,8622,Who won the football game yesterday?,out_of_scope,This seems outside my current support scope. Please check our help center for more information.
e9a1b559-c3e7-4876-9578-3c9a2918023f,5412,"Hey, how are you?",greeting,Hi! Welcome back. What can I help you with?
52cb107f-3386-4d35-8bcd-f70566d32ffc,8572,Where is my delivery right now?,order_tracking,"To track your shipment, please go to My Account > Shipping > Track Package. Enter your tracking ID for more details."
f7ff2454-a77b-4e46-ab23-f308e8f0124f,3419,"My payment is pending, what should I do?",payment_issue,"For payment issues, navigate to Settings > Payments > Resolve Issue. You will find tools to resolve failed or pending transactions."
f2aabdfa-7ab1-484b-a62e-cbf517f7ecdd,5436,I want to complain about a product.,submit_complaint,"To submit a complaint, please visit Help Center > Complaints > File Issue. Provide your order details and a description of the issue."
bde49fda-1632-48ba-a478-32cf319b18ae,4845,There’s an issue I need to report.,submit_complaint,"You can report a problem by going to Settings > Support > Submit Complaint. Fill in the complaint form, and our team will review it shortly."
d9ebfd27-e42d-40f6-a480-9a07c16d9104,6904,Has my order been shipped yet?,order_status,You can check your order status by going to Profile > Orders > Check Status. It will display the current progress of your order.
c3addac1-d76b-4487-a5f7-a905932e341e,4237,Goodbye!,goodbye,Goodbye! I hope I was able to help you today.
79186d34-404a-4023-8ea7-d7f6da9448e6,9454,I need a refund on my last order.,demand_refund,"To get a refund, please visit Settings > Orders > Refund Order. Choose the respective order and complete the refund form."
cbcccf59-305a-445c-8e74-046070c79783,6060,Goodbye!,goodbye,Goodbye! I hope I was able to help you today.
989f1ea6-8ab5-42dc-ae48-8ff041f3d500,6101,My payment didn’t go through.,payment_issue,"For payment issues, navigate to Settings > Payments > Resolve Issue. You will find tools to resolve failed or pending transactions."
ddf5278a-5a3f-49e9-8f7e-fd31642a29b2,6683,Is there a way to stop processing on my order?,cancel_order,"To cancel your order, please go to My Account > Purchases > Cancel. After selecting the order, confirm the cancellation. If you face any issues, let me know."
84d961ef-163f-41f0-92d7-a59669f3b5a5,7122,Is there a way to stop processing on my order?,cancel_order,"To cancel your order, please go to My Account > Purchases > Cancel. After selecting the order, confirm the cancellation. If you face any issues, let me know."
192dabb9-ca77-4353-ac5b-333527660486,6450,I want to talk to a real person.,talk_to_human,"Sure, let me transfer you to one of our human representatives right away."
b1d66ddd-8de7-4aae-baed-85c212f57271,1755,What’s the weather like today?,out_of_scope,"I’m sorry, but I can’t help with that request. Could you please rephrase or ask something else?"
102ef2a0-5960-4045-a731-bbf32d90e872,4839,My payment didn’t go through.,payment_issue,You can manage and fix your payment issues at Settings > Payments > Resolve Issue. Select the relevant transaction to proceed.
7bc0395d-13c2-4d82-8c09-4198084a9b1b,9145,See you next time.,goodbye,Goodbye! I hope I was able to help you today.
6ef019ff-4c78-4eb5-a0bb-12e599e0d190,7904,Where do I go to cancel an order?,cancel_order,"To cancel your order, please go to Profile > Order History > Cancel Order. After selecting the order, confirm the cancellation. If you face any issues, let me know."
6d3663ac-93e5-42ff-89d8-647b15ef60a3,3293,Where is my delivery right now?,order_tracking,"To track your shipment, please go to My Account > Shipping > Track Package. Enter your tracking ID for more details."
ff539a1a-951e-43b2-a413-baefc3626fee,8041,I want to cancel my last order.,cancel_order,"To cancel your order, please go to Profile > Order History > Cancel Order. After selecting the order, confirm the cancellation. If you face any issues, let me know."
10d0454a-6310-4ffa-aa5e-8e6d6b813423,6562,Can you show me tracking details for my order?,order_tracking,"To track your shipment, please go to Purchases > Delivery > Tracking Info. Enter your tracking ID for more details."
08064943-972f-4c00-92c8-b24477341cb1,9559,Please help me submit a problem report.,submit_complaint,"You can report a problem by going to Help Center > Complaints > File Issue. Fill in the complaint form, and our team will review it shortly."
46dc2396-ec7a-4b0d-a467-ab51c02f174c,5966,Hello!,greeting,Hi! Welcome back. What can I help you with?
8c8b60f2-8f9a-4a14-ab6a-fc9f04b9b124,3025,Can I chat with someone from support?,talk_to_human,I’ll connect you with a support agent shortly. Please hold on.
7523add7-0fda-481f-b5df-617f06cc2e5a,3745,I want to cancel my last order.,cancel_order,You can cancel by navigating to My Account > Purchases > Cancel. Choose the order you wish to cancel and follow the prompts.
31cfa2c3-4928-4f87-8e43-f207dd859a91,5780,How do I request money back for my purchase?,demand_refund,"Refund requests can be placed through Profile > Order History > Request Refund. Select your order, choose 'Request Refund', and submit your reason."
7504d552-d02a-4764-908d-3e6c051c226c,3336,Who won the football game yesterday?,out_of_scope,"I’m sorry, but I can’t help with that request. Could you please rephrase or ask something else?"
4ca9f7b1-78bd-4b06-bd57-b0ca4129e1be,9670,I need help with a failed transaction.,payment_issue,"For payment issues, navigate to Settings > Payments > Resolve Issue. You will find tools to resolve failed or pending transactions."
a71a2d23-ac0c-4fb4-8b3b-61f5f9e4151f,6556,Can you help me undo an order I placed?,cancel_order,You can cancel by navigating to Profile > Order History > Cancel Order. Choose the order you wish to cancel and follow the prompts.
ba39c469-1f54-409a-b6c4-5f546272222b,7892,"I’m done, thanks.",goodbye,Goodbye! I hope I was able to help you today.
7d315613-cebb-435c-913b-1601af04c1c8,6568,Goodbye!,goodbye,Goodbye! I hope I was able to help you today.
f3867233-c7d0-4362-9edd-bf9e2504c3aa,5392,My payment didn’t go through.,payment_issue,"For payment issues, navigate to My Account > Billing > Payment Help. You will find tools to resolve failed or pending transactions."
6ff83bfa-709f-435e-b7de-5ab689231498,1432,What’s the weather like today?,out_of_scope,"I’m sorry, but I can’t help with that request. Could you please rephrase or ask something else?"
6688e834-8ba7-4990-9c9d-7f9aed73d446,9307,Has my order been shipped yet?,order_status,You can check your order status by going to Profile > Orders > Check Status. It will display the current progress of your order.
c1fb3f6e-0153-4055-9777-18f286717571,4480,Can you help me undo an order I placed?,cancel_order,"To cancel your order, please go to Profile > Order History > Cancel Order. After selecting the order, confirm the cancellation. If you face any issues, let me know."
245b7d9a-b257-4767-bca7-167d36980fac,4215,How can I leave a review for my order?,review_order,"You can add a review by navigating to Purchases > Feedback > Review Order. Once there, you’ll be able to write and submit your review."
4ae9b08f-e372-4d29-a6d3-8b03787bdd9d,5170,How do I request money back for my purchase?,demand_refund,"To get a refund, please visit Settings > Orders > Refund Order. Choose the respective order and complete the refund form."
ca74106f-1beb-46b8-aa70-77bee7dcb741,9823,Can you help me undo an order I placed?,cancel_order,"To cancel your order, please go to My Account > Purchases > Cancel. After selecting the order, confirm the cancellation. If you face any issues, let me know."
9f9d5c81-3322-4c9f-923d-cdfbe902692d,4459,I want to share feedback about my purchase.,review_order,"To review your order, head over to My Account > Reviews > Write Review. Select the order and leave your feedback."
dbf9e539-4fe5-435a-93ea-0c833cbd617d,6623,Where is my delivery right now?,order_tracking,Tracking details are available under My Account > Shipping > Track Package. It will show you real-time updates about your package location.
274fc0c8-1b77-4477-9457-23ccb54df552,8841,I want to complain about a product.,submit_complaint,"You can report a problem by going to Help Center > Complaints > File Issue. Fill in the complaint form, and our team will review it shortly."
33bd507f-2656-47c3-b47c-64f23851ab07,6050,Can I rate the product I bought?,review_order,"You can add a review by navigating to Purchases > Feedback > Review Order. Once there, you’ll be able to write and submit your review."
c3287bd6-762d-4d03-a5c8-a322c4f90a03,3744,Please provide shipment tracking updates.,order_tracking,"To track your shipment, please go to Purchases > Delivery > Tracking Info. Enter your tracking ID for more details."
c9f366a1-9916-4115-99bd-83beb23f4c71,2845,How can I leave a review for my order?,review_order,"To review your order, head over to Purchases > Feedback > Review Order. Select the order and leave your feedback."
9546b254-64fd-4b17-ab18-27ce523daf63,7727,Track my shipment please.,order_tracking,"To track your shipment, please go to Purchases > Delivery > Tracking Info. Enter your tracking ID for more details."
6c7b8498-4124-4b16-bedd-e5920e41471e,4945,Can I rate the product I bought?,review_order,"You can add a review by navigating to Purchases > Feedback > Review Order. Once there, you’ll be able to write and submit your review."
7877237a-c34b-40d9-9d96-808e6f0d5f8c,3657,See you next time.,goodbye,Goodbye! I hope I was able to help you today.
c6f31571-8f97-4c10-b122-6cf71d8181dd,7390,There’s an issue I need to report.,submit_complaint,"To submit a complaint, please visit Profile > Feedback > Report Problem. Provide your order details and a description of the issue."
f8c442d3-470f-4fc7-bc5a-855c26d4754e,8241,Hi there!,greeting,Hi! Welcome back. What can I help you with?
4ecf16a1-3b0a-4c94-ade9-14faeb0ee5c2,2111,I need help with a failed transaction.,payment_issue,"For payment issues, navigate to Profile > Wallet > Payment Issues. You will find tools to resolve failed or pending transactions."
ff3b1998-a729-4018-8d57-034db4e79667,8890,"I’m done, thanks.",goodbye,Goodbye! I hope I was able to help you today.
79ddeae5-185d-4fcb-80c9-7a6f55bf5cc3,9725,Help me post a review for my completed purchase.,review_order,"You can add a review by navigating to Orders > Select Order > Leave Review. Once there, you’ll be able to write and submit your review."
3ccb20d2-3d9a-4971-8484-a92b780bcedc,2003,Hi there!,greeting,Hello there! How can I assist you with your orders today?
a5447317-d07c-410c-9432-583188850602,5037,Can you write me an essay?,out_of_scope,"I’m sorry, but I can’t help with that request. Could you please rephrase or ask something else?"
b2441f01-9ceb-44a1-8935-ec1f4355b938,3447,I need a refund on my last order.,demand_refund,"To get a refund, please visit My Account > Refunds > Initiate. Choose the respective order and complete the refund form."
18ffaa72-8ee0-4758-a0dd-ec7d8a388446,9517,I need the courier information for my order.,order_tracking,"To track your shipment, please go to My Account > Shipping > Track Package. Enter your tracking ID for more details."
f732f9b4-bcdf-43ef-9edb-8f48eb7bfa74,2877,How do I request money back for my purchase?,demand_refund,"Refund requests can be placed through My Account > Refunds > Initiate. Select your order, choose 'Request Refund', and submit your reason."
59cf7e57-eb4e-4fd4-8817-9c2423e48a6b,7298,How do I file a complaint?,submit_complaint,"To submit a complaint, please visit Profile > Feedback > Report Problem. Provide your order details and a description of the issue."
fa70d681-6160-461a-a11b-9457b6e07560,9413,Where do I write a review for my last order?,review_order,"You can add a review by navigating to My Account > Reviews > Write Review. Once there, you’ll be able to write and submit your review."
11e25bdb-2f81-4daa-8809-186e2da43d92,8634,How do I request money back for my purchase?,demand_refund,"Refund requests can be placed through Settings > Orders > Refund Order. Select your order, choose 'Request Refund', and submit your reason."
9b597187-0aac-424a-bca3-882d0d37b07e,2109,My payment didn’t go through.,payment_issue,You can manage and fix your payment issues at Settings > Payments > Resolve Issue. Select the relevant transaction to proceed.
8fefe679-6e71-4e05-8bd0-777e00a1df1f,6131,How do I request money back for my purchase?,demand_refund,"To get a refund, please visit Settings > Orders > Refund Order. Choose the respective order and complete the refund form."
008252c9-333a-44d8-9a9f-8d8cb3a06f1c,9824,There’s an issue I need to report.,submit_complaint,"To submit a complaint, please visit Profile > Feedback > Report Problem. Provide your order details and a description of the issue."
92b2f43d-ae64-41f5-9482-a98f08658b45,9100,There’s a billing issue with my purchase.,payment_issue,You can manage and fix your payment issues at My Account > Billing > Payment Help. Select the relevant transaction to proceed.
11ff309f-c575-4a6c-a44b-6a8877b25c17,2004,Is there a way to stop processing on my order?,cancel_order,You can cancel by navigating to My Account > Purchases > Cancel. Choose the order you wish to cancel and follow the prompts.
7fc32b50-0bd4-4cf5-9980-c4a3c005d3d8,8452,"I’m done, thanks.",goodbye,Thank you for reaching out! Have a great day.
9659f7da-9fd8-4950-b2a6-e748d89a53fd,7887,Where is my delivery right now?,order_tracking,Tracking details are available under Orders > Track Shipment. It will show you real-time updates about your package location.
f384f134-c559-4a07-9d3f-486e09cca2a5,7341,I want to cancel my last order.,cancel_order,You can cancel by navigating to My Account > Purchases > Cancel. Choose the order you wish to cancel and follow the prompts.
21bb74fd-b553-47a5-ba8e-2886d4a80843,3416,Who won the football game yesterday?,out_of_scope,"I’m sorry, but I can’t help with that request. Could you please rephrase or ask something else?"
548374bc-f51e-4626-bcbf-9886b5f12f2f,1833,"Hi, I need some help.",greeting,Hi! Welcome back. What can I help you with?
1c799f02-7524-42b6-bdd6-711dd62f46c5,3268,"Hey, how are you?",greeting,Hi! Welcome back. What can I help you with?
28b2c9ac-0f02-4f20-a966-b8741ed233ba,9291,"Hey, how are you?",greeting,Hello there! How can I assist you with your orders today?
102024d3-bb13-4306-95d5-da136e8173a2,6193,How do I file a complaint?,submit_complaint,"To submit a complaint, please visit Profile > Feedback > Report Problem. Provide your order details and a description of the issue."
18f890d6-01fd-4272-b24c-59a8cd8aad6b,1753,Track my shipment please.,order_tracking,Tracking details are available under Orders > Track Shipment. It will show you real-time updates about your package location.
9a9c062b-7ed7-43a6-9bfa-bc9561c6ecee,2303,I need a refund on my last order.,demand_refund,"To get a refund, please visit Profile > Order History > Request Refund. Choose the respective order and complete the refund form."
e461b355-0cc2-48e8-bbec-fc992507fa02,6550,What’s the current status of my order?,order_status,You can check your order status by going to Orders > Select Order > View Status. It will display the current progress of your order.
8b320b9e-c2e5-4e65-8d2d-445ea86de44e,4466,I want to cancel my last order.,cancel_order,"To cancel your order, please go to Settings > Orders > Cancel Order. After selecting the order, confirm the cancellation. If you face any issues, let me know."
dd6a78f6-f92b-46c8-90a6-4d1b707da207,5473,Where do I go to raise a complaint?,submit_complaint,"To submit a complaint, please visit Settings > Support > Submit Complaint. Provide your order details and a description of the issue."
2fde44c4-004b-430c-858d-a1603689d3d2,5085,How can I leave a review for my order?,review_order,"You can add a review by navigating to My Account > Reviews > Write Review. Once there, you’ll be able to write and submit your review."
3a9eaf92-ee85-4752-ba92-2482a2567ff0,6974,Why was my card declined?,payment_issue,You can manage and fix your payment issues at Profile > Wallet > Payment Issues. Select the relevant transaction to proceed.
4cf777c4-6a6c-4d84-a2e8-d5d063b5545f,3246,Hello!,greeting,Hello there! How can I assist you with your orders today?
83fb76dc-24e0-4246-a8be-d47cf1e526d3,9828,"My payment is pending, what should I do?",payment_issue,"For payment issues, navigate to Settings > Payments > Resolve Issue. You will find tools to resolve failed or pending transactions."
297d09a3-979d-4880-96ec-b52beff9b2c7,2735,My payment didn’t go through.,payment_issue,You can manage and fix your payment issues at Settings > Payments > Resolve Issue. Select the relevant transaction to proceed.
acb30c39-0e6a-43d1-9d69-d194ab44297a,6023,How do I request money back for my purchase?,demand_refund,"To get a refund, please visit Profile > Order History > Request Refund. Choose the respective order and complete the refund form."
185006c8-2d24-4d60-a4dd-b32b7d2e2954,7399,What’s the weather like today?,out_of_scope,This seems outside my current support scope. Please check our help center for more information.
fa10a8b6-6ba7-4a6c-893d-1697fc7576db,6276,I want to complain about a product.,submit_complaint,"To submit a complaint, please visit Profile > Feedback > Report Problem. Provide your order details and a description of the issue."
53a8edde-affe-4738-a4d7-5516c51f9e9b,3556,Where can I request a refund?,demand_refund,"To get a refund, please visit My Account > Refunds > Initiate. Choose the respective order and complete the refund form."
489d27f5-31d6-4f80-8a27-92103f678c75,1783,Please cancel my recent purchase.,cancel_order,You can cancel by navigating to My Account > Purchases > Cancel. Choose the order you wish to cancel and follow the prompts.
c7b6f1eb-987a-4493-a4d4-e5ffd70f56d9,4513,Please transfer me to a representative.,talk_to_human,I’ll connect you with a support agent shortly. Please hold on.
3b44753c-b246-469f-9fd7-e2150c353ff6,3864,How can I leave a review for my order?,review_order,"To review your order, head over to Purchases > Feedback > Review Order. Select the order and leave your feedback."
1c3a3afc-034d-4eeb-b909-2cde8a1cdb81,4754,"Hey, how are you?",greeting,Hello there! How can I assist you with your orders today?
56379f4c-94b8-4043-97df-46acdffb017b,4888,I need the courier information for my order.,order_tracking,Tracking details are available under My Account > Shipping > Track Package. It will show you real-time updates about your package location.
ba753e87-4e13-4280-976b-ed42c6d7232d,2948,I want to complain about a product.,submit_complaint,"To submit a complaint, please visit Settings > Support > Submit Complaint. Provide your order details and a description of the issue."
5d5615b6-1554-4169-a927-bbeac84488b4,6264,See you next time.,goodbye,Thank you for reaching out! Have a great day.
229700f0-0943-4431-bcb4-21bbff3acf0a,2723,There’s an issue I need to report.,submit_complaint,"You can report a problem by going to Help Center > Complaints > File Issue. Fill in the complaint form, and our team will review it shortly."
68c34403-2dc5-4a5a-bc46-f79aad5cb785,2913,"Thanks, bye!",goodbye,Thank you for reaching out! Have a great day.
47a5c045-67eb-4f59-a36e-60d2f26e135e,1506,Where do I go to raise a complaint?,submit_complaint,"To submit a complaint, please visit Help Center > Complaints > File Issue. Provide your order details and a description of the issue."
18280b28-c72a-4efb-a1b8-015f843471cc,8733,Can you write me an essay?,out_of_scope,"I’m sorry, but I can’t help with that request. Could you please rephrase or ask something else?"
f83bb956-bbe0-4b4d-9c25-191c5a9a84f4,2003,I want to talk to a real person.,talk_to_human,"Sure, let me transfer you to one of our human representatives right away."
4e7e81a4-7f91-4f75-9cf5-6eb8cd7d42d5,1746,How can I leave a review for my order?,review_order,"You can add a review by navigating to Orders > Select Order > Leave Review. Once there, you’ll be able to write and submit your review."
7cadbbcd-2a45-4ee6-af70-594bb6e67bb4,1093,What’s the weather like today?,out_of_scope,"I’m sorry, but I can’t help with that request. Could you please rephrase or ask something else?"
d1dbfd94-013d-4413-8dca-84422e0ca70d,3691,I want to share feedback about my purchase.,review_order,"To review your order, head over to Purchases > Feedback > Review Order. Select the order and leave your feedback."
cd84bbba-4b9f-4719-a7cf-b3fdc43b8fea,8024,I need to speak to a human agent.,talk_to_human,"Sure, let me transfer you to one of our human representatives right away."
7607f0bd-f6f5-4b77-a5f1-76683e3f0e51,5244,Can you show me tracking details for my order?,order_tracking,Tracking details are available under Orders > Track Shipment. It will show you real-time updates about your package location.
0f2dfea7-3d6f-41ae-9798-be3e0d29a94a,6138,I want to share feedback about my purchase.,review_order,"To review your order, head over to Purchases > Feedback > Review Order. Select the order and leave your feedback."
056421ff-67eb-4b14-9d0e-6e9be58bec24,6347,Goodbye!,goodbye,Goodbye! I hope I was able to help you today.
582e1824-fe1a-4890-93b5-4747b13255c8,6626,See you next time.,goodbye,Thank you for reaching out! Have a great day.
4dd36fe2-cc81-4228-872a-e8dd26d7a28f,4541,Where can I request a refund?,demand_refund,"Refund requests can be placed through Settings > Orders > Refund Order. Select your order, choose 'Request Refund', and submit your reason."
5021bd2f-3a65-48c4-b479-5efaa15a4bcb,3998,Can you connect me to support staff?,talk_to_human,I’ll connect you with a support agent shortly. Please hold on.
8bf3061a-be45-4c6c-9983-9a0242930e8f,2437,What’s 2+2?,out_of_scope,This seems outside my current support scope. Please check our help center for more information.
ae387e42-a689-4f59-9f18-5e91224f7364,2511,Hello!,greeting,Hello there! How can I assist you with your orders today?
f5af041f-1aff-4acb-9ebc-a7f2fb59a7c5,6439,Please transfer me to a representative.,talk_to_human,"Sure, let me transfer you to one of our human representatives right away."
48d40b8c-7b8d-4901-8b93-029ecb9ce2e2,2964,Can you write me an essay?,out_of_scope,"I’m sorry, but I can’t help with that request. Could you please rephrase or ask something else?"
bc789be0-5a07-4310-b702-2120f21dfef1,2244,Where do I go to raise a complaint?,submit_complaint,"You can report a problem by going to Help Center > Complaints > File Issue. Fill in the complaint form, and our team will review it shortly."
e5d387a7-807c-4589-8332-9d3b2d0bcd66,8021,"Thanks, bye!",goodbye,Thank you for reaching out! Have a great day.
3d4e7fd6-b497-401e-b681-5dd204fd53e0,1717,Is there a way to stop processing on my order?,cancel_order,"To cancel your order, please go to Profile > Order History > Cancel Order. After selecting the order, confirm the cancellation. If you face any issues, let me know."
a4a0d50c-385e-4142-b6f1-8394f0ed03ca,5966,Tell me a joke.,out_of_scope,This seems outside my current support scope. Please check our help center for more information.
cda69ffa-1a82-4e11-8505-8d773222e55a,1089,Who won the football game yesterday?,out_of_scope,This seems outside my current support scope. Please check our help center for more information.
36355fba-845e-4675-a3aa-2ac85e00b8eb,2929,I want to cancel my last order.,cancel_order,You can cancel by navigating to My Account > Purchases > Cancel. Choose the order you wish to cancel and follow the prompts.
58f64f54-fad2-43eb-b12e-e7eee1d5b8ba,2135,Can you connect me to support staff?,talk_to_human,I’ll connect you with a support agent shortly. Please hold on.
73d2e476-77ee-4e47-bbcc-4a3d4267e19a,3020,Track my shipment please.,order_tracking,Tracking details are available under Purchases > Delivery > Tracking Info. It will show you real-time updates about your package location.
d209c860-31fb-4d86-a1f0-25207cecfb4e,3129,Who won the football game yesterday?,out_of_scope,"I’m sorry, but I can’t help with that request. Could you please rephrase or ask something else?"
1f252ee0-8bfb-4175-adfa-8da0ca180857,2885,"I’m done, thanks.",goodbye,Goodbye! I hope I was able to help you today.
68abe613-9afe-40c4-8b11-ac96fe455cca,1633,My payment didn’t go through.,payment_issue,You can manage and fix your payment issues at Settings > Payments > Resolve Issue. Select the relevant transaction to proceed.
ecff9e01-803d-41e1-be9b-064a7da99ccc,8355,Where do I go to cancel an order?,cancel_order,You can cancel by navigating to My Account > Purchases > Cancel. Choose the order you wish to cancel and follow the prompts.
18a96b4a-cc28-403e-ac65-c316019e8ac5,2701,How do I file a complaint?,submit_complaint,"You can report a problem by going to Help Center > Complaints > File Issue. Fill in the complaint form, and our team will review it shortly."
f54a5b94-646a-42b5-8778-8086e992b644,6333,There’s a billing issue with my purchase.,payment_issue,"For payment issues, navigate to Settings > Payments > Resolve Issue. You will find tools to resolve failed or pending transactions."
e259e715-bf06-46d1-ac71-9f88aa10088e,8146,Please transfer me to a representative.,talk_to_human,I’ll connect you with a support agent shortly. Please hold on.
ec9bb73b-fce3-4164-8a01-e31619168e07,2305,Where can I request a refund?,demand_refund,"Refund requests can be placed through Profile > Order History > Request Refund. Select your order, choose 'Request Refund', and submit your reason."
782396a4-6aef-422a-9c26-971e4cec8665,9757,Tell me a joke.,out_of_scope,This seems outside my current support scope. Please check our help center for more information.
15299df0-c749-4938-b128-2925af67184d,7715,What’s 2+2?,out_of_scope,This seems outside my current support scope. Please check our help center for more information.
8a74203d-4c6c-4d73-9d0f-0a453f0523ca,5293,I need a refund on my last order.,demand_refund,"To get a refund, please visit My Account > Refunds > Initiate. Choose the respective order and complete the refund form."
956391ab-2f34-4ba6-a285-146acdc130a9,1446,Where is my order in the process?,order_status,Head over to Orders > Select Order > View Status to see where your order is in the fulfillment process.
9b6e5814-8dcf-4a1d-b551-c6153f54b964,3635,What’s the current status of my order?,order_status,Head over to Orders > Select Order > View Status to see where your order is in the fulfillment process.
39f6dfac-6b03-4725-bb31-ea77783ca402,2036,Where do I write a review for my last order?,review_order,"You can add a review by navigating to My Account > Reviews > Write Review. Once there, you’ll be able to write and submit your review."
2919303f-5df4-4a71-8b00-c1096a8b8d01,1761,How do I file a complaint?,submit_complaint,"You can report a problem by going to Help Center > Complaints > File Issue. Fill in the complaint form, and our team will review it shortly."
c618017a-b40c-4ff3-ba96-ca8f29b86489,1536,Please provide shipment tracking updates.,order_tracking,Tracking details are available under Purchases > Delivery > Tracking Info. It will show you real-time updates about your package location.
524f1c47-54a0-4227-ae0a-4ba46e3a9245,7445,"Hi, I need some help.",greeting,Hi! Welcome back. What can I help you with?
10f6d888-777a-4911-ac65-8ae0a7ae3f42,1905,What’s the current status of my order?,order_status,You can check your order status by going to Profile > Orders > Check Status. It will display the current progress of your order.
70e56d62-a546-4d64-8d43-41df9ea626f4,6521,Please provide shipment tracking updates.,order_tracking,Tracking details are available under My Account > Shipping > Track Package. It will show you real-time updates about your package location.
a1283f4f-3943-454c-add4-1109b4d4e2a5,4224,Where do I go to raise a complaint?,submit_complaint,"You can report a problem by going to Settings > Support > Submit Complaint. Fill in the complaint form, and our team will review it shortly."
b3356646-b3ff-4737-931e-9f4b87e0c724,8875,Hello!,greeting,Hi! Welcome back. What can I help you with?
025960e1-7c95-44b7-99bf-ba301d9741af,3008,I want to share feedback about my purchase.,review_order,"You can add a review by navigating to Purchases > Feedback > Review Order. Once there, you’ll be able to write and submit your review."
2581853d-23c2-4ddd-879e-9aed89499bf8,8486,"My payment is pending, what should I do?",payment_issue,"For payment issues, navigate to Settings > Payments > Resolve Issue. You will find tools to resolve failed or pending transactions."
a6c271e8-cda8-4f0c-aa20-2c5a62019a37,3961,"I’m done, thanks.",goodbye,Goodbye! I hope I was able to help you today.
986ed21d-69f7-4dda-bb3b-4ef75d880d64,6708,Hi there!,greeting,Hello there! How can I assist you with your orders today?
11656ce6-0ee4-4e68-9d5d-83617aa1e61d,8694,Where can I request a refund?,demand_refund,"Refund requests can be placed through My Account > Refunds > Initiate. Select your order, choose 'Request Refund', and submit your reason."
351077e1-35ff-41f7-a72e-17f7f7539779,3725,Track my shipment please.,order_tracking,Tracking details are available under Purchases > Delivery > Tracking Info. It will show you real-time updates about your package location.
06536304-4fce-4d5d-8da4-efb00a2fd376,5577,Tell me a joke.,out_of_scope,"I’m sorry, but I can’t help with that request. Could you please rephrase or ask something else?"
dd0cd22b-4df8-4788-ac41-9e4fcf17f294,7579,What’s the current status of my order?,order_status,You can check your order status by going to Orders > Select Order > View Status. It will display the current progress of your order.
9291ca6d-b27d-438c-b054-f7e0a95b4381,5384,Please transfer me to a representative.,talk_to_human,"Sure, let me transfer you to one of our human representatives right away."
bf9875ac-871f-4f21-8abd-7c1ccac67552,6754,I want to complain about a product.,submit_complaint,"You can report a problem by going to Help Center > Complaints > File Issue. Fill in the complaint form, and our team will review it shortly."
8a33f51c-7daf-42e2-a706-7078843facc9,7982,Has my order been shipped yet?,order_status,Head over to Orders > Select Order > View Status to see where your order is in the fulfillment process.
6e880691-43c6-4ee9-bcbb-c9de3bba17ce,7629,Can you connect me to support staff?,talk_to_human,"Sure, let me transfer you to one of our human representatives right away."
73798d7a-34b7-4e8e-9391-357f8247e309,6290,Can you tell me the refund steps?,demand_refund,"Refund requests can be placed through My Account > Refunds > Initiate. Select your order, choose 'Request Refund', and submit your reason."
9fbb8d76-ed91-42ba-9236-14f6ac4a23dc,3993,I need help with a failed transaction.,payment_issue,"For payment issues, navigate to My Account > Billing > Payment Help. You will find tools to resolve failed or pending transactions."
2996e6c7-dd2a-4af9-a75e-ab0be7beee5e,2329,"Thanks, bye!",goodbye,Thank you for reaching out! Have a great day.
009485b9-12c7-42a0-b302-4fb6373e591e,6127,I need help with a failed transaction.,payment_issue,You can manage and fix your payment issues at Settings > Payments > Resolve Issue. Select the relevant transaction to proceed.
61c00783-2d80-43d0-9fc7-b535cb025571,6535,Can I chat with someone from support?,talk_to_human,"Sure, let me transfer you to one of our human representatives right away."
be64637f-2a1c-4748-9939-f87d6522819b,1046,Please transfer me to a representative.,talk_to_human,I’ll connect you with a support agent shortly. Please hold on.
dd7e1e99-eb3c-488c-982a-d02cbdccabf0,7624,How do I check if my order is confirmed?,order_status,Head over to My Account > Purchases > Track Progress to see where your order is in the fulfillment process.
f92fece0-0e2b-4dd8-a91c-2747ac576e3c,1217,Track my shipment please.,order_tracking,Tracking details are available under Purchases > Delivery > Tracking Info. It will show you real-time updates about your package location.
1f72a147-8e9d-4d2b-90f5-cf83c1abd740,2613,"Hi, I need some help.",greeting,Hello there! How can I assist you with your orders today?
2e6ebec7-d707-4a57-b817-a82ef2cdcc83,5280,Please transfer me to a representative.,talk_to_human,"Sure, let me transfer you to one of our human representatives right away."
1891b344-85a7-4015-9fbc-513e1cf0cb3c,8669,Where do I go to raise a complaint?,submit_complaint,"You can report a problem by going to Help Center > Complaints > File Issue. Fill in the complaint form, and our team will review it shortly."
ce6df271-c75d-4845-a5be-35feb3981af5,8317,Where do I write a review for my last order?,review_order,"To review your order, head over to Orders > Select Order > Leave Review. Select the order and leave your feedback."
95224f10-9e76-4442-a4af-65d112105242,5064,There’s a billing issue with my purchase.,payment_issue,You can manage and fix your payment issues at Settings > Payments > Resolve Issue. Select the relevant transaction to proceed.
4ddc0a7d-57cf-487d-88ca-44f07891de72,6701,Can I rate the product I bought?,review_order,"To review your order, head over to Purchases > Feedback > Review Order. Select the order and leave your feedback."
d4d2d57d-39eb-40df-86ee-f22ff9001a8e,2306,Can you connect me to support staff?,talk_to_human,"Sure, let me transfer you to one of our human representatives right away."
3660b73c-7aa1-4330-9c9b-ce117003fc5e,7061,I need to speak to a human agent.,talk_to_human,"Sure, let me transfer you to one of our human representatives right away."
6b96f2e4-86e5-4bdc-aed3-91c968ff2ec0,1313,Is there a way to stop processing on my order?,cancel_order,"To cancel your order, please go to Settings > Orders > Cancel Order. After selecting the order, confirm the cancellation. If you face any issues, let me know."
42815128-a203-4c08-ae31-c15b90102b5d,9783,Where is my order in the process?,order_status,Head over to Profile > Orders > Check Status to see where your order is in the fulfillment process.
b71b8fc8-9b0d-496e-8e93-d6a73af5cd17,4832,There’s an issue I need to report.,submit_complaint,"You can report a problem by going to Help Center > Complaints > File Issue. Fill in the complaint form, and our team will review it shortly."
dc345ca5-0908-4d56-b020-04bc22e6b1d0,6046,Catch you later.,goodbye,Goodbye! I hope I was able to help you today.
e8e9c54e-ae22-42f8-8121-813d7f335810,6969,Track my shipment please.,order_tracking,"To track your shipment, please go to Purchases > Delivery > Tracking Info. Enter your tracking ID for more details."
e5fa87db-554a-4955-a553-6c8ffdad67aa,3790,Can you show me tracking details for my order?,order_tracking,Tracking details are available under Orders > Track Shipment. It will show you real-time updates about your package location.
f3947b2b-ad04-4cd9-8909-a794959f75ef,8066,Please help me submit a problem report.,submit_complaint,"You can report a problem by going to Settings > Support > Submit Complaint. Fill in the complaint form, and our team will review it shortly."
bba1d9a6-eb55-48dc-9939-26a73fb07892,2472,Where do I write a review for my last order?,review_order,"To review your order, head over to My Account > Reviews > Write Review. Select the order and leave your feedback."
2166decd-b820-452b-b4e0-4aa4f3224287,3344,"Thanks, bye!",goodbye,Thank you for reaching out! Have a great day.
83e5f556-77b9-4cc9-9946-cc849995b455,6185,I want to share feedback about my purchase.,review_order,"You can add a review by navigating to Purchases > Feedback > Review Order. Once there, you’ll be able to write and submit your review."
babf3107-6058-4ef8-91ca-a356a4db49b8,6342,Can you help me undo an order I placed?,cancel_order,"To cancel your order, please go to Settings > Orders > Cancel Order. After selecting the order, confirm the cancellation. If you face any issues, let me know."
e831da3c-3270-493b-bebc-62db8986db07,5430,"Thanks, bye!",goodbye,Thank you for reaching out! Have a great day.
e748f6a3-e425-4897-8c30-beb12f816b09,9986,My payment didn’t go through.,payment_issue,You can manage and fix your payment issues at Settings > Payments > Resolve Issue. Select the relevant transaction to proceed.
1fa6c5eb-3ee7-4382-9090-7566f8f0277d,3077,Where is my order in the process?,order_status,Head over to My Account > Purchases > Track Progress to see where your order is in the fulfillment process.
a09afc03-5933-4059-93bf-0ccbb86e8fd9,1266,I want to talk to a real person.,talk_to_human,I’ll connect you with a support agent shortly. Please hold on.
04d7221e-3fce-407d-a476-6f25edac3581,9131,Where can I request a refund?,demand_refund,"To get a refund, please visit My Account > Refunds > Initiate. Choose the respective order and complete the refund form."
67d7a974-7c23-4629-80e4-118e94b0060f,9320,What’s the weather like today?,out_of_scope,This seems outside my current support scope. Please check our help center for more information.
36c9a5e5-30fb-419a-aaff-a8bcb916d241,8973,Hello!,greeting,Hi! Welcome back. What can I help you with?
ec7f212e-f854-4f03-af08-3119bfc6eee4,6737,I want to complain about a product.,submit_complaint,"You can report a problem by going to Profile > Feedback > Report Problem. Fill in the complaint form, and our team will review it shortly."
0be0aea8-29bb-47c3-bfb1-3af8f1510275,5289,There’s an issue I need to report.,submit_complaint,"To submit a complaint, please visit Profile > Feedback > Report Problem. Provide your order details and a description of the issue."
3493b99a-3c8b-43c7-b3f3-ca53a13263a7,1203,There’s a billing issue with my purchase.,payment_issue,"For payment issues, navigate to Settings > Payments > Resolve Issue. You will find tools to resolve failed or pending transactions."
bbb29de0-1c82-4183-8fe7-bb8ebeffed51,5964,See you next time.,goodbye,Goodbye! I hope I was able to help you today.
798b2f4e-c103-4a5e-974c-23947ff836ab,8713,I need the courier information for my order.,order_tracking,"To track your shipment, please go to Orders > Track Shipment. Enter your tracking ID for more details."
41355c14-ab93-484b-895b-24b13046f0ae,4821,"Thanks, bye!",goodbye,Thank you for reaching out! Have a great day.
31078029-f114-4469-9d68-7c12a2b61fc9,7851,Hello!,greeting,Hello there! How can I assist you with your orders today?
365544b1-864c-4a34-94ad-2628ca16664c,2861,What’s the current status of my order?,order_status,You can check your order status by going to Orders > Select Order > View Status. It will display the current progress of your order.
688b7e02-86df-4d05-a7da-acb177e760fc,5912,Can you help me undo an order I placed?,cancel_order,You can cancel by navigating to Settings > Orders > Cancel Order. Choose the order you wish to cancel and follow the prompts.
a5f25d2f-1859-4870-9863-1a9d57a2c5e9,8180,Goodbye!,goodbye,Thank you for reaching out! Have a great day.
e56b427c-ca9c-401c-aa96-237db7598c31,5621,Where is my delivery right now?,order_tracking,Tracking details are available under My Account > Shipping > Track Package. It will show you real-time updates about your package location.
0217c0a9-a579-4b44-a1ce-7fc20ea46704,2411,Please cancel my recent purchase.,cancel_order,You can cancel by navigating to Profile > Order History > Cancel Order. Choose the order you wish to cancel and follow the prompts.
e02f3866-3304-40ba-8d51-5821e0ce1c55,7073,How do I check if my order is confirmed?,order_status,You can check your order status by going to Profile > Orders > Check Status. It will display the current progress of your order.
9c008bf3-e7af-4c42-85bb-49281558cccf,8486,Please guide me to initiate a refund.,demand_refund,"Refund requests can be placed through Profile > Order History > Request Refund. Select your order, choose 'Request Refund', and submit your reason."
25301e06-2b2a-4fec-ac12-6ab616b65eb5,1933,Catch you later.,goodbye,Thank you for reaching out! Have a great day.
c294443c-f415-47f6-843e-e1e7d137cc5c,4498,Why was my card declined?,payment_issue,"For payment issues, navigate to Settings > Payments > Resolve Issue. You will find tools to resolve failed or pending transactions."
10ebbe2e-e5b8-4500-809c-091d09f30622,7600,Tell me a joke.,out_of_scope,"I’m sorry, but I can’t help with that request. Could you please rephrase or ask something else?"
e79180f8-beb1-484d-886d-469a8a88cb22,8327,Where is my delivery right now?,order_tracking,Tracking details are available under Purchases > Delivery > Tracking Info. It will show you real-time updates about your package location.
cbb9b141-9219-4c13-851b-cf9959949adb,1448,Good morning!,greeting,Hello there! How can I assist you with your orders today?
f4a42faf-0f60-4d94-b0c6-863ad454bda4,8688,Hi there!,greeting,Hi! Welcome back. What can I help you with?
b944c5e9-1f21-4c8e-845f-0ba81a5cb013,2692,Where is my order in the process?,order_status,Head over to Profile > Orders > Check Status to see where your order is in the fulfillment process.
b3cec77d-650b-4eb2-8a7a-0f5809086c13,3464,How do I request money back for my purchase?,demand_refund,"Refund requests can be placed through Profile > Order History > Request Refund. Select your order, choose 'Request Refund', and submit your reason."
f3a42cc2-57dd-45cb-b033-71cd12c2a5a7,1122,"I’m done, thanks.",goodbye,Thank you for reaching out! Have a great day.
9b66d5ac-c1a2-402b-b6df-850a86a1c460,4271,"Hey, how are you?",greeting,Hi! Welcome back. What can I help you with?
2f3d7ada-215f-4fe7-9005-c44fc983df16,4340,I want to share feedback about my purchase.,review_order,"You can add a review by navigating to My Account > Reviews > Write Review. Once there, you’ll be able to write and submit your review."
5708fe8c-f46d-4cda-ad93-5d6322eb3e89,4006,What’s the current status of my order?,order_status,You can check your order status by going to Profile > Orders > Check Status. It will display the current progress of your order.
f9fca17b-b817-434d-9d0f-30ccf3c1dc22,9834,How do I file a complaint?,submit_complaint,"You can report a problem by going to Settings > Support > Submit Complaint. Fill in the complaint form, and our team will review it shortly."
830e8a05-c6b2-47c9-a5c7-d580aa7f7e60,6740,"Hey, how are you?",greeting,Hi! Welcome back. What can I help you with?
f4ed8557-caf7-4585-9a72-a768a6401741,7940,Where do I go to raise a complaint?,submit_complaint,"You can report a problem by going to Settings > Support > Submit Complaint. Fill in the complaint form, and our team will review it shortly."
44b7df0e-0259-4557-bee8-c75e40e5bc9b,7998,Where can I request a refund?,demand_refund,"To get a refund, please visit My Account > Refunds > Initiate. Choose the respective order and complete the refund form."
8f8ff945-673b-4a5d-b382-99a66e7ebd33,6587,Track my shipment please.,order_tracking,Tracking details are available under Orders > Track Shipment. It will show you real-time updates about your package location.
5020fa9f-c3f2-4c3d-9056-21934e8b3bfa,8192,Where do I go to cancel an order?,cancel_order,You can cancel by navigating to Settings > Orders > Cancel Order. Choose the order you wish to cancel and follow the prompts.
d2b307d0-b255-4f81-b45e-35b002bf0ff7,4669,Please guide me to initiate a refund.,demand_refund,"To get a refund, please visit Settings > Orders > Refund Order. Choose the respective order and complete the refund form."
a314e32d-f736-456a-8d7c-fc913aeeeaf5,6512,There’s an issue I need to report.,submit_complaint,"You can report a problem by going to Settings > Support > Submit Complaint. Fill in the complaint form, and our team will review it shortly."
68e4d0ac-710e-4f39-a150-ed932b1643a3,6927,I want to complain about a product.,submit_complaint,"To submit a complaint, please visit Profile > Feedback > Report Problem. Provide your order details and a description of the issue."
9a71feb4-6fa8-4d8d-9f12-e82a65fd891b,6268,How do I file a complaint?,submit_complaint,"To submit a complaint, please visit Profile > Feedback > Report Problem. Provide your order details and a description of the issue."
a12a50be-8b55-427a-afd1-a5b44c670dae,7235,Tell me the progress of my recent order.,order_status,You can check your order status by going to Orders > Select Order > View Status. It will display the current progress of your order.
56dd0759-f1de-4ec2-bf84-00882bc22e71,2811,"Hi, I need some help.",greeting,Hi! Welcome back. What can I help you with?
7fcee220-9c6e-4d05-ab94-9af01255c455,3487,What’s the current status of my order?,order_status,Head over to Profile > Orders > Check Status to see where your order is in the fulfillment process.
832292c3-29ac-4649-bc9b-816d6405fe82,3701,Good morning!,greeting,Hello there! How can I assist you with your orders today?
a2a943d9-128f-45af-93a3-3594ca2cde6e,5406,Goodbye!,goodbye,Thank you for reaching out! Have a great day.
44583d70-6a73-472f-88f6-9e62eb931310,7394,Where do I go to cancel an order?,cancel_order,You can cancel by navigating to Settings > Orders > Cancel Order. Choose the order you wish to cancel and follow the prompts.
3f366819-a06b-4589-af72-bf1b401c0d80,5624,Hi there!,greeting,Hi! Welcome back. What can I help you with?
d73877cf-fc1d-49da-b4af-99c4f9cf182b,4523,Please transfer me to a representative.,talk_to_human,I’ll connect you with a support agent shortly. Please hold on.
52546e3e-00bc-4c3d-91a0-5d7a92809f91,2074,I want to talk to a real person.,talk_to_human,"Sure, let me transfer you to one of our human representatives right away."
e21122a4-d821-41ac-88cb-ba5650008ab0,7983,Hello!,greeting,Hello there! How can I assist you with your orders today?
9aa12cf7-74bb-4603-8d5c-f41fdb982a8c,8252,There’s a billing issue with my purchase.,payment_issue,"For payment issues, navigate to Settings > Payments > Resolve Issue. You will find tools to resolve failed or pending transactions."
53558896-6899-48ed-8dcd-ab8b47f48722,5148,Can you connect me to support staff?,talk_to_human,I’ll connect you with a support agent shortly. Please hold on.
a112e973-5239-4c54-96c4-42468c595bc9,8460,Please help me submit a problem report.,submit_complaint,"You can report a problem by going to Help Center > Complaints > File Issue. Fill in the complaint form, and our team will review it shortly."
1378540d-aa7c-49e1-b228-473ee3e62b26,3116,There’s a billing issue with my purchase.,payment_issue,You can manage and fix your payment issues at Settings > Payments > Resolve Issue. Select the relevant transaction to proceed.
48cfce83-d199-41fc-af24-6080ba0a5050,9327,My payment didn’t go through.,payment_issue,"For payment issues, navigate to Profile > Wallet > Payment Issues. You will find tools to resolve failed or pending transactions."
611b5185-1fb0-42fc-a0be-4bae779b6b00,4652,Is there a way to stop processing on my order?,cancel_order,"To cancel your order, please go to Profile > Order History > Cancel Order. After selecting the order, confirm the cancellation. If you face any issues, let me know."
379c38c6-6878-4fc4-b32a-a688114e8f09,8156,Tell me a joke.,out_of_scope,This seems outside my current support scope. Please check our help center for more information.
8a74074a-5111-4885-b927-10de63a9c59f,6892,Tell me the progress of my recent order.,order_status,You can check your order status by going to Profile > Orders > Check Status. It will display the current progress of your order.
3a031eba-9b43-47e1-b4e5-c793eca5332c,9406,Tell me the progress of my recent order.,order_status,Head over to Orders > Select Order > View Status to see where your order is in the fulfillment process.
8dc75807-0e93-4e15-ba44-4a3394bc61f3,6484,Where do I go to cancel an order?,cancel_order,"To cancel your order, please go to Settings > Orders > Cancel Order. After selecting the order, confirm the cancellation. If you face any issues, let me know."
7974fe71-5f6c-4bd0-9580-0cbee9cf7192,8422,Where can I request a refund?,demand_refund,"To get a refund, please visit Settings > Orders > Refund Order. Choose the respective order and complete the refund form."
e3d60062-6637-4f03-87a8-a4177bbe1440,3853,Can you connect me to support staff?,talk_to_human,"Sure, let me transfer you to one of our human representatives right away."
05fbd501-67af-45d3-9afe-226fbbc0f3e0,2908,"Hi, I need some help.",greeting,Hi! Welcome back. What can I help you with?
44d9463c-069d-49ec-97c0-925052b6386c,3798,What’s 2+2?,out_of_scope,This seems outside my current support scope. Please check our help center for more information.
d6fc14b3-7799-4d2b-9092-ed9723c87708,6427,Where is my delivery right now?,order_tracking,"To track your shipment, please go to My Account > Shipping > Track Package. Enter your tracking ID for more details."
3d8b5880-b556-4d6e-a499-42d5e6eca074,5147,I need help with a failed transaction.,payment_issue,You can manage and fix your payment issues at Profile > Wallet > Payment Issues. Select the relevant transaction to proceed.
187f634e-717f-40fd-b97f-fba502cc010a,7980,Catch you later.,goodbye,Goodbye! I hope I was able to help you today.
3941e7d7-ba89-4870-abfc-b57a14bdd2e9,8135,Please provide shipment tracking updates.,order_tracking,Tracking details are available under My Account > Shipping > Track Package. It will show you real-time updates about your package location.
3f2db487-8990-4855-b993-0800a7d562cd,7599,My payment didn’t go through.,payment_issue,You can manage and fix your payment issues at My Account > Billing > Payment Help. Select the relevant transaction to proceed.
2f2891e0-cd53-4132-b5c0-5679d2d9b560,9166,"Hey, how are you?",greeting,Hi! Welcome back. What can I help you with?
d2c950ed-a35a-40fe-82e7-c2eec066ff92,3393,Where is my order in the process?,order_status,Head over to Orders > Select Order > View Status to see where your order is in the fulfillment process.
abcf8813-e7ff-4fcd-a411-570931026b1a,9848,Tell me the progress of my recent order.,order_status,Head over to My Account > Purchases > Track Progress to see where your order is in the fulfillment process.
52f0f94e-6283-43f2-89e1-2a3bacc741c4,8501,Good morning!,greeting,Hi! Welcome back. What can I help you with?
df7b5cae-c295-4c78-b070-3522f2d70a80,4151,Where do I go to cancel an order?,cancel_order,"To cancel your order, please go to Settings > Orders > Cancel Order. After selecting the order, confirm the cancellation. If you face any issues, let me know."
5f56be20-24b1-4130-98a6-c8ca1991c504,4354,Please help me submit a problem report.,submit_complaint,"To submit a complaint, please visit Profile > Feedback > Report Problem. Provide your order details and a description of the issue."
1fa755a5-5bc5-4e4b-9656-c6f0787217cb,9023,Please transfer me to a representative.,talk_to_human,"Sure, let me transfer you to one of our human representatives right away."
d3407f5e-3987-4411-9e27-8896d97f2c58,4412,Catch you later.,goodbye,Goodbye! I hope I was able to help you today.
f29a18ca-d0c4-4328-8af8-fd85e3df1f9a,6059,I want to share feedback about my purchase.,review_order,"You can add a review by navigating to Purchases > Feedback > Review Order. Once there, you’ll be able to write and submit your review."
6a7b3905-c2f0-4642-997d-d7c556a4c609,8119,My payment didn’t go through.,payment_issue,"For payment issues, navigate to My Account > Billing > Payment Help. You will find tools to resolve failed or pending transactions."
8490aaa4-e783-43ce-b822-1f1a9a635710,9909,"My payment is pending, what should I do?",payment_issue,"For payment issues, navigate to Settings > Payments > Resolve Issue. You will find tools to resolve failed or pending transactions."
87dfffa8-92fb-4f19-bab1-4c10f5e6f41b,2231,Where do I go to cancel an order?,cancel_order,"To cancel your order, please go to Settings > Orders > Cancel Order. After selecting the order, confirm the cancellation. If you face any issues, let me know."
f0543483-ce98-4f10-aa7a-09298e9dc728,6592,I need to speak to a human agent.,talk_to_human,I’ll connect you with a support agent shortly. Please hold on.
cabbb942-3828-44f6-92f6-ada8bf5f3aa6,1582,Tell me the progress of my recent order.,order_status,Head over to My Account > Purchases > Track Progress to see where your order is in the fulfillment process.
026c5976-24f5-4470-aa3f-44ad14ce7762,5292,What’s the current status of my order?,order_status,You can check your order status by going to Profile > Orders > Check Status. It will display the current progress of your order.
68e10c00-8468-415b-bb5b-3d0318743c4e,3932,How can I leave a review for my order?,review_order,"You can add a review by navigating to My Account > Reviews > Write Review. Once there, you’ll be able to write and submit your review."
b63d44f7-2f39-4ed7-887a-8633f01e0d92,3623,Can you connect me to support staff?,talk_to_human,I’ll connect you with a support agent shortly. Please hold on.
e04b2ce0-ac0c-4fe5-8bea-7f5894e94893,7111,I want to share feedback about my purchase.,review_order,"You can add a review by navigating to Purchases > Feedback > Review Order. Once there, you’ll be able to write and submit your review."
db3ff901-15b7-473e-90cd-d6e73c8d0b60,5544,Is there a way to stop processing on my order?,cancel_order,"To cancel your order, please go to Profile > Order History > Cancel Order. After selecting the order, confirm the cancellation. If you face any issues, let me know."
61c1b91b-485e-48cc-917e-254b9123e412,4869,Can you tell me the refund steps?,demand_refund,"To get a refund, please visit My Account > Refunds > Initiate. Choose the respective order and complete the refund form."
727a6ad8-1673-4f1a-a70a-1fbacf36f0de,8117,"Thanks, bye!",goodbye,Thank you for reaching out! Have a great day.
a9d09dc1-2605-4f4d-ae62-364cb878e8cd,9926,Where is my order in the process?,order_status,You can check your order status by going to Profile > Orders > Check Status. It will display the current progress of your order.
42b264e1-440d-4af9-989e-0cafcedf7abb,7805,Where can I request a refund?,demand_refund,"Refund requests can be placed through Settings > Orders > Refund Order. Select your order, choose 'Request Refund', and submit your reason."
a746f116-4b98-4055-bfd8-c862b93bd417,5032,Can I rate the product I bought?,review_order,"You can add a review by navigating to Purchases > Feedback > Review Order. Once there, you’ll be able to write and submit your review."
e7c9c598-d5f5-4f93-b922-ab64d1b36fac,2068,Can you write me an essay?,out_of_scope,"I’m sorry, but I can’t help with that request. Could you please rephrase or ask something else?"
b3eb2714-e999-4c63-ba64-77d8530f7346,1706,What’s the current status of my order?,order_status,Head over to Profile > Orders > Check Status to see where your order is in the fulfillment process.
c2e17185-2d57-4645-9b6a-49be995d0e96,8891,I need help with a failed transaction.,payment_issue,You can manage and fix your payment issues at My Account > Billing > Payment Help. Select the relevant transaction to proceed.
f2107e21-5b62-4495-b825-428935b82314,9820,What’s the current status of my order?,order_status,Head over to Profile > Orders > Check Status to see where your order is in the fulfillment process.
c3aab0f2-93d0-4100-abab-3c13199604b5,6945,See you next time.,goodbye,Goodbye! I hope I was able to help you today.
daafbccd-fc40-4d12-8f4a-659e1e9d6054,7977,Can you show me tracking details for my order?,order_tracking,"To track your shipment, please go to Orders > Track Shipment. Enter your tracking ID for more details."
b3b45f75-b8e5-4816-9bd8-3d60dabb7d8e,5042,Can you write me an essay?,out_of_scope,This seems outside my current support scope. Please check our help center for more information.
a996999f-133e-4745-ae22-fe319d88208b,3572,Where can I request a refund?,demand_refund,"To get a refund, please visit Settings > Orders > Refund Order. Choose the respective order and complete the refund form."
b0ed7910-2354-4837-83a1-d6a96748ff5d,5853,Hello!,greeting,Hi! Welcome back. What can I help you with?
25cee4c7-2ce7-4dfc-96b0-6772020cace4,4509,My payment didn’t go through.,payment_issue,"For payment issues, navigate to My Account > Billing > Payment Help. You will find tools to resolve failed or pending transactions."
d0891b18-8af9-4dc1-ba4a-4b1add2faf60,8520,Tell me the progress of my recent order.,order_status,You can check your order status by going to Profile > Orders > Check Status. It will display the current progress of your order.
2052ce33-0859-4590-8a27-0c9f099793af,9464,Hello!,greeting,Hello there! How can I assist you with your orders today?
51f417db-bcc0-467c-9bfb-a62847eb13a8,5847,Can you help me undo an order I placed?,cancel_order,You can cancel by navigating to Settings > Orders > Cancel Order. Choose the order you wish to cancel and follow the prompts.
211ba8cb-e13a-4f96-b656-ed6ff9c66ac1,7714,Why was my card declined?,payment_issue,You can manage and fix your payment issues at Profile > Wallet > Payment Issues. Select the relevant transaction to proceed.
2d216790-915d-4012-adc4-aea38891ca24,1143,I need the courier information for my order.,order_tracking,"To track your shipment, please go to Orders > Track Shipment. Enter your tracking ID for more details."
9974c12e-8b6c-4cc7-9ce0-931529e3248d,5499,See you next time.,goodbye,Goodbye! I hope I was able to help you today.
915d4267-ee30-4bd0-9eec-b049da5bcc3c,6827,Please guide me to initiate a refund.,demand_refund,"To get a refund, please visit Profile > Order History > Request Refund. Choose the respective order and complete the refund form."
f01c823b-59e7-4dc1-ac81-0b5c9b4d6680,8596,I want to share feedback about my purchase.,review_order,"To review your order, head over to Purchases > Feedback > Review Order. Select the order and leave your feedback."
a847998b-94cc-4ebd-bf30-9d69356d87ea,8988,"Hey, how are you?",greeting,Hello there! How can I assist you with your orders today?
ff6abd43-6859-45b2-9601-b8e36bdfd41b,7412,Help me post a review for my completed purchase.,review_order,"To review your order, head over to Orders > Select Order > Leave Review. Select the order and leave your feedback."
83ada853-1748-48fb-927f-7a740bbe6f21,6785,Why was my card declined?,payment_issue,"For payment issues, navigate to Settings > Payments > Resolve Issue. You will find tools to resolve failed or pending transactions."
7d3bff0e-6d83-4dee-a176-9194ce131619,6439,How do I file a complaint?,submit_complaint,"To submit a complaint, please visit Help Center > Complaints > File Issue. Provide your order details and a description of the issue."
eea924bd-3fab-4d31-b4a2-8e63d7a49b79,8691,How do I request money back for my purchase?,demand_refund,"Refund requests can be placed through Profile > Order History > Request Refund. Select your order, choose 'Request Refund', and submit your reason."
fee24870-d1c4-4c5f-84a4-65725ee62cc7,6605,Hi there!,greeting,Hello there! How can I assist you with your orders today?
7374ed86-3b2f-4085-9602-5cf417c28fc5,4088,I want to share feedback about my purchase.,review_order,"To review your order, head over to My Account > Reviews > Write Review. Select the order and leave your feedback."
7f0d5064-49f4-4035-8d3e-aa5d2bb65868,2069,How do I request money back for my purchase?,demand_refund,"To get a refund, please visit Profile > Order History > Request Refund. Choose the respective order and complete the refund form."
0551119b-8037-4a14-bfc4-9c91c9017f69,7656,How do I file a complaint?,submit_complaint,"You can report a problem by going to Help Center > Complaints > File Issue. Fill in the complaint form, and our team will review it shortly."
85f05c90-b2c8-44de-b0a2-4b31e2c5214c,5562,How do I check if my order is confirmed?,order_status,You can check your order status by going to My Account > Purchases > Track Progress. It will display the current progress of your order.
d10a1b9a-ba8c-4337-af5c-eac101e04e59,2055,I need to speak to a human agent.,talk_to_human,I’ll connect you with a support agent shortly. Please hold on.
580bc2d9-a361-47a8-b80f-f542bd81d751,4106,My payment didn’t go through.,payment_issue,You can manage and fix your payment issues at My Account > Billing > Payment Help. Select the relevant transaction to proceed.
7f6a0e8b-da6d-4d70-bbc2-680f2fae9dff,1997,My payment didn’t go through.,payment_issue,You can manage and fix your payment issues at My Account > Billing > Payment Help. Select the relevant transaction to proceed.
54b86273-1a5e-4b0a-bdab-c0894e69dc39,8573,How do I check if my order is confirmed?,order_status,You can check your order status by going to Profile > Orders > Check Status. It will display the current progress of your order.
2c2a2ab9-3851-4f54-97c1-e7577ac03330,2915,Catch you later.,goodbye,Thank you for reaching out! Have a great day.
d468ee0f-7ac8-48f9-92b4-6a01d269bfe4,6065,I want to cancel my last order.,cancel_order,You can cancel by navigating to Settings > Orders > Cancel Order. Choose the order you wish to cancel and follow the prompts.
cee6613f-4c5f-4d11-9934-63e159c3ef10,4289,Where is my order in the process?,order_status,Head over to My Account > Purchases > Track Progress to see where your order is in the fulfillment process.
088b5ae3-8420-4e8a-a77e-ceba47e8cec8,4675,See you next time.,goodbye,Goodbye! I hope I was able to help you today.
bebee045-9e0a-449a-b431-25135db49b11,9443,Can you help me undo an order I placed?,cancel_order,You can cancel by navigating to Settings > Orders > Cancel Order. Choose the order you wish to cancel and follow the prompts.
c91993ac-95b7-4966-b8fc-e15a5138cb04,5564,I want to share feedback about my purchase.,review_order,"You can add a review by navigating to My Account > Reviews > Write Review. Once there, you’ll be able to write and submit your review."
d359642f-ca99-41b0-817c-ccadd3cc4dc9,7942,I want to talk to a real person.,talk_to_human,"Sure, let me transfer you to one of our human representatives right away."
51802b2c-5f8d-424a-9a36-89626c8c0bb5,3364,"Thanks, bye!",goodbye,Thank you for reaching out! Have a great day.
a68cc03d-ea04-49b9-9059-719a51e9841c,2879,There’s an issue I need to report.,submit_complaint,"To submit a complaint, please visit Profile > Feedback > Report Problem. Provide your order details and a description of the issue."
f6d47411-b2b3-4a90-985a-61c8536149b6,2827,How can I leave a review for my order?,review_order,"You can add a review by navigating to Purchases > Feedback > Review Order. Once there, you’ll be able to write and submit your review."
c09287a5-0f81-4826-b4df-d7d5efacb8cb,7534,What’s 2+2?,out_of_scope,"I’m sorry, but I can’t help with that request. Could you please rephrase or ask something else?"
c2dc8487-3a9c-4334-8bfb-5fa967a45871,1588,"Hi, I need some help.",greeting,Hello there! How can I assist you with your orders today?
90d828e7-faac-4c82-bc9a-bd70d2177598,9300,I want to complain about a product.,submit_complaint,"To submit a complaint, please visit Profile > Feedback > Report Problem. Provide your order details and a description of the issue."
c0ea2e37-36a0-47e8-937a-334a1a8d47b7,7027,Tell me a joke.,out_of_scope,This seems outside my current support scope. Please check our help center for more information.
4bbb5f91-0e32-4b91-9ab3-ea8c38904b16,4036,How do I file a complaint?,submit_complaint,"You can report a problem by going to Settings > Support > Submit Complaint. Fill in the complaint form, and our team will review it shortly."
685e47c7-7fde-4759-b75a-97313ecbe134,3740,Catch you later.,goodbye,Goodbye! I hope I was able to help you today.
10442b58-68eb-43c7-9848-6a7337b0dbb4,7644,What’s the current status of my order?,order_status,You can check your order status by going to Orders > Select Order > View Status. It will display the current progress of your order.
add91ad9-0443-44ac-af4e-7b72f6fc8bbf,7005,Please transfer me to a representative.,talk_to_human,I’ll connect you with a support agent shortly. Please hold on.
2acb9652-45b9-4fd4-be1f-c7e01c8ae557,9619,I want to complain about a product.,submit_complaint,"To submit a complaint, please visit Settings > Support > Submit Complaint. Provide your order details and a description of the issue."
c0fd76e0-876d-4e4b-b4f6-1f9754d365e8,3938,I want to cancel my last order.,cancel_order,You can cancel by navigating to Settings > Orders > Cancel Order. Choose the order you wish to cancel and follow the prompts.
b83abd48-e072-4f09-be50-bcfb39ba25cb,5276,How can I leave a review for my order?,review_order,"To review your order, head over to Orders > Select Order > Leave Review. Select the order and leave your feedback."
d5e16195-e87e-4ae5-98d7-b76f6680c66d,9027,I want to share feedback about my purchase.,review_order,"You can add a review by navigating to Purchases > Feedback > Review Order. Once there, you’ll be able to write and submit your review."
538d7e01-f6ad-4fb5-928c-916e72cf85ff,3708,Where can I request a refund?,demand_refund,"To get a refund, please visit Profile > Order History > Request Refund. Choose the respective order and complete the refund form."
c6902aa3-2ac6-4ee9-9854-4ec13c8faff1,3153,Good morning!,greeting,Hi! Welcome back. What can I help you with?
3a55bfc0-15c5-4740-9a0c-818c2a114aba,6703,I want to share feedback about my purchase.,review_order,"You can add a review by navigating to Purchases > Feedback > Review Order. Once there, you’ll be able to write and submit your review."
f34c0250-589a-4ca1-b832-3b046c3ecd44,1629,I want to talk to a real person.,talk_to_human,"Sure, let me transfer you to one of our human representatives right away."
7657dcd6-1899-42e1-b973-9c8d84ebe468,6281,Is there a way to stop processing on my order?,cancel_order,You can cancel by navigating to My Account > Purchases > Cancel. Choose the order you wish to cancel and follow the prompts.
6e4815bd-568d-4779-8f52-3eb6b9b12f7b,3692,What’s the current status of my order?,order_status,You can check your order status by going to Orders > Select Order > View Status. It will display the current progress of your order.
5862d766-23e5-4ec4-a30c-59a342d448e1,4067,How do I check if my order is confirmed?,order_status,Head over to Orders > Select Order > View Status to see where your order is in the fulfillment process.
251950cc-dfa6-41a0-9c4e-1cce670ebd2b,1513,Good morning!,greeting,Hello there! How can I assist you with your orders today?
72b2a3c2-fa5c-46a7-92d8-ddc7f04622cd,9938,Has my order been shipped yet?,order_status,Head over to My Account > Purchases > Track Progress to see where your order is in the fulfillment process.
39716aef-750c-4a86-8bd9-a05a36cc2938,3026,Can you show me tracking details for my order?,order_tracking,"To track your shipment, please go to Orders > Track Shipment. Enter your tracking ID for more details."
cce73ebb-539b-4688-bfe0-024bdc61275d,5196,Can you show me tracking details for my order?,order_tracking,"To track your shipment, please go to Orders > Track Shipment. Enter your tracking ID for more details."
b0a962a3-4ba0-41de-af0b-12e0e5fe0061,4777,Tell me a joke.,out_of_scope,This seems outside my current support scope. Please check our help center for more information.
e6adcc6a-a0d9-40cd-98da-2ea8fae1bb5d,4823,Please transfer me to a representative.,talk_to_human,"Sure, let me transfer you to one of our human representatives right away."
6de84c61-00c1-4f5b-a6b3-5b0cf0f5b81b,6452,Please cancel my recent purchase.,cancel_order,"To cancel your order, please go to Profile > Order History > Cancel Order. After selecting the order, confirm the cancellation. If you face any issues, let me know."
711f56c7-6bd6-4827-985b-b99d1e461a1d,8943,I want to share feedback about my purchase.,review_order,"To review your order, head over to Purchases > Feedback > Review Order. Select the order and leave your feedback."
ef3af59d-36e7-44ae-aaec-b1d08f0d9cf5,5955,Can you help me undo an order I placed?,cancel_order,You can cancel by navigating to Settings > Orders > Cancel Order. Choose the order you wish to cancel and follow the prompts.
ad7f2e9b-8db2-454f-8c8e-8cfbd6dc5286,8733,Can you show me tracking details for my order?,order_tracking,Tracking details are available under Purchases > Delivery > Tracking Info. It will show you real-time updates about your package location.
69d28fcf-8439-4871-b953-1a5ac5b77d5d,5653,Can you show me tracking details for my order?,order_tracking,Tracking details are available under My Account > Shipping > Track Package. It will show you real-time updates about your package location.
237f563c-68df-4971-a263-51802b074e34,3633,Where can I request a refund?,demand_refund,"To get a refund, please visit Settings > Orders > Refund Order. Choose the respective order and complete the refund form."
4494aed1-6b47-4e12-8ad1-0456ccf575a6,5585,Where do I write a review for my last order?,review_order,"You can add a review by navigating to Orders > Select Order > Leave Review. Once there, you’ll be able to write and submit your review."
a76ddf4b-d98b-4f33-b898-e3653c54340e,8272,"Hi, I need some help.",greeting,Hi! Welcome back. What can I help you with?
65fa794d-61a6-4399-807d-f574b0be6e4c,8453,Where do I write a review for my last order?,review_order,"To review your order, head over to Orders > Select Order > Leave Review. Select the order and leave your feedback."
96297da2-5c8b-40ed-9b38-587efc237fcf,2179,I want to talk to a real person.,talk_to_human,"Sure, let me transfer you to one of our human representatives right away."
4f9bf114-7033-4b17-a0df-d06f3e395037,8678,Can you help me undo an order I placed?,cancel_order,"To cancel your order, please go to My Account > Purchases > Cancel. After selecting the order, confirm the cancellation. If you face any issues, let me know."
5061f445-b22e-42f9-bfff-7d73c5ad993f,4667,Tell me the progress of my recent order.,order_status,Head over to My Account > Purchases > Track Progress to see where your order is in the fulfillment process.
78d086b0-b917-4e2e-8dc5-0cc5e8142dd6,7475,I want to complain about a product.,submit_complaint,"You can report a problem by going to Profile > Feedback > Report Problem. Fill in the complaint form, and our team will review it shortly."
fe80819a-e441-45fb-b99d-2a5e49b761e2,4519,Hi there!,greeting,Hi! Welcome back. What can I help you with?
5a12d46b-9b9f-44f9-89b4-6364b76cbb77,3639,Tell me a joke.,out_of_scope,"I’m sorry, but I can’t help with that request. Could you please rephrase or ask something else?"
e5d40984-c00e-4501-affc-bde210f0d707,6447,"Thanks, bye!",goodbye,Thank you for reaching out! Have a great day.
d75c50d2-e68a-4bd7-80c0-526ccf672027,2907,Catch you later.,goodbye,Thank you for reaching out! Have a great day.
63983e00-3b01-429c-9c1a-e60d912dbf60,9812,Please help me submit a problem report.,submit_complaint,"To submit a complaint, please visit Profile > Feedback > Report Problem. Provide your order details and a description of the issue."
654e6873-6319-4508-ae63-b6d4b0f2db37,6074,What’s 2+2?,out_of_scope,"I’m sorry, but I can’t help with that request. Could you please rephrase or ask something else?"
d37ead49-7a4b-49ef-a753-fefe93b03bef,8285,Tell me a joke.,out_of_scope,"I’m sorry, but I can’t help with that request. Could you please rephrase or ask something else?"
ba7f1dc0-fe99-4c02-af7e-d98f9909665e,2722,There’s a billing issue with my purchase.,payment_issue,"For payment issues, navigate to Profile > Wallet > Payment Issues. You will find tools to resolve failed or pending transactions."
ff43bbdf-ced2-411f-84a5-9ba2a4bc4917,4064,Hello!,greeting,Hello there! How can I assist you with your orders today?
6fb371a4-71e9-4c13-aa94-844670f93572,3607,Catch you later.,goodbye,Thank you for reaching out! Have a great day.
74783dda-85fe-4423-96a9-e416f89fa10c,7234,I need help with a failed transaction.,payment_issue,"For payment issues, navigate to My Account > Billing > Payment Help. You will find tools to resolve failed or pending transactions."
cc3bb564-b6a5-4e09-8ec8-990bab54ae44,4800,Tell me a joke.,out_of_scope,"I’m sorry, but I can’t help with that request. Could you please rephrase or ask something else?"
76cf1993-bab8-4e57-8868-ec978ca78197,5267,Who won the football game yesterday?,out_of_scope,"I’m sorry, but I can’t help with that request. Could you please rephrase or ask something else?"
7976abcd-628d-4857-834a-abbbc7eabdfe,4881,Can you show me tracking details for my order?,order_tracking,Tracking details are available under Orders > Track Shipment. It will show you real-time updates about your package location.
603a8a0f-d055-42ff-95c2-3c0a215bec40,6376,There’s a billing issue with my purchase.,payment_issue,"For payment issues, navigate to Profile > Wallet > Payment Issues. You will find tools to resolve failed or pending transactions."
401bb32d-db95-42eb-8827-d75e55ad73e7,1215,I want to share feedback about my purchase.,review_order,"To review your order, head over to Orders > Select Order > Leave Review. Select the order and leave your feedback."
7f6bad7e-e403-4ad4-a428-67ea60e7dbe7,8660,I want to talk to a real person.,talk_to_human,"Sure, let me transfer you to one of our human representatives right away."
6ca130b5-86e1-4372-bf22-ddd013e4502e,2260,Where do I write a review for my last order?,review_order,"To review your order, head over to My Account > Reviews > Write Review. Select the order and leave your feedback."
d71937fc-e29e-4f66-9631-d5d79a436e57,8966,Hi there!,greeting,Hello there! How can I assist you with your orders today?
ef313cc0-7789-4d36-895d-d7516d076231,7725,Can you tell me the refund steps?,demand_refund,"To get a refund, please visit Settings > Orders > Refund Order. Choose the respective order and complete the refund form."
fe2b87c1-1e95-467f-bd67-e9bb6b2312ca,7337,Who won the football game yesterday?,out_of_scope,"I’m sorry, but I can’t help with that request. Could you please rephrase or ask something else?"
6616d2c7-9a5c-4e3b-ad84-88fe93779695,3320,Hello!,greeting,Hi! Welcome back. What can I help you with?
182e9805-af5b-480e-a748-d19dd4554f96,8703,Please guide me to initiate a refund.,demand_refund,"To get a refund, please visit Settings > Orders > Refund Order. Choose the respective order and complete the refund form."
9f360de5-713a-4a46-ac30-8e6c5b73bcff,4258,How do I file a complaint?,submit_complaint,"You can report a problem by going to Profile > Feedback > Report Problem. Fill in the complaint form, and our team will review it shortly."
ff599827-0eb9-47ea-8853-95f2536c6866,5517,What’s the weather like today?,out_of_scope,"I’m sorry, but I can’t help with that request. Could you please rephrase or ask something else?"
69aaf996-bd0e-4f66-8f32-ef80688fe22e,9895,Catch you later.,goodbye,Goodbye! I hope I was able to help you today.
ac19b583-9c94-40f0-8782-c98bc6998244,5059,My payment didn’t go through.,payment_issue,You can manage and fix your payment issues at Profile > Wallet > Payment Issues. Select the relevant transaction to proceed.
899c30c9-fc1a-40c8-a7e3-1e43b7e63f33,2002,I want to share feedback about my purchase.,review_order,"You can add a review by navigating to Purchases > Feedback > Review Order. Once there, you’ll be able to write and submit your review."
47202ce9-41d3-4d87-b433-98b2057add9f,9599,Hello!,greeting,Hello there! How can I assist you with your orders today?
0896bc06-c423-46d0-b16a-cb7e4b1cb503,2138,Catch you later.,goodbye,Goodbye! I hope I was able to help you today.
d42884b4-e0d0-4a5e-98e8-d2d080978b0e,5728,Where is my delivery right now?,order_tracking,"To track your shipment, please go to Purchases > Delivery > Tracking Info. Enter your tracking ID for more details."
520bea13-a881-445b-a7c5-e090551203eb,3662,"Thanks, bye!",goodbye,Goodbye! I hope I was able to help you today.
4fd199d1-b2df-4aa7-a791-e4f3ec8309ca,2605,Where can I request a refund?,demand_refund,"Refund requests can be placed through Profile > Order History > Request Refund. Select your order, choose 'Request Refund', and submit your reason."
165002f3-47c6-4e16-ab5a-96b500e34646,2859,How can I leave a review for my order?,review_order,"You can add a review by navigating to My Account > Reviews > Write Review. Once there, you’ll be able to write and submit your review."
af456389-155b-4d08-8ed9-d77241bb5645,9832,Where can I request a refund?,demand_refund,"Refund requests can be placed through Profile > Order History > Request Refund. Select your order, choose 'Request Refund', and submit your reason."
1833da66-a36b-4760-a0e2-1c1807c4090b,2638,I need to speak to a human agent.,talk_to_human,I’ll connect you with a support agent shortly. Please hold on.
5aedf4cd-0e47-411f-b473-53547d23ee12,2091,Is there a way to stop processing on my order?,cancel_order,You can cancel by navigating to Profile > Order History > Cancel Order. Choose the order you wish to cancel and follow the prompts.
57005d4e-68e2-47e9-b072-d46d754a1901,1723,Can you show me tracking details for my order?,order_tracking,"To track your shipment, please go to Purchases > Delivery > Tracking Info. Enter your tracking ID for more details."
7924d31c-d6e7-42cf-9ecc-feec1ca1a058,6849,I want to talk to a real person.,talk_to_human,I’ll connect you with a support agent shortly. Please hold on.
272c94f8-836c-4402-984c-4c19f837cb74,4398,Good morning!,greeting,Hi! Welcome back. What can I help you with?
08ffa48b-82b6-4243-be6d-9e2267f497c5,8144,"My payment is pending, what should I do?",payment_issue,"For payment issues, navigate to Profile > Wallet > Payment Issues. You will find tools to resolve failed or pending transactions."
9c731815-c92a-4869-a378-a1d51a1b2b74,4812,Where do I go to cancel an order?,cancel_order,You can cancel by navigating to My Account > Purchases > Cancel. Choose the order you wish to cancel and follow the prompts.
008076cc-4d9c-4410-a47a-cf333fad305b,3480,I need to speak to a human agent.,talk_to_human,I’ll connect you with a support agent shortly. Please hold on.
e29b62c6-2cb0-4611-9298-fec2f7e8759b,5531,Can you tell me the refund steps?,demand_refund,"Refund requests can be placed through My Account > Refunds > Initiate. Select your order, choose 'Request Refund', and submit your reason."
cd49bd92-6647-4d68-b810-eb543a54471f,6935,Can you help me undo an order I placed?,cancel_order,You can cancel by navigating to My Account > Purchases > Cancel. Choose the order you wish to cancel and follow the prompts.
037dffd8-f769-4c1b-a8e2-2affbb8e9e92,4288,Tell me the progress of my recent order.,order_status,Head over to Orders > Select Order > View Status to see where your order is in the fulfillment process.
bcb20a75-4cbc-47af-84fe-cae3f28e8955,4787,Tell me a joke.,out_of_scope,This seems outside my current support scope. Please check our help center for more information.
d34853a2-b784-4b78-a913-b8af78a93aa5,3325,Can you help me undo an order I placed?,cancel_order,"To cancel your order, please go to Settings > Orders > Cancel Order. After selecting the order, confirm the cancellation. If you face any issues, let me know."
46736e59-cbb6-4df2-8256-8c3f5b629930,4915,I want to talk to a real person.,talk_to_human,"Sure, let me transfer you to one of our human representatives right away."
a40070b2-4296-45bc-b3d3-36ca4319e418,5488,Please help me submit a problem report.,submit_complaint,"To submit a complaint, please visit Help Center > Complaints > File Issue. Provide your order details and a description of the issue."
8a598e1c-137d-400d-8c9d-28b3f7a40e86,5079,Can I rate the product I bought?,review_order,"You can add a review by navigating to Orders > Select Order > Leave Review. Once there, you’ll be able to write and submit your review."
644d63d5-84d7-4569-ac49-f1d316621f9a,3532,See you next time.,goodbye,Thank you for reaching out! Have a great day.
811d5725-09fb-406e-b409-abe1835052ef,8327,I want to share feedback about my purchase.,review_order,"You can add a review by navigating to Orders > Select Order > Leave Review. Once there, you’ll be able to write and submit your review."
dcd64abe-be76-4a4f-9af0-d904fa96038c,9111,Track my shipment please.,order_tracking,"To track your shipment, please go to My Account > Shipping > Track Package. Enter your tracking ID for more details."
9d8871cf-179f-4798-acc3-99d4534dbe21,7194,Why was my card declined?,payment_issue,"For payment issues, navigate to Profile > Wallet > Payment Issues. You will find tools to resolve failed or pending transactions."
2a6477c7-ac29-4ccc-8399-f30f81033372,8056,Can I rate the product I bought?,review_order,"To review your order, head over to Purchases > Feedback > Review Order. Select the order and leave your feedback."
da9bf511-7001-4004-9e01-c47914f62a0b,2998,"Hey, how are you?",greeting,Hi! Welcome back. What can I help you with?
a1c80dcf-5635-4646-bcd7-c7ec01a721d1,8890,There’s an issue I need to report.,submit_complaint,"You can report a problem by going to Profile > Feedback > Report Problem. Fill in the complaint form, and our team will review it shortly."
9a58ff45-ffe8-44ea-8f0a-a6a618d08dcb,6474,Track my shipment please.,order_tracking,Tracking details are available under Orders > Track Shipment. It will show you real-time updates about your package location.
c42d3000-8bc9-4fb2-9113-59ade4911446,4914,Can you write me an essay?,out_of_scope,"I’m sorry, but I can’t help with that request. Could you please rephrase or ask something else?"
5c04eddc-5465-40a5-b8df-484c65a6d77b,6614,"My payment is pending, what should I do?",payment_issue,"For payment issues, navigate to Settings > Payments > Resolve Issue. You will find tools to resolve failed or pending transactions."
8935ece5-a798-46d8-9c7d-d1a90fcca035,3814,Please transfer me to a representative.,talk_to_human,I’ll connect you with a support agent shortly. Please hold on.
4d37697a-d4e3-4d1a-81dd-9afb11ce8e85,9135,Tell me the progress of my recent order.,order_status,Head over to Orders > Select Order > View Status to see where your order is in the fulfillment process.
99f65fa3-4a48-4150-8764-bce03eed3f73,7472,How do I request money back for my purchase?,demand_refund,"To get a refund, please visit My Account > Refunds > Initiate. Choose the respective order and complete the refund form."
11ba0709-1ca4-4254-b429-54bc16427b11,3364,Please transfer me to a representative.,talk_to_human,I’ll connect you with a support agent shortly. Please hold on.
a3e392ba-a132-428c-90e6-8274a7cf10c5,8377,Can you show me tracking details for my order?,order_tracking,Tracking details are available under Purchases > Delivery > Tracking Info. It will show you real-time updates about your package location.
dc794b5d-b3d0-4c3d-b873-619651105961,6318,Where is my delivery right now?,order_tracking,Tracking details are available under Orders > Track Shipment. It will show you real-time updates about your package location.
80268461-323b-46fc-8169-182b19becc2f,9491,Track my shipment please.,order_tracking,"To track your shipment, please go to Purchases > Delivery > Tracking Info. Enter your tracking ID for more details."
6946b569-455a-4f66-b488-f43f869f2e05,7430,Can you help me undo an order I placed?,cancel_order,"To cancel your order, please go to Profile > Order History > Cancel Order. After selecting the order, confirm the cancellation. If you face any issues, let me know."
5b23ee66-6404-425b-83dc-508e09fe0fe0,8435,Where do I go to cancel an order?,cancel_order,You can cancel by navigating to Profile > Order History > Cancel Order. Choose the order you wish to cancel and follow the prompts.
96433517-3c89-46f6-a389-37a848767796,5775,How do I file a complaint?,submit_complaint,"To submit a complaint, please visit Help Center > Complaints > File Issue. Provide your order details and a description of the issue."
f181c72d-1c46-49c4-a4bc-453e9fcda557,9850,Can you tell me the refund steps?,demand_refund,"To get a refund, please visit Profile > Order History > Request Refund. Choose the respective order and complete the refund form."
1cbf0373-9335-4b73-bba5-da955d84bd73,4537,What’s the current status of my order?,order_status,Head over to Profile > Orders > Check Status to see where your order is in the fulfillment process.
cd66a008-1f7c-421f-8592-e5a383822eef,4518,Please cancel my recent purchase.,cancel_order,"To cancel your order, please go to Settings > Orders > Cancel Order. After selecting the order, confirm the cancellation. If you face any issues, let me know."
8c4402ae-6c13-44dc-81d7-3f4deb799d3b,2552,How do I check if my order is confirmed?,order_status,Head over to Orders > Select Order > View Status to see where your order is in the fulfillment process.
83365a28-5d53-4694-b944-190cc28d4629,9027,Goodbye!,goodbye,Goodbye! I hope I was able to help you today.
5af415d1-618c-42d7-a22e-aea53ae5d1d9,6828,Where can I request a refund?,demand_refund,"Refund requests can be placed through Profile > Order History > Request Refund. Select your order, choose 'Request Refund', and submit your reason."
fd2784c1-201b-4d3f-bbd9-72dfe140bd0e,4955,Can you tell me the refund steps?,demand_refund,"Refund requests can be placed through My Account > Refunds > Initiate. Select your order, choose 'Request Refund', and submit your reason."
3e699763-e94f-462a-9821-517116d51ce9,9976,Can you help me undo an order I placed?,cancel_order,You can cancel by navigating to Settings > Orders > Cancel Order. Choose the order you wish to cancel and follow the prompts.
128a55e5-5389-4ded-bb83-b31d5b2d3ea9,7345,How do I file a complaint?,submit_complaint,"You can report a problem by going to Settings > Support > Submit Complaint. Fill in the complaint form, and our team will review it shortly."
d7d8deaf-6761-4096-801f-36e120ae4fd6,3503,Where is my delivery right now?,order_tracking,"To track your shipment, please go to Orders > Track Shipment. Enter your tracking ID for more details."
467ade51-928b-4e51-a7c8-1d5b2c39ae26,9665,I want to talk to a real person.,talk_to_human,"Sure, let me transfer you to one of our human representatives right away."
ab8f2d3e-789c-40a8-bcd7-f2e276c82672,4870,"Hi, I need some help.",greeting,Hi! Welcome back. What can I help you with?
284ec6c0-ceaf-40c3-9b21-29540c834f08,9252,Hi there!,greeting,Hello there! How can I assist you with your orders today?
ee3c3eeb-ea8c-4b3e-b0df-50427168e1bc,7600,Help me post a review for my completed purchase.,review_order,"You can add a review by navigating to Orders > Select Order > Leave Review. Once there, you’ll be able to write and submit your review."
77510b8d-0129-43a7-8c49-32db7ec72865,2209,How do I file a complaint?,submit_complaint,"You can report a problem by going to Settings > Support > Submit Complaint. Fill in the complaint form, and our team will review it shortly."
5518ffb0-b92b-46c0-858d-0acc5aeb11d4,3575,Tell me a joke.,out_of_scope,"I’m sorry, but I can’t help with that request. Could you please rephrase or ask something else?"
b23621a5-4875-4b13-ac1c-a0af088d3530,6489,What’s 2+2?,out_of_scope,"I’m sorry, but I can’t help with that request. Could you please rephrase or ask something else?"
8efa6b27-040e-4637-9046-b80be7e10aad,5128,"Hey, how are you?",greeting,Hello there! How can I assist you with your orders today?
c819935c-ec32-4c69-8bd2-d4664c191b71,5728,Where is my delivery right now?,order_tracking,Tracking details are available under Purchases > Delivery > Tracking Info. It will show you real-time updates about your package location.
4457f991-04c4-4630-a299-f7307c4be250,6763,I need the courier information for my order.,order_tracking,"To track your shipment, please go to My Account > Shipping > Track Package. Enter your tracking ID for more details."
9de51c2d-3877-4d91-84cb-a8df5aede001,4790,I need to speak to a human agent.,talk_to_human,"Sure, let me transfer you to one of our human representatives right away."
c593ba7c-023b-4f01-a440-7c07f63ee1a8,4678,My payment didn’t go through.,payment_issue,"For payment issues, navigate to My Account > Billing > Payment Help. You will find tools to resolve failed or pending transactions."
ca3e398c-7847-424f-9d1b-d76c1c702e64,9714,Where do I go to raise a complaint?,submit_complaint,"You can report a problem by going to Profile > Feedback > Report Problem. Fill in the complaint form, and our team will review it shortly."
61ccc45f-cc8b-4208-beb4-e9f86ac041f3,4784,Can you connect me to support staff?,talk_to_human,"Sure, let me transfer you to one of our human representatives right away."
a8c81c3b-5358-4ba3-98d6-8b87e5c2589f,6779,Where do I write a review for my last order?,review_order,"To review your order, head over to My Account > Reviews > Write Review. Select the order and leave your feedback."
dca6fe51-96f6-400b-b4ea-913180358091,6890,Is there a way to stop processing on my order?,cancel_order,You can cancel by navigating to My Account > Purchases > Cancel. Choose the order you wish to cancel and follow the prompts.
1f37a275-8341-4c71-99a9-59349f50c308,4494,Can I rate the product I bought?,review_order,"You can add a review by navigating to Purchases > Feedback > Review Order. Once there, you’ll be able to write and submit your review."
590f7e21-466a-4535-a22b-4d04195279fe,7972,Tell me the progress of my recent order.,order_status,Head over to Profile > Orders > Check Status to see where your order is in the fulfillment process.
4336809c-98da-48bf-984c-4ad1996d2f05,9044,Where is my order in the process?,order_status,You can check your order status by going to Profile > Orders > Check Status. It will display the current progress of your order.
3afd0208-79a7-475d-9a21-14dd08c72daa,5737,Where is my delivery right now?,order_tracking,"To track your shipment, please go to Orders > Track Shipment. Enter your tracking ID for more details."
3172e14b-fe05-4966-9249-202a6e99fb25,5985,"Hi, I need some help.",greeting,Hi! Welcome back. What can I help you with?
ab3521b0-3988-426c-837b-5c1369421496,8238,Catch you later.,goodbye,Thank you for reaching out! Have a great day.
ebb68ee1-eec5-4bc0-ab3c-ee3855097977,9774,Good morning!,greeting,Hi! Welcome back. What can I help you with?
c7481bc0-abfa-43d5-bc2c-e4def2f4307f,3190,I need help with a failed transaction.,payment_issue,"For payment issues, navigate to Settings > Payments > Resolve Issue. You will find tools to resolve failed or pending transactions."
99726841-5713-4a42-9d49-dfb9db613209,3430,What’s the current status of my order?,order_status,Head over to Profile > Orders > Check Status to see where your order is in the fulfillment process.
8479a1c9-f4d2-4643-aa2b-a2537c3d912e,6952,What’s 2+2?,out_of_scope,"I’m sorry, but I can’t help with that request. Could you please rephrase or ask something else?"
ee3411d5-145b-4467-af63-2b93be1aeeed,1373,Hi there!,greeting,Hello there! How can I assist you with your orders today?
0ef01139-ad48-4b6b-88a4-29f54bd2539f,1450,I want to share feedback about my purchase.,review_order,"To review your order, head over to Purchases > Feedback > Review Order. Select the order and leave your feedback."
7dcd8dae-8423-4d15-8cad-fbd82d3f4635,4505,Can you connect me to support staff?,talk_to_human,"Sure, let me transfer you to one of our human representatives right away."
b5eb11e6-f3b5-425e-af42-35eeb7cd9ddd,1907,I want to share feedback about my purchase.,review_order,"You can add a review by navigating to Purchases > Feedback > Review Order. Once there, you’ll be able to write and submit your review."
c4efcca7-2dd1-417c-b4a3-477bb048ae63,6516,Please help me submit a problem report.,submit_complaint,"You can report a problem by going to Help Center > Complaints > File Issue. Fill in the complaint form, and our team will review it shortly."
8b86f7de-bac6-4d67-9f17-5bea6cb3d1c2,1366,Can I chat with someone from support?,talk_to_human,"Sure, let me transfer you to one of our human representatives right away."
6f09baa3-3d41-4258-8feb-91a81300ec3b,4567,Hi there!,greeting,Hi! Welcome back. What can I help you with?
b976c9a8-8413-49af-bdec-064319ec2869,4462,Hello!,greeting,Hi! Welcome back. What can I help you with?
eee97fa3-8151-42f2-ab77-426ef496c303,5871,Please guide me to initiate a refund.,demand_refund,"To get a refund, please visit Profile > Order History > Request Refund. Choose the respective order and complete the refund form."
152172a2-bc58-4bf1-b483-2e0e57071ae7,6201,Where do I go to raise a complaint?,submit_complaint,"You can report a problem by going to Settings > Support > Submit Complaint. Fill in the complaint form, and our team will review it shortly."
fdd9dfbf-787a-47cd-b179-029e7e6677c8,5809,How do I file a complaint?,submit_complaint,"You can report a problem by going to Settings > Support > Submit Complaint. Fill in the complaint form, and our team will review it shortly."
b0b9e012-2e87-43a1-8beb-86a1a033bffd,9039,Please cancel my recent purchase.,cancel_order,You can cancel by navigating to Settings > Orders > Cancel Order. Choose the order you wish to cancel and follow the prompts.
b7c24bc6-5613-47ee-a7f0-f45536617912,6534,Help me post a review for my completed purchase.,review_order,"You can add a review by navigating to My Account > Reviews > Write Review. Once there, you’ll be able to write and submit your review."
7b5144f9-22d9-4a0a-8084-79e9c0a0b88e,5508,Please transfer me to a representative.,talk_to_human,"Sure, let me transfer you to one of our human representatives right away."
b6514859-c8f8-498d-8b5e-51d6e060b2f8,5535,I want to complain about a product.,submit_complaint,"To submit a complaint, please visit Settings > Support > Submit Complaint. Provide your order details and a description of the issue."
033034c2-2114-44b2-b3b3-238cec68bc8c,7570,Please cancel my recent purchase.,cancel_order,"To cancel your order, please go to Profile > Order History > Cancel Order. After selecting the order, confirm the cancellation. If you face any issues, let me know."
c68ba62a-82e3-448e-a6cf-f0c93aaced78,9574,What’s 2+2?,out_of_scope,"I’m sorry, but I can’t help with that request. Could you please rephrase or ask something else?"
adada4bc-af5a-43c6-910e-882f9a3aa863,3137,Where do I go to raise a complaint?,submit_complaint,"To submit a complaint, please visit Profile > Feedback > Report Problem. Provide your order details and a description of the issue."
84fd0c30-763b-4c78-97e4-934f41b87b10,7879,Catch you later.,goodbye,Thank you for reaching out! Have a great day.
f2ee64aa-8961-465e-9bf4-9ff4faf175f3,2528,How can I leave a review for my order?,review_order,"You can add a review by navigating to Orders > Select Order > Leave Review. Once there, you’ll be able to write and submit your review."
47aafd07-7bf0-4873-a49b-8b1d1b399713,7648,Please transfer me to a representative.,talk_to_human,"Sure, let me transfer you to one of our human representatives right away."
3702bf9d-b7ae-4e5f-966c-472da53a5fd0,2202,Where do I write a review for my last order?,review_order,"You can add a review by navigating to Purchases > Feedback > Review Order. Once there, you’ll be able to write and submit your review."
fd2ac722-d710-41a6-a4ec-eb0cfccd14b8,4383,Tell me the progress of my recent order.,order_status,Head over to Orders > Select Order > View Status to see where your order is in the fulfillment process.
0db6d1ce-ca5c-4c99-8d6b-937ace4ca9c3,3614,Where is my order in the process?,order_status,You can check your order status by going to Orders > Select Order > View Status. It will display the current progress of your order.
f93d31fc-f010-402c-a57a-c53203d7026d,8763,Can you tell me the refund steps?,demand_refund,"To get a refund, please visit Settings > Orders > Refund Order. Choose the respective order and complete the refund form."
e11df29a-f45b-4ef3-98d6-5652c1ddb003,4547,How can I leave a review for my order?,review_order,"To review your order, head over to Purchases > Feedback > Review Order. Select the order and leave your feedback."
7657df5b-4aa2-4377-88d4-94e02e30b20e,8339,What’s 2+2?,out_of_scope,This seems outside my current support scope. Please check our help center for more information.
77156b2f-c18d-4301-8939-bfa0e61e6e47,7890,I need the courier information for my order.,order_tracking,"To track your shipment, please go to Orders > Track Shipment. Enter your tracking ID for more details."
0d43d681-e125-49fe-b820-151c2488dd3f,7654,Help me post a review for my completed purchase.,review_order,"To review your order, head over to Orders > Select Order > Leave Review. Select the order and leave your feedback."
9ceb677b-9795-4cda-a329-9b3f1e34a691,3033,"I’m done, thanks.",goodbye,Goodbye! I hope I was able to help you today.
38fac45b-d595-43da-8bba-c48a8c2f20a3,5801,Can you connect me to support staff?,talk_to_human,"Sure, let me transfer you to one of our human representatives right away."
67faf394-0970-4de5-93ca-200a3ec25b86,1687,Why was my card declined?,payment_issue,You can manage and fix your payment issues at Settings > Payments > Resolve Issue. Select the relevant transaction to proceed.
ef9d6fbc-097f-46d4-b42c-3444200e5375,1938,I need a refund on my last order.,demand_refund,"To get a refund, please visit Settings > Orders > Refund Order. Choose the respective order and complete the refund form."
f48bafbb-fa1a-45b4-9a35-7219bee43f25,1298,I need help with a failed transaction.,payment_issue,"For payment issues, navigate to Profile > Wallet > Payment Issues. You will find tools to resolve failed or pending transactions."
e584a6c2-a7fe-479c-b6dd-c1d6eec3c713,2091,I need help with a failed transaction.,payment_issue,"For payment issues, navigate to Settings > Payments > Resolve Issue. You will find tools to resolve failed or pending transactions."
12082f05-6b64-4c67-ae5d-b4958c7d0efc,8155,Can I chat with someone from support?,talk_to_human,"Sure, let me transfer you to one of our human representatives right away."
11dedfcf-22ab-44e8-a1d7-c2c57c93ad40,9892,Where is my order in the process?,order_status,Head over to Orders > Select Order > View Status to see where your order is in the fulfillment process.
e3ff8342-f821-4777-aa46-8817c4b6ea41,5215,"My payment is pending, what should I do?",payment_issue,You can manage and fix your payment issues at Settings > Payments > Resolve Issue. Select the relevant transaction to proceed.
fe68a5f9-eebb-4124-9764-15ee485cdc64,8520,I want to complain about a product.,submit_complaint,"To submit a complaint, please visit Profile > Feedback > Report Problem. Provide your order details and a description of the issue."
b9c214dc-8fc8-43ea-b172-b2f3aab11978,7533,"I’m done, thanks.",goodbye,Thank you for reaching out! Have a great day.
9c73391f-87e8-4983-9fa6-b54ee6aabf8b,1456,I want to share feedback about my purchase.,review_order,"To review your order, head over to My Account > Reviews > Write Review. Select the order and leave your feedback."
66d1caa4-c322-48f8-a769-3c6c76e0fccc,4064,I need the courier information for my order.,order_tracking,Tracking details are available under My Account > Shipping > Track Package. It will show you real-time updates about your package location.
9d8a1769-9915-448c-bbb3-b2a91646ef92,4826,I want to talk to a real person.,talk_to_human,"Sure, let me transfer you to one of our human representatives right away."
c4701739-d0fa-4978-8183-8dbc5ebba115,1866,I want to complain about a product.,submit_complaint,"To submit a complaint, please visit Settings > Support > Submit Complaint. Provide your order details and a description of the issue."
f9463a6a-81b4-4224-8c67-4c5e458e8771,8963,"Hey, how are you?",greeting,Hi! Welcome back. What can I help you with?
42e05b0d-4dc2-41fc-a44b-7e69790adc4a,3926,"My payment is pending, what should I do?",payment_issue,"For payment issues, navigate to Profile > Wallet > Payment Issues. You will find tools to resolve failed or pending transactions."
0500210f-aedf-4432-b287-b63757d3a3a6,9341,I want to complain about a product.,submit_complaint,"You can report a problem by going to Settings > Support > Submit Complaint. Fill in the complaint form, and our team will review it shortly."
005b4a21-14a5-41e8-ae28-79318c07e8ec,8554,Where can I request a refund?,demand_refund,"To get a refund, please visit Settings > Orders > Refund Order. Choose the respective order and complete the refund form."
94275885-e010-4c5f-94b3-960302a64a28,9325,Can you tell me the refund steps?,demand_refund,"To get a refund, please visit My Account > Refunds > Initiate. Choose the respective order and complete the refund form."
f9348fbc-5391-4ada-a98d-0715e7fd19e3,5897,Where do I go to raise a complaint?,submit_complaint,"You can report a problem by going to Profile > Feedback > Report Problem. Fill in the complaint form, and our team will review it shortly."
40bf5066-5cad-4455-a72d-15dd96a2af3a,5485,Goodbye!,goodbye,Goodbye! I hope I was able to help you today.
01df5a4b-c9f3-4f4d-9fa3-444c183ed64b,9559,"Hi, I need some help.",greeting,Hi! Welcome back. What can I help you with?
955f0481-bbb9-4aaa-b8f3-147fcd1cbffa,6265,I want to share feedback about my purchase.,review_order,"To review your order, head over to Purchases > Feedback > Review Order. Select the order and leave your feedback."
9541072f-9a89-4069-b5bd-3ceb8b455fa5,5056,How can I leave a review for my order?,review_order,"To review your order, head over to Purchases > Feedback > Review Order. Select the order and leave your feedback."
cafd946a-5999-4d97-93af-b02932c5957c,2690,"I’m done, thanks.",goodbye,Goodbye! I hope I was able to help you today.
86b452e9-f4e9-4525-b74b-7e63fdf2a62a,7289,Hello!,greeting,Hello there! How can I assist you with your orders today?
bc17e4ae-a71d-4e16-af9d-0c7a68ad35ae,2955,I want to share feedback about my purchase.,review_order,"You can add a review by navigating to Orders > Select Order > Leave Review. Once there, you’ll be able to write and submit your review."
01a07f58-d2a9-4cff-86e0-7b00081be6d7,9090,Can you tell me the refund steps?,demand_refund,"To get a refund, please visit Profile > Order History > Request Refund. Choose the respective order and complete the refund form."
b1a3f694-78c7-40fa-b497-3ebc672efc7c,5393,Please transfer me to a representative.,talk_to_human,"Sure, let me transfer you to one of our human representatives right away."
60370dff-5cca-43dc-a379-d5d632db734a,9583,There’s an issue I need to report.,submit_complaint,"To submit a complaint, please visit Settings > Support > Submit Complaint. Provide your order details and a description of the issue."
e090d78a-7fe3-4e65-a334-2bc6e7fc1ee4,8512,I want to cancel my last order.,cancel_order,"To cancel your order, please go to Profile > Order History > Cancel Order. After selecting the order, confirm the cancellation. If you face any issues, let me know."
7b657074-3ea5-4e07-b3e8-aad21bbb3250,1649,Track my shipment please.,order_tracking,"To track your shipment, please go to My Account > Shipping > Track Package. Enter your tracking ID for more details."
73418234-15b0-452d-9eee-56ee29fb2c92,7859,I want to share feedback about my purchase.,review_order,"To review your order, head over to Orders > Select Order > Leave Review. Select the order and leave your feedback."
92e23298-4aac-4b68-a591-3f8d0e71e246,5161,Hello!,greeting,Hello there! How can I assist you with your orders today?
5d0441f3-436e-4d9f-84dc-5455449bdc7f,2760,"Hey, how are you?",greeting,Hello there! How can I assist you with your orders today?
980a1b6f-402d-4aaf-8498-210016492947,5264,Who won the football game yesterday?,out_of_scope,This seems outside my current support scope. Please check our help center for more information.
a447caae-fef1-4af4-8880-4d7d3dad3c39,4730,My payment didn’t go through.,payment_issue,"For payment issues, navigate to Settings > Payments > Resolve Issue. You will find tools to resolve failed or pending transactions."
a89a0fe0-a386-42ad-86da-c65173529652,2406,"My payment is pending, what should I do?",payment_issue,You can manage and fix your payment issues at Profile > Wallet > Payment Issues. Select the relevant transaction to proceed.
b531bc5b-6f3d-4fb1-8a51-4e4a56bfce55,6404,How can I leave a review for my order?,review_order,"To review your order, head over to Orders > Select Order > Leave Review. Select the order and leave your feedback."
c85a2c89-10af-4da5-9bea-6f41c8d965fb,4584,Good morning!,greeting,Hello there! How can I assist you with your orders today?
4d67265d-c0cd-48d9-9a38-9339ab155b97,7403,My payment didn’t go through.,payment_issue,"For payment issues, navigate to Settings > Payments > Resolve Issue. You will find tools to resolve failed or pending transactions."
0b37a600-653c-4474-af1a-e6158861bb2f,6859,Hello!,greeting,Hi! Welcome back. What can I help you with?
d760b03d-c219-4bec-905d-ce28a97114c6,9508,Where is my order in the process?,order_status,You can check your order status by going to My Account > Purchases > Track Progress. It will display the current progress of your order.
65422567-9258-4b33-86a3-a5d18b7dc45d,7914,How can I leave a review for my order?,review_order,"To review your order, head over to Orders > Select Order > Leave Review. Select the order and leave your feedback."
5c2fcc36-7a6d-4efd-b586-1a1eef15f8e2,3839,What’s the current status of my order?,order_status,You can check your order status by going to Profile > Orders > Check Status. It will display the current progress of your order.
c8d6b812-3230-49a1-a611-71a6e54b9630,2631,Hello!,greeting,Hello there! How can I assist you with your orders today?
c4d6c4df-20e8-43e7-a423-dfa1a1471fe8,7483,Good morning!,greeting,Hi! Welcome back. What can I help you with?
79867260-d984-4394-95ab-bedb0fb7f98a,5249,Please transfer me to a representative.,talk_to_human,"Sure, let me transfer you to one of our human representatives right away."
41a5bdc1-6d30-4827-96ee-3e3ff789e70e,7385,Please help me submit a problem report.,submit_complaint,"You can report a problem by going to Settings > Support > Submit Complaint. Fill in the complaint form, and our team will review it shortly."
888312e9-7066-41eb-b52d-dc03e2dfb4a7,4258,Where do I go to cancel an order?,cancel_order,You can cancel by navigating to Profile > Order History > Cancel Order. Choose the order you wish to cancel and follow the prompts.
c1dae3f0-8d64-4012-b964-8bf5c2d3b7da,4665,Tell me a joke.,out_of_scope,"I’m sorry, but I can’t help with that request. Could you please rephrase or ask something else?"
2b8dacfc-69eb-40cb-90b3-c81669287c0e,4353,Please transfer me to a representative.,talk_to_human,I’ll connect you with a support agent shortly. Please hold on.
bcbf8567-d1a8-41e6-b495-0baaecd4058b,2612,See you next time.,goodbye,Thank you for reaching out! Have a great day.
6597e759-cb73-4bed-b7c1-a02beaace32e,8914,Is there a way to stop processing on my order?,cancel_order,You can cancel by navigating to Profile > Order History > Cancel Order. Choose the order you wish to cancel and follow the prompts.
1eb34e10-c0ba-4a46-b129-633022be8d61,5848,Please transfer me to a representative.,talk_to_human,"Sure, let me transfer you to one of our human representatives right away."
0c42c6d7-763f-4714-8785-593c7c16ffe8,7035,"Hi, I need some help.",greeting,Hi! Welcome back. What can I help you with?
db4c32c0-c630-4e69-bc99-44fb37aac098,9186,Where can I request a refund?,demand_refund,"Refund requests can be placed through My Account > Refunds > Initiate. Select your order, choose 'Request Refund', and submit your reason."
567974ef-4df3-4ab6-b755-5c9342832d62,9613,Where do I write a review for my last order?,review_order,"To review your order, head over to Purchases > Feedback > Review Order. Select the order and leave your feedback."
b80c749b-2336-4fe1-8023-69b2a310faeb,3523,Has my order been shipped yet?,order_status,You can check your order status by going to Orders > Select Order > View Status. It will display the current progress of your order.
a4454bba-42bb-4b20-89df-c7e7d4f1a1e2,8166,Tell me a joke.,out_of_scope,"I’m sorry, but I can’t help with that request. Could you please rephrase or ask something else?"
352ad8ea-6e4c-423e-b362-df64cd022b2e,7081,Catch you later.,goodbye,Thank you for reaching out! Have a great day.
83c5975a-90a1-4cbf-8eca-1d409d4ed5fd,5321,Can you help me undo an order I placed?,cancel_order,"To cancel your order, please go to Profile > Order History > Cancel Order. After selecting the order, confirm the cancellation. If you face any issues, let me know."
b90eb491-220a-4224-9d8c-c4911880f60e,9730,I want to cancel my last order.,cancel_order,"To cancel your order, please go to Profile > Order History > Cancel Order. After selecting the order, confirm the cancellation. If you face any issues, let me know."
377e54d8-50cb-4a32-bc46-6a82031628f5,3122,Please guide me to initiate a refund.,demand_refund,"To get a refund, please visit My Account > Refunds > Initiate. Choose the respective order and complete the refund form."
218988a8-9df8-4ad3-b431-1df73debb767,6759,I need the courier information for my order.,order_tracking,"To track your shipment, please go to My Account > Shipping > Track Package. Enter your tracking ID for more details."
6768844d-7a45-4b65-ba69-18697eea1ff4,6464,Help me post a review for my completed purchase.,review_order,"You can add a review by navigating to My Account > Reviews > Write Review. Once there, you’ll be able to write and submit your review."
2dd1c4fc-d98c-4812-a9f7-b0fd1e003e24,6495,Good morning!,greeting,Hello there! How can I assist you with your orders today?
fb6b7f19-1009-4210-ab0f-6a6f6a710ac9,1282,Help me post a review for my completed purchase.,review_order,"To review your order, head over to Orders > Select Order > Leave Review. Select the order and leave your feedback."
27c5339c-2faf-490c-934d-32aa3b740b13,4887,"Thanks, bye!",goodbye,Goodbye! I hope I was able to help you today.
7885302b-e33c-438b-ad74-e1d7825ca58a,6778,"Hi, I need some help.",greeting,Hello there! How can I assist you with your orders today?
f03ea7e7-0769-4395-9d98-eef161142c4d,6509,Please guide me to initiate a refund.,demand_refund,"To get a refund, please visit Profile > Order History > Request Refund. Choose the respective order and complete the refund form."
0edb73ff-d366-459b-983f-719f225d4894,3956,Hi there!,greeting,Hello there! How can I assist you with your orders today?
03cf0ed4-a35b-41f8-9c85-4326c3947d55,7781,I want to complain about a product.,submit_complaint,"To submit a complaint, please visit Profile > Feedback > Report Problem. Provide your order details and a description of the issue."
cac89df7-fd8c-41d1-bf56-0f2ef9e06854,9654,Where do I go to raise a complaint?,submit_complaint,"You can report a problem by going to Profile > Feedback > Report Problem. Fill in the complaint form, and our team will review it shortly."
08fbed7c-bfbd-4e0b-84b5-e7497a7cdd9e,3266,Is there a way to stop processing on my order?,cancel_order,"To cancel your order, please go to My Account > Purchases > Cancel. After selecting the order, confirm the cancellation. If you face any issues, let me know."
c144c1c6-5666-497f-91b9-272e2bb7c924,1557,I need the courier information for my order.,order_tracking,Tracking details are available under My Account > Shipping > Track Package. It will show you real-time updates about your package location.
2c56b385-f2ff-408b-b6be-ce624f8e6f33,6782,How can I leave a review for my order?,review_order,"To review your order, head over to Purchases > Feedback > Review Order. Select the order and leave your feedback."
72ea87b9-af22-4a7f-a929-e68c9a22c8a5,1967,Where is my order in the process?,order_status,You can check your order status by going to Profile > Orders > Check Status. It will display the current progress of your order.
9f2492b5-2b9b-45dd-b53a-f27ae7aa4e7a,9327,Good morning!,greeting,Hi! Welcome back. What can I help you with?
fc8144b6-2f33-484b-9ee8-9db29e5f3cbc,1643,Where do I go to cancel an order?,cancel_order,"To cancel your order, please go to My Account > Purchases > Cancel. After selecting the order, confirm the cancellation. If you face any issues, let me know."
4234554d-7dfb-430e-87e1-af93360178d4,2427,How do I request money back for my purchase?,demand_refund,"To get a refund, please visit Settings > Orders > Refund Order. Choose the respective order and complete the refund form."
651bc5da-05a3-4672-a960-de8bb1020a08,5366,My payment didn’t go through.,payment_issue,You can manage and fix your payment issues at Profile > Wallet > Payment Issues. Select the relevant transaction to proceed.
21c58f70-9d06-4484-bf3f-254f35056c8a,4812,Hello!,greeting,Hello there! How can I assist you with your orders today?
b85dfbf3-0aec-4d26-bb0c-ecc2c2f94fb0,4797,Where is my delivery right now?,order_tracking,"To track your shipment, please go to Purchases > Delivery > Tracking Info. Enter your tracking ID for more details."
862faa53-2ae0-4b30-92c8-60343bbb865c,6390,Where do I go to raise a complaint?,submit_complaint,"You can report a problem by going to Profile > Feedback > Report Problem. Fill in the complaint form, and our team will review it shortly."
04d06845-c7dc-48fd-a6b3-bd41d0aeddfe,4556,Where do I write a review for my last order?,review_order,"You can add a review by navigating to Orders > Select Order > Leave Review. Once there, you’ll be able to write and submit your review."
db5372cf-23e9-43ec-a592-ffc8a7bd5cd6,3875,Can I chat with someone from support?,talk_to_human,I’ll connect you with a support agent shortly. Please hold on.
0b524695-f437-4138-b9e1-a4272ce5eef5,9366,I want to complain about a product.,submit_complaint,"To submit a complaint, please visit Profile > Feedback > Report Problem. Provide your order details and a description of the issue."
f7a7739e-b021-4146-93ab-decec7114336,8228,How can I leave a review for my order?,review_order,"To review your order, head over to My Account > Reviews > Write Review. Select the order and leave your feedback."
e25b6706-b582-4afb-89ab-6aa353136d63,6829,Why was my card declined?,payment_issue,"For payment issues, navigate to Settings > Payments > Resolve Issue. You will find tools to resolve failed or pending transactions."
3a56b8b2-8d67-4250-bea3-154b7cb09780,4831,"Hey, how are you?",greeting,Hello there! How can I assist you with your orders today?
13699058-f661-4072-964c-8b45ebd2cbc7,8982,Why was my card declined?,payment_issue,You can manage and fix your payment issues at Profile > Wallet > Payment Issues. Select the relevant transaction to proceed.
fae8f23c-3ea7-4cab-bda7-529ca5905a49,8164,Track my shipment please.,order_tracking,Tracking details are available under Purchases > Delivery > Tracking Info. It will show you real-time updates about your package location.
67788ea4-9c96-4670-8c3e-3f3ab465d635,6906,Where is my delivery right now?,order_tracking,"To track your shipment, please go to Orders > Track Shipment. Enter your tracking ID for more details."
84f1a15a-0e88-4992-bac8-977ee3ce297e,5192,Help me post a review for my completed purchase.,review_order,"To review your order, head over to Purchases > Feedback > Review Order. Select the order and leave your feedback."
ff9ca0b7-a0e3-4027-86f3-bae0c0b7b6c3,3765,Is there a way to stop processing on my order?,cancel_order,You can cancel by navigating to My Account > Purchases > Cancel. Choose the order you wish to cancel and follow the prompts.
fb6cb4fe-e9d0-4a96-9009-fada9b3730f6,1002,Tell me a joke.,out_of_scope,This seems outside my current support scope. Please check our help center for more information.
b0efb80d-9dd7-40e5-b68f-37b9cd40a3dd,3122,Where is my order in the process?,order_status,Head over to My Account > Purchases > Track Progress to see where your order is in the fulfillment process.
41cd1411-b21b-48f4-927b-5e615ddb2a74,6175,Can you help me undo an order I placed?,cancel_order,"To cancel your order, please go to Profile > Order History > Cancel Order. After selecting the order, confirm the cancellation. If you face any issues, let me know."
93883204-9875-4046-b41b-9acd0389884a,2377,How do I check if my order is confirmed?,order_status,Head over to Orders > Select Order > View Status to see where your order is in the fulfillment process.
d8dd6318-ccd3-44b3-877e-64e3b5026b08,5935,What’s the current status of my order?,order_status,Head over to Profile > Orders > Check Status to see where your order is in the fulfillment process.
6232cd33-7853-4edf-b25d-58b038af98b0,4548,Who won the football game yesterday?,out_of_scope,This seems outside my current support scope. Please check our help center for more information.
b0294e38-97dd-40f7-a08f-34d1bd15a275,7230,I want to cancel my last order.,cancel_order,You can cancel by navigating to Settings > Orders > Cancel Order. Choose the order you wish to cancel and follow the prompts.
e9d76162-a9a3-4033-88eb-e39347e619e7,1608,Hello!,greeting,Hi! Welcome back. What can I help you with?
a468645e-2240-46cf-bd20-5090c9397bf5,4665,Can you help me undo an order I placed?,cancel_order,"To cancel your order, please go to My Account > Purchases > Cancel. After selecting the order, confirm the cancellation. If you face any issues, let me know."
eca52f04-63ba-4c38-8611-053419358eac,2943,Who won the football game yesterday?,out_of_scope,"I’m sorry, but I can’t help with that request. Could you please rephrase or ask something else?"
d9e68124-1565-4c8d-a19a-8bd9c40901ec,6087,Why was my card declined?,payment_issue,"For payment issues, navigate to Profile > Wallet > Payment Issues. You will find tools to resolve failed or pending transactions."
d4d1b188-ed9f-4656-a4e0-c9b0e3e788b9,1273,Where can I request a refund?,demand_refund,"To get a refund, please visit My Account > Refunds > Initiate. Choose the respective order and complete the refund form."
2476ad25-d0f2-4878-841c-6acbd30a596c,1500,Where is my order in the process?,order_status,You can check your order status by going to My Account > Purchases > Track Progress. It will display the current progress of your order.
237eebcc-3b23-44c7-bf12-6c3f1a13d372,5053,Where is my order in the process?,order_status,You can check your order status by going to Orders > Select Order > View Status. It will display the current progress of your order.
8b11d4f2-51b1-4a96-951c-67ab2da045d8,4898,Good morning!,greeting,Hi! Welcome back. What can I help you with?
8f1dfef0-423e-4f4d-a31f-3e4a8b1daadb,4844,Where is my order in the process?,order_status,Head over to Orders > Select Order > View Status to see where your order is in the fulfillment process.
bc81aacf-3b83-4a22-9cc7-30f3af509fb4,8037,How do I request money back for my purchase?,demand_refund,"To get a refund, please visit My Account > Refunds > Initiate. Choose the respective order and complete the refund form."
14ca4161-e1a4-4d8b-aac6-24548cb02228,4353,See you next time.,goodbye,Goodbye! I hope I was able to help you today.
54d98339-5051-4178-adf0-beb507837a70,8905,How can I leave a review for my order?,review_order,"You can add a review by navigating to Orders > Select Order > Leave Review. Once there, you’ll be able to write and submit your review."
ecfb4294-8b83-4032-b1db-5f57d0d8c847,8294,Who won the football game yesterday?,out_of_scope,This seems outside my current support scope. Please check our help center for more information.
3feeb37b-5477-42ba-a70e-a41d8fc9e246,4672,"I’m done, thanks.",goodbye,Goodbye! I hope I was able to help you today.
0e97c5b7-e859-43dd-be25-84c3573357fc,7666,Where do I go to raise a complaint?,submit_complaint,"You can report a problem by going to Profile > Feedback > Report Problem. Fill in the complaint form, and our team will review it shortly."
d5a663b4-32d6-4128-b6b3-b47b70ee01c6,3753,How do I check if my order is confirmed?,order_status,You can check your order status by going to Orders > Select Order > View Status. It will display the current progress of your order.
229f63de-1e3b-47f2-a4e7-89b8b2f33e3f,4698,Please transfer me to a representative.,talk_to_human,I’ll connect you with a support agent shortly. Please hold on.
d7432c50-c7ce-4bc1-9c1e-c3f9497fc247,1760,How do I file a complaint?,submit_complaint,"You can report a problem by going to Profile > Feedback > Report Problem. Fill in the complaint form, and our team will review it shortly."
5b77de61-c4f1-4605-9154-a50e75fb1bfb,1467,Why was my card declined?,payment_issue,"For payment issues, navigate to My Account > Billing > Payment Help. You will find tools to resolve failed or pending transactions."
e40cac8e-54e6-470a-86d9-70e72f5a3b36,9364,Track my shipment please.,order_tracking,Tracking details are available under Purchases > Delivery > Tracking Info. It will show you real-time updates about your package location.
3ad4c446-27dd-4e52-bfe4-a7cbd00b4a94,6910,Where do I go to raise a complaint?,submit_complaint,"You can report a problem by going to Help Center > Complaints > File Issue. Fill in the complaint form, and our team will review it shortly."
e501315b-391b-4a69-8c89-67f774009251,3271,My payment didn’t go through.,payment_issue,"For payment issues, navigate to Settings > Payments > Resolve Issue. You will find tools to resolve failed or pending transactions."
83405565-5229-40b8-9b47-db122eb864c2,3358,I need a refund on my last order.,demand_refund,"To get a refund, please visit Settings > Orders > Refund Order. Choose the respective order and complete the refund form."
0c977696-8856-4a89-853f-0e3dc6a8b4bb,2091,"Hey, how are you?",greeting,Hi! Welcome back. What can I help you with?
abd85040-8aec-4540-8406-153dc58e0081,6486,"I’m done, thanks.",goodbye,Thank you for reaching out! Have a great day.
0664912d-4019-48e1-b99f-b8774921c14a,5626,Can you tell me the refund steps?,demand_refund,"To get a refund, please visit Settings > Orders > Refund Order. Choose the respective order and complete the refund form."
8618ccda-73d9-428a-8804-039f11a32d21,6634,My payment didn’t go through.,payment_issue,"For payment issues, navigate to Profile > Wallet > Payment Issues. You will find tools to resolve failed or pending transactions."
3e338946-7b9a-4408-a627-a4b7891d87f2,9723,How do I file a complaint?,submit_complaint,"You can report a problem by going to Profile > Feedback > Report Problem. Fill in the complaint form, and our team will review it shortly."
f7f20030-5773-4375-86ae-1013336ba001,2779,My payment didn’t go through.,payment_issue,You can manage and fix your payment issues at Profile > Wallet > Payment Issues. Select the relevant transaction to proceed.
80834414-dc1d-4026-a8b0-c2881483ba1e,8426,I want to complain about a product.,submit_complaint,"To submit a complaint, please visit Help Center > Complaints > File Issue. Provide your order details and a description of the issue."
7ed8057c-9b44-4fb5-a8c8-3d6757940cd7,7162,Tell me a joke.,out_of_scope,This seems outside my current support scope. Please check our help center for more information.
feae1321-7268-4db0-a18b-0f5c50850c0b,9712,I want to share feedback about my purchase.,review_order,"To review your order, head over to Purchases > Feedback > Review Order. Select the order and leave your feedback."
0950ef8b-d264-4704-9bbe-5dd227ca1f56,6673,Please cancel my recent purchase.,cancel_order,You can cancel by navigating to My Account > Purchases > Cancel. Choose the order you wish to cancel and follow the prompts.
c1bfb570-e626-4b66-ba9b-037f9b8e2e2a,9951,"My payment is pending, what should I do?",payment_issue,You can manage and fix your payment issues at My Account > Billing > Payment Help. Select the relevant transaction to proceed.
cc415233-c57b-424b-b8e8-77d90f5bccb8,2146,Has my order been shipped yet?,order_status,You can check your order status by going to Orders > Select Order > View Status. It will display the current progress of your order.
2159f501-76bf-4529-8ec0-54313231c347,7008,Why was my card declined?,payment_issue,You can manage and fix your payment issues at Profile > Wallet > Payment Issues. Select the relevant transaction to proceed.
6bf2e9a0-3873-4219-9c1b-778efc3cf2dd,7595,"Hey, how are you?",greeting,Hi! Welcome back. What can I help you with?
c264f382-e2de-44b1-8f4f-87f8707bf917,9603,Can I chat with someone from support?,talk_to_human,"Sure, let me transfer you to one of our human representatives right away."
5977e4b1-63b3-4e6f-bba7-35dfd8111a6f,8418,How can I leave a review for my order?,review_order,"To review your order, head over to My Account > Reviews > Write Review. Select the order and leave your feedback."
2387ae8a-4d88-4dba-8101-3eff136f8361,6170,I want to talk to a real person.,talk_to_human,I’ll connect you with a support agent shortly. Please hold on.
53f95bbe-1d62-427e-85b3-f9d9bb98482d,7786,Please guide me to initiate a refund.,demand_refund,"Refund requests can be placed through Settings > Orders > Refund Order. Select your order, choose 'Request Refund', and submit your reason."
7ab1fc77-64d9-405f-8f38-d7544b31e7f6,3947,Can you write me an essay?,out_of_scope,This seems outside my current support scope. Please check our help center for more information.
d77ffa72-f711-477c-ade3-8b8e16d3fa48,9223,Please guide me to initiate a refund.,demand_refund,"Refund requests can be placed through Settings > Orders > Refund Order. Select your order, choose 'Request Refund', and submit your reason."
7424f3d9-4303-4a16-b5e8-10edcf58abae,5558,"I’m done, thanks.",goodbye,Thank you for reaching out! Have a great day.
743f2e89-dfa8-4712-b90f-2aa1256494ef,5828,"Hi, I need some help.",greeting,Hello there! How can I assist you with your orders today?
aaf7aaf9-7752-4aed-9faf-1381d2a784a1,3688,"Hi, I need some help.",greeting,Hello there! How can I assist you with your orders today?
13282ab5-a0cd-4c53-af2a-25cbbe05d5e4,7335,Goodbye!,goodbye,Thank you for reaching out! Have a great day.
0e6c5494-dd7a-4554-beeb-1373b26753e5,6110,Why was my card declined?,payment_issue,"For payment issues, navigate to My Account > Billing > Payment Help. You will find tools to resolve failed or pending transactions."
445d4bea-5d7a-47d3-b5c5-bf425dbb4637,3468,Where is my order in the process?,order_status,You can check your order status by going to My Account > Purchases > Track Progress. It will display the current progress of your order.
75a1cc6a-5c11-4487-a334-cd56ad306063,1659,Hello!,greeting,Hello there! How can I assist you with your orders today?
99d214ce-7e05-443d-ae9d-eb4332d7d646,4041,How do I file a complaint?,submit_complaint,"To submit a complaint, please visit Settings > Support > Submit Complaint. Provide your order details and a description of the issue."
6c3953c9-0e5f-46fc-a894-67b87cacc856,5390,Hello!,greeting,Hello there! How can I assist you with your orders today?
ec5f8a2c-9d23-40d1-a7d6-42489751ae3c,2604,"My payment is pending, what should I do?",payment_issue,"For payment issues, navigate to My Account > Billing > Payment Help. You will find tools to resolve failed or pending transactions."
e070346e-31eb-4d1b-bef7-f6aa264db47a,2190,"My payment is pending, what should I do?",payment_issue,You can manage and fix your payment issues at Settings > Payments > Resolve Issue. Select the relevant transaction to proceed.
0f331171-48c5-4f6e-a9d2-33a42d678f7f,6890,Please help me submit a problem report.,submit_complaint,"To submit a complaint, please visit Profile > Feedback > Report Problem. Provide your order details and a description of the issue."
30391b22-1418-4a2d-875f-91797bfaeb54,2618,Is there a way to stop processing on my order?,cancel_order,"To cancel your order, please go to Profile > Order History > Cancel Order. After selecting the order, confirm the cancellation. If you face any issues, let me know."
3ef995ab-5d8c-48e4-beac-007bb9096dbd,9269,Can you write me an essay?,out_of_scope,"I’m sorry, but I can’t help with that request. Could you please rephrase or ask something else?"
8c7e5781-6610-4393-9c5f-8df1da04dab4,7400,Please guide me to initiate a refund.,demand_refund,"To get a refund, please visit Settings > Orders > Refund Order. Choose the respective order and complete the refund form."
ff74ba1e-f245-4f24-813e-3405016a2469,9628,Please help me submit a problem report.,submit_complaint,"You can report a problem by going to Profile > Feedback > Report Problem. Fill in the complaint form, and our team will review it shortly."
c93fe0cd-1a02-4ebb-8628-14149a789fa0,9047,What’s the weather like today?,out_of_scope,"I’m sorry, but I can’t help with that request. Could you please rephrase or ask something else?"
0b63b9da-6387-44f6-8035-be55961e595e,5650,Can I chat with someone from support?,talk_to_human,I’ll connect you with a support agent shortly. Please hold on.
ce8440d0-3e87-4354-a306-1798a0f3bd96,7876,Can you show me tracking details for my order?,order_tracking,"To track your shipment, please go to Orders > Track Shipment. Enter your tracking ID for more details."
65283636-1f34-48bb-8267-e1a492f9b294,3162,Please cancel my recent purchase.,cancel_order,You can cancel by navigating to Profile > Order History > Cancel Order. Choose the order you wish to cancel and follow the prompts.
c3bccb48-f9fd-4890-a4f4-0bc958ea893b,9651,Goodbye!,goodbye,Goodbye! I hope I was able to help you today.
13cb63f4-9b3d-40cd-aec3-44de6600da7d,2266,What’s the current status of my order?,order_status,You can check your order status by going to Orders > Select Order > View Status. It will display the current progress of your order.
32560960-2b25-4b0e-b84e-1995d2c8adb2,6442,Where do I go to raise a complaint?,submit_complaint,"To submit a complaint, please visit Help Center > Complaints > File Issue. Provide your order details and a description of the issue."
1c7fd71a-1553-4f63-948d-865608ee6cf4,1519,I want to share feedback about my purchase.,review_order,"You can add a review by navigating to My Account > Reviews > Write Review. Once there, you’ll be able to write and submit your review."
1f1901d0-e00e-460c-9b19-4389cad2953e,4232,Has my order been shipped yet?,order_status,Head over to Orders > Select Order > View Status to see where your order is in the fulfillment process.
5e70c343-d103-4872-841d-7c2a8f25fd4a,6266,I need to speak to a human agent.,talk_to_human,"Sure, let me transfer you to one of our human representatives right away."
82ce7a95-98c4-42e8-9c4c-3a0085b9bc1c,2632,I want to cancel my last order.,cancel_order,"To cancel your order, please go to Settings > Orders > Cancel Order. After selecting the order, confirm the cancellation. If you face any issues, let me know."
4fcfe2d3-10ce-469c-81ed-30397b1049d2,1569,"My payment is pending, what should I do?",payment_issue,"For payment issues, navigate to My Account > Billing > Payment Help. You will find tools to resolve failed or pending transactions."
cf50455b-bf67-4945-a27a-9268db5e8e16,2279,"Hey, how are you?",greeting,Hello there! How can I assist you with your orders today?
c9ebc0f5-aa95-4153-a038-90f3d4fb17b2,5918,I want to share feedback about my purchase.,review_order,"You can add a review by navigating to Orders > Select Order > Leave Review. Once there, you’ll be able to write and submit your review."
98f4125f-2699-4bcf-9294-352fe5859bdb,4574,I want to talk to a real person.,talk_to_human,I’ll connect you with a support agent shortly. Please hold on.
3ed47f97-f4bc-420a-ac6c-6d0c8e2c6821,4984,Why was my card declined?,payment_issue,You can manage and fix your payment issues at My Account > Billing > Payment Help. Select the relevant transaction to proceed.
66616ef8-874e-4442-bb3e-05d8e2a99d38,7578,Track my shipment please.,order_tracking,Tracking details are available under My Account > Shipping > Track Package. It will show you real-time updates about your package location.
8a855b86-6443-457b-a6ce-5f0fd2695b31,8321,What’s the current status of my order?,order_status,You can check your order status by going to Orders > Select Order > View Status. It will display the current progress of your order.
57f697f4-73a3-4a77-82b4-e5a71f178b6f,6737,I want to share feedback about my purchase.,review_order,"You can add a review by navigating to Orders > Select Order > Leave Review. Once there, you’ll be able to write and submit your review."
55a067af-cef9-4405-9b11-ec4ff3b06edd,4704,Can you show me tracking details for my order?,order_tracking,"To track your shipment, please go to My Account > Shipping > Track Package. Enter your tracking ID for more details."
b0ae2a07-98f5-42a8-a9a1-95b20e56ff41,4960,Goodbye!,goodbye,Goodbye! I hope I was able to help you today.
3bc1c379-02b8-49a6-ae77-85f0d99d15c2,6931,"My payment is pending, what should I do?",payment_issue,You can manage and fix your payment issues at Profile > Wallet > Payment Issues. Select the relevant transaction to proceed.
df063c7f-219d-49d6-835c-281bfb54d337,5409,Can you write me an essay?,out_of_scope,This seems outside my current support scope. Please check our help center for more information.
46e36295-8a9c-47de-b2ff-7a3a82ab6784,9504,Can you help me undo an order I placed?,cancel_order,"To cancel your order, please go to Settings > Orders > Cancel Order. After selecting the order, confirm the cancellation. If you face any issues, let me know."
0a348f65-ad31-4f44-b742-333e8fdbbb9b,5867,How do I check if my order is confirmed?,order_status,You can check your order status by going to My Account > Purchases > Track Progress. It will display the current progress of your order.
0d400a8a-9ecd-4eae-8e41-688834fda760,5404,Catch you later.,goodbye,Goodbye! I hope I was able to help you today.
9431c805-d212-486a-8d98-b12fe73ac19a,5684,Where do I go to cancel an order?,cancel_order,"To cancel your order, please go to My Account > Purchases > Cancel. After selecting the order, confirm the cancellation. If you face any issues, let me know."
c58d47d0-23b1-45c8-9d56-209e06a46b90,2427,"Hi, I need some help.",greeting,Hello there! How can I assist you with your orders today?
858aaa6e-24be-4b43-9756-24b5a9f1a05b,5807,I want to share feedback about my purchase.,review_order,"To review your order, head over to My Account > Reviews > Write Review. Select the order and leave your feedback."
22018956-a5ca-47a8-89a3-3b35803c3066,9321,Please provide shipment tracking updates.,order_tracking,"To track your shipment, please go to My Account > Shipping > Track Package. Enter your tracking ID for more details."
da0858a9-bb99-45c0-9967-cba10088362e,1902,Track my shipment please.,order_tracking,"To track your shipment, please go to Purchases > Delivery > Tracking Info. Enter your tracking ID for more details."
4729dc3a-dc6a-4fb3-90fa-9ada1e404a12,1008,I need a refund on my last order.,demand_refund,"To get a refund, please visit Settings > Orders > Refund Order. Choose the respective order and complete the refund form."
5f320714-cc7d-4504-8339-ed6c9378a344,1816,I need a refund on my last order.,demand_refund,"Refund requests can be placed through My Account > Refunds > Initiate. Select your order, choose 'Request Refund', and submit your reason."
c52dc081-67e2-4308-a009-91fd38b90083,2943,Help me post a review for my completed purchase.,review_order,"You can add a review by navigating to Purchases > Feedback > Review Order. Once there, you’ll be able to write and submit your review."
aff618a3-b21f-499c-9bef-03a85504fe4c,1900,I want to complain about a product.,submit_complaint,"To submit a complaint, please visit Settings > Support > Submit Complaint. Provide your order details and a description of the issue."
ad6ab611-806f-4b3f-a44e-be7318b4f58e,8403,"My payment is pending, what should I do?",payment_issue,"For payment issues, navigate to Profile > Wallet > Payment Issues. You will find tools to resolve failed or pending transactions."
bdebcae2-eab0-498e-b182-4a4a0a69448a,1576,Has my order been shipped yet?,order_status,Head over to Orders > Select Order > View Status to see where your order is in the fulfillment process.
6239e1d8-aa26-4d4a-8ecf-3e95f0700975,3929,I need a refund on my last order.,demand_refund,"Refund requests can be placed through Settings > Orders > Refund Order. Select your order, choose 'Request Refund', and submit your reason."
31c7c2f6-b716-46b7-89b6-85c6d199dd00,8856,Where do I go to cancel an order?,cancel_order,"To cancel your order, please go to My Account > Purchases > Cancel. After selecting the order, confirm the cancellation. If you face any issues, let me know."
e287d1aa-7897-48c2-8da6-f0a780c0955d,4885,Can you show me tracking details for my order?,order_tracking,Tracking details are available under Purchases > Delivery > Tracking Info. It will show you real-time updates about your package location.
fb123768-2caa-483d-a635-1ecdb36dc210,3340,Please cancel my recent purchase.,cancel_order,"To cancel your order, please go to Profile > Order History > Cancel Order. After selecting the order, confirm the cancellation. If you face any issues, let me know."
10eacc2d-4965-497e-8808-b3fec48b3801,6722,My payment didn’t go through.,payment_issue,You can manage and fix your payment issues at Settings > Payments > Resolve Issue. Select the relevant transaction to proceed.
1945cefa-c1cc-4295-b7a0-78871c398947,3438,Where do I go to cancel an order?,cancel_order,You can cancel by navigating to Settings > Orders > Cancel Order. Choose the order you wish to cancel and follow the prompts.
273cef75-513e-42a2-9d75-ab76f9874af8,2566,How do I file a complaint?,submit_complaint,"To submit a complaint, please visit Settings > Support > Submit Complaint. Provide your order details and a description of the issue."
e30e375b-4ed5-4e67-b3d2-63324a0750cb,6855,I need to speak to a human agent.,talk_to_human,I’ll connect you with a support agent shortly. Please hold on.
4e664d26-167b-4866-b935-59857a706034,4228,I want to talk to a real person.,talk_to_human,I’ll connect you with a support agent shortly. Please hold on.
15ec02f0-1cc3-4671-928f-15135d49be12,4531,Can I rate the product I bought?,review_order,"To review your order, head over to Purchases > Feedback > Review Order. Select the order and leave your feedback."
577ac7bf-118c-4595-b608-afd16b18c63e,5525,Why was my card declined?,payment_issue,You can manage and fix your payment issues at My Account > Billing > Payment Help. Select the relevant transaction to proceed.
010c2263-d2a9-4aaa-87e7-5bcaefd3e871,2936,"I’m done, thanks.",goodbye,Goodbye! I hope I was able to help you today.
127ce87b-6eeb-4eb9-b412-6abb7135da60,3843,Why was my card declined?,payment_issue,"For payment issues, navigate to Profile > Wallet > Payment Issues. You will find tools to resolve failed or pending transactions."
aa87ec67-63f5-43c7-8ccc-97176dc42487,1556,Hi there!,greeting,Hello there! How can I assist you with your orders today?
cdfec8c2-4bec-4762-8a83-4f9d91c9650a,4463,Can you show me tracking details for my order?,order_tracking,Tracking details are available under Orders > Track Shipment. It will show you real-time updates about your package location.
1d8e906b-4e6e-4eea-a74e-30ee975fca2d,5620,Where is my delivery right now?,order_tracking,"To track your shipment, please go to Purchases > Delivery > Tracking Info. Enter your tracking ID for more details."
6577f080-7730-492e-bc05-7863c81daf5b,5848,Please transfer me to a representative.,talk_to_human,"Sure, let me transfer you to one of our human representatives right away."
9fcfcd9e-bc1c-4e2c-add7-2655aca46c92,3671,How do I check if my order is confirmed?,order_status,You can check your order status by going to Profile > Orders > Check Status. It will display the current progress of your order.
88e44919-c7cd-4c6e-aff5-43827f1984b0,4665,How do I request money back for my purchase?,demand_refund,"To get a refund, please visit My Account > Refunds > Initiate. Choose the respective order and complete the refund form."
82e8e13c-b14b-4344-bb7a-99106e7ad245,9907,Can I chat with someone from support?,talk_to_human,I’ll connect you with a support agent shortly. Please hold on.
7751b4c4-5d9f-4af6-ae08-194fa5bdd711,1801,Where is my order in the process?,order_status,You can check your order status by going to Orders > Select Order > View Status. It will display the current progress of your order.
913dc7ee-6a90-4986-933f-5d0b5201d4ba,2079,How can I leave a review for my order?,review_order,"You can add a review by navigating to Orders > Select Order > Leave Review. Once there, you’ll be able to write and submit your review."
d2e2ade7-f718-48a7-bfff-8b3c8a417f35,2868,I want to cancel my last order.,cancel_order,You can cancel by navigating to Profile > Order History > Cancel Order. Choose the order you wish to cancel and follow the prompts.
a9865817-1d9c-4a9c-8165-bead0766bb34,1187,Can you connect me to support staff?,talk_to_human,I’ll connect you with a support agent shortly. Please hold on.
00742800-7876-49ea-bb0b-d07f33bcfd02,6788,How do I request money back for my purchase?,demand_refund,"To get a refund, please visit Profile > Order History > Request Refund. Choose the respective order and complete the refund form."
a413a34a-4be4-4c7a-95ad-2f0501a4545d,4687,Hi there!,greeting,Hi! Welcome back. What can I help you with?
b6175ff3-d96f-48a0-818e-7ddab468fd83,7712,Good morning!,greeting,Hello there! How can I assist you with your orders today?
60daaec4-2bc7-4e3a-b663-468149722061,7892,Where is my delivery right now?,order_tracking,Tracking details are available under My Account > Shipping > Track Package. It will show you real-time updates about your package location.
b7eedaef-2d0f-4c69-bdbc-fe997336b1b8,7088,Track my shipment please.,order_tracking,Tracking details are available under Orders > Track Shipment. It will show you real-time updates about your package location.
5eb13fef-96f8-4102-9a19-21134dfbf588,5651,Please help me submit a problem report.,submit_complaint,"You can report a problem by going to Profile > Feedback > Report Problem. Fill in the complaint form, and our team will review it shortly."
2ccb7c85-9557-483c-8de8-4161f4957c31,8533,See you next time.,goodbye,Thank you for reaching out! Have a great day.
748ec218-8723-4d3c-9777-0d01d0126785,8691,What’s 2+2?,out_of_scope,"I’m sorry, but I can’t help with that request. Could you please rephrase or ask something else?"
b1b4ac78-67b9-4d45-b749-72121cf33b11,7696,I need to speak to a human agent.,talk_to_human,"Sure, let me transfer you to one of our human representatives right away."
4fd38b18-fd2d-4aa9-8c0d-dd960faf9176,3255,I want to complain about a product.,submit_complaint,"To submit a complaint, please visit Profile > Feedback > Report Problem. Provide your order details and a description of the issue."
78cb96f7-d193-4f91-af3e-307337de7cca,2356,How do I check if my order is confirmed?,order_status,You can check your order status by going to Orders > Select Order > View Status. It will display the current progress of your order.
49ba055a-2283-4c41-a325-11ac6a4d7e8c,4486,Can you help me undo an order I placed?,cancel_order,"To cancel your order, please go to My Account > Purchases > Cancel. After selecting the order, confirm the cancellation. If you face any issues, let me know."
d515827b-4483-48c2-9907-148c853118c0,5114,Goodbye!,goodbye,Thank you for reaching out! Have a great day.
e783f605-9daf-4653-bd98-bc437cb4b8c3,8274,Can I rate the product I bought?,review_order,"To review your order, head over to Orders > Select Order > Leave Review. Select the order and leave your feedback."
2fe4bb80-4d5b-4b28-aeb0-e121a7020b83,7962,There’s a billing issue with my purchase.,payment_issue,You can manage and fix your payment issues at Profile > Wallet > Payment Issues. Select the relevant transaction to proceed.
d0d542e9-8c30-44aa-bc1f-cd1178f0def1,3853,Who won the football game yesterday?,out_of_scope,"I’m sorry, but I can’t help with that request. Could you please rephrase or ask something else?"
71f3fdc6-1851-4fb3-a173-79a8e65cc767,4092,Where do I write a review for my last order?,review_order,"To review your order, head over to Orders > Select Order > Leave Review. Select the order and leave your feedback."
a0dcd4b8-97bb-4b1b-a9f9-3c06fadfedb3,9286,Please cancel my recent purchase.,cancel_order,"To cancel your order, please go to Profile > Order History > Cancel Order. After selecting the order, confirm the cancellation. If you face any issues, let me know."
cb7f988a-9a57-46c7-a4cc-3cd2027edb83,7048,Can I rate the product I bought?,review_order,"To review your order, head over to Orders > Select Order > Leave Review. Select the order and leave your feedback."
b4bfa9f3-896f-45ea-bfdc-e107dc691954,6798,Why was my card declined?,payment_issue,"For payment issues, navigate to Settings > Payments > Resolve Issue. You will find tools to resolve failed or pending transactions."
7b961696-f7ed-48e1-a1cc-77c210cb6fb1,3528,Can you connect me to support staff?,talk_to_human,I’ll connect you with a support agent shortly. Please hold on.
f0fb9a82-c2ec-4411-9bf7-52ecd539c830,5280,I want to talk to a real person.,talk_to_human,"Sure, let me transfer you to one of our human representatives right away."
76098220-ed17-4f4a-b462-75ef60844dcd,4181,"Hey, how are you?",greeting,Hi! Welcome back. What can I help you with?
9cc75bdd-6748-4aa4-a418-2fbc2259802a,4006,See you next time.,goodbye,Thank you for reaching out! Have a great day.
48486025-ab89-4350-8287-cba88915c78a,8609,Where can I request a refund?,demand_refund,"Refund requests can be placed through Settings > Orders > Refund Order. Select your order, choose 'Request Refund', and submit your reason."
7ed82cc4-08e1-40f6-af5a-6e27d9ff0420,9421,Please provide shipment tracking updates.,order_tracking,"To track your shipment, please go to My Account > Shipping > Track Package. Enter your tracking ID for more details."
90f0f608-94b5-4b3d-bdd9-9b183aced88b,9731,What’s 2+2?,out_of_scope,This seems outside my current support scope. Please check our help center for more information.
b97ffa81-f56a-45fb-b880-112ef7246a34,8262,Good morning!,greeting,Hello there! How can I assist you with your orders today?
4cbc6210-645c-4c11-a2bb-2359ea83116b,2100,What’s the current status of my order?,order_status,You can check your order status by going to My Account > Purchases > Track Progress. It will display the current progress of your order.
d466a216-d589-4b85-8256-62b222609aec,9047,"Hey, how are you?",greeting,Hi! Welcome back. What can I help you with?
ae1f914e-64f7-45bd-90a2-4a33c61531e0,1095,Is there a way to stop processing on my order?,cancel_order,You can cancel by navigating to Profile > Order History > Cancel Order. Choose the order you wish to cancel and follow the prompts.
46e709aa-37ae-4a3d-ad88-8ba7adb3f9c6,6717,Please cancel my recent purchase.,cancel_order,You can cancel by navigating to Profile > Order History > Cancel Order. Choose the order you wish to cancel and follow the prompts.
c2bcb437-7dfd-48fe-8f8c-595c7ca44963,5738,Please provide shipment tracking updates.,order_tracking,"To track your shipment, please go to My Account > Shipping > Track Package. Enter your tracking ID for more details."
b359f429-8b41-4256-a88c-9d8414d07a80,5580,What’s 2+2?,out_of_scope,"I’m sorry, but I can’t help with that request. Could you please rephrase or ask something else?"
cb53d584-dd9f-4c70-afd4-1953ef58e339,6183,Please provide shipment tracking updates.,order_tracking,"To track your shipment, please go to My Account > Shipping > Track Package. Enter your tracking ID for more details."
0a82d157-eff2-47d8-ab69-3bb19ece876b,4694,Help me post a review for my completed purchase.,review_order,"To review your order, head over to Orders > Select Order > Leave Review. Select the order and leave your feedback."
5b7d72d8-bb95-4337-b66b-f7612d06b101,7871,I need to speak to a human agent.,talk_to_human,"Sure, let me transfer you to one of our human representatives right away."
cafc75b8-8a5b-4957-84a2-9cbaca6fc7a6,1016,What’s the current status of my order?,order_status,Head over to Orders > Select Order > View Status to see where your order is in the fulfillment process.
8857761a-c0a5-421f-8b44-fdc3f7fddc62,5493,Tell me the progress of my recent order.,order_status,You can check your order status by going to Profile > Orders > Check Status. It will display the current progress of your order.
55f9aa27-c1b0-4396-b833-ed6181f36949,1207,"Thanks, bye!",goodbye,Goodbye! I hope I was able to help you today.
32100e6a-d7d1-4ea1-a778-ed0fd0735456,7100,Hi there!,greeting,Hello there! How can I assist you with your orders today?
a72aaa08-ad86-49a3-90a4-cef41e8feb68,6794,Can I chat with someone from support?,talk_to_human,I’ll connect you with a support agent shortly. Please hold on.
41f55575-b5d5-4288-9bf3-f66226109117,3632,I need a refund on my last order.,demand_refund,"Refund requests can be placed through Profile > Order History > Request Refund. Select your order, choose 'Request Refund', and submit your reason."
4c63b740-218e-41f2-af90-336d18aa59ce,2566,My payment didn’t go through.,payment_issue,You can manage and fix your payment issues at Profile > Wallet > Payment Issues. Select the relevant transaction to proceed.
3cec99d8-054f-4d5f-89bb-e52a634135c2,2421,Catch you later.,goodbye,Goodbye! I hope I was able to help you today.
a5d58e78-bf05-40e6-9567-f65f8bfa7caa,9879,Catch you later.,goodbye,Goodbye! I hope I was able to help you today.
41a265eb-54d6-4868-bcdb-386bfc7afb0d,4024,What’s the weather like today?,out_of_scope,This seems outside my current support scope. Please check our help center for more information.
4ae7d9e0-c9dd-4ab1-a209-626fb1bd25b5,5264,Can you tell me the refund steps?,demand_refund,"Refund requests can be placed through Profile > Order History > Request Refund. Select your order, choose 'Request Refund', and submit your reason."
785b27c5-7a40-43f2-a1df-d4e646d645d8,7651,Where can I request a refund?,demand_refund,"To get a refund, please visit Settings > Orders > Refund Order. Choose the respective order and complete the refund form."
733b19b5-bca7-4490-9777-f188a16f84dd,5151,Can you write me an essay?,out_of_scope,This seems outside my current support scope. Please check our help center for more information.
9c58813f-30bb-4ddc-a874-59ce53f84629,1533,Has my order been shipped yet?,order_status,You can check your order status by going to Orders > Select Order > View Status. It will display the current progress of your order.
d69755aa-79e9-4953-a833-24ca25e97a8a,1247,Tell me a joke.,out_of_scope,This seems outside my current support scope. Please check our help center for more information.
a2378b53-ae41-4dd4-838e-0955efa04156,7559,Where do I write a review for my last order?,review_order,"To review your order, head over to My Account > Reviews > Write Review. Select the order and leave your feedback."
460638a1-71ba-47ea-b499-600e9188c330,2447,"Hi, I need some help.",greeting,Hello there! How can I assist you with your orders today?
00622f73-8a9f-4b96-897e-ac74b8f83a04,8327,Help me post a review for my completed purchase.,review_order,"To review your order, head over to Purchases > Feedback > Review Order. Select the order and leave your feedback."
937e31c5-709a-4a66-a420-1281600d3e6b,9842,Can you connect me to support staff?,talk_to_human,I’ll connect you with a support agent shortly. Please hold on.
0d26b7cd-7fd8-415e-9068-1d5376858c61,7248,Where can I request a refund?,demand_refund,"Refund requests can be placed through My Account > Refunds > Initiate. Select your order, choose 'Request Refund', and submit your reason."
d7456ab5-cb5f-4b89-b70b-4d0ee9ff6dfb,8975,Who won the football game yesterday?,out_of_scope,"I’m sorry, but I can’t help with that request. Could you please rephrase or ask something else?"
61b6075a-2c81-4f10-8eeb-70f0941c2cc3,2239,Please help me submit a problem report.,submit_complaint,"You can report a problem by going to Profile > Feedback > Report Problem. Fill in the complaint form, and our team will review it shortly."
16c2d6b7-c7ff-4511-8350-4ea8712c9411,9683,Please help me submit a problem report.,submit_complaint,"To submit a complaint, please visit Settings > Support > Submit Complaint. Provide your order details and a description of the issue."
15a7bfbe-4c2d-499f-8aca-e64e6df30c14,1343,"My payment is pending, what should I do?",payment_issue,"For payment issues, navigate to Profile > Wallet > Payment Issues. You will find tools to resolve failed or pending transactions."
8f2fb2e3-bd0d-48d4-8e38-9d95e5382676,5228,Catch you later.,goodbye,Goodbye! I hope I was able to help you today.
9e7debd0-1d3b-4b7a-8090-7e9b94de4f1f,1388,Can you help me undo an order I placed?,cancel_order,"To cancel your order, please go to Settings > Orders > Cancel Order. After selecting the order, confirm the cancellation. If you face any issues, let me know."
4cf88ff3-ea74-400b-8c1b-99ee5f20a1c1,9129,Can you connect me to support staff?,talk_to_human,I’ll connect you with a support agent shortly. Please hold on.
a7ad132d-e226-44b0-be18-e616c034a380,8445,What’s 2+2?,out_of_scope,"I’m sorry, but I can’t help with that request. Could you please rephrase or ask something else?"
d22cfa2c-42fb-4a08-9171-99aea6a5032d,2657,What’s the current status of my order?,order_status,Head over to Orders > Select Order > View Status to see where your order is in the fulfillment process.
f3409305-8cb6-4f4c-af1c-463368afdd20,7452,Who won the football game yesterday?,out_of_scope,"I’m sorry, but I can’t help with that request. Could you please rephrase or ask something else?"
254da9b3-f911-43e1-9c4b-e209b1408325,6813,Goodbye!,goodbye,Thank you for reaching out! Have a great day.
804779fc-4328-4341-809c-3d389c22d27d,2994,Please transfer me to a representative.,talk_to_human,"Sure, let me transfer you to one of our human representatives right away."
16c44a49-06d3-4377-848f-020da8fb7a86,1516,Can I chat with someone from support?,talk_to_human,I’ll connect you with a support agent shortly. Please hold on.
63ed3e6c-1c13-4657-bb43-a757f066afad,1143,See you next time.,goodbye,Thank you for reaching out! Have a great day.
e8b4dfe5-9d5e-4363-ab6d-1eca6c35ed36,5005,Please cancel my recent purchase.,cancel_order,"To cancel your order, please go to My Account > Purchases > Cancel. After selecting the order, confirm the cancellation. If you face any issues, let me know."
e44be370-933d-40bb-bc91-47fb9eb7cea6,2537,Can I rate the product I bought?,review_order,"To review your order, head over to My Account > Reviews > Write Review. Select the order and leave your feedback."
e3526df1-38f2-4d72-83a1-6c0139815921,9719,Help me post a review for my completed purchase.,review_order,"You can add a review by navigating to My Account > Reviews > Write Review. Once there, you’ll be able to write and submit your review."
b1f01de3-a1ef-4478-8e9d-2a137b504d9e,3472,"I’m done, thanks.",goodbye,Goodbye! I hope I was able to help you today.
e2f5a786-4f36-470d-b635-c319adf5804e,9103,Can you write me an essay?,out_of_scope,"I’m sorry, but I can’t help with that request. Could you please rephrase or ask something else?"
79757e42-14be-4e49-b59b-e8a87f493aa7,5414,I need to speak to a human agent.,talk_to_human,I’ll connect you with a support agent shortly. Please hold on.
b3e2cd18-4608-40f0-bcf9-29cec03bc439,2355,I want to cancel my last order.,cancel_order,"To cancel your order, please go to Settings > Orders > Cancel Order. After selecting the order, confirm the cancellation. If you face any issues, let me know."
546cc14a-4f3d-4ac7-afd3-54265927f00e,6545,There’s a billing issue with my purchase.,payment_issue,You can manage and fix your payment issues at Settings > Payments > Resolve Issue. Select the relevant transaction to proceed.
8df4d14c-ddeb-483b-b34d-3b1913c0e0a4,8274,I want to share feedback about my purchase.,review_order,"To review your order, head over to My Account > Reviews > Write Review. Select the order and leave your feedback."
21a1283f-d655-4dd6-b7f5-1d89992beb7f,1819,Hello!,greeting,Hello there! How can I assist you with your orders today?
16885ba3-5413-49c5-aed5-d95a69f4acd4,8854,I want to share feedback about my purchase.,review_order,"To review your order, head over to Purchases > Feedback > Review Order. Select the order and leave your feedback."
500680fc-6294-4cf3-924d-64ff7410b528,7067,I want to share feedback about my purchase.,review_order,"You can add a review by navigating to Purchases > Feedback > Review Order. Once there, you’ll be able to write and submit your review."
35da1b77-58c1-4c84-a960-b98ec46d54e7,8995,Where is my delivery right now?,order_tracking,Tracking details are available under Orders > Track Shipment. It will show you real-time updates about your package location.
bde8b9b9-2680-4020-9dda-55a473a4c75d,2701,Where is my order in the process?,order_status,You can check your order status by going to Orders > Select Order > View Status. It will display the current progress of your order.
5f1f644b-2131-4f07-9381-3c857ac90636,3021,Track my shipment please.,order_tracking,"To track your shipment, please go to My Account > Shipping > Track Package. Enter your tracking ID for more details."
f0b59ff9-b03a-4ac0-b34e-770f3b97e0d2,9690,I want to share feedback about my purchase.,review_order,"You can add a review by navigating to Purchases > Feedback > Review Order. Once there, you’ll be able to write and submit your review."
54513f9c-eea0-4fbd-8ccc-46ebb4cf227c,8046,Please cancel my recent purchase.,cancel_order,You can cancel by navigating to Settings > Orders > Cancel Order. Choose the order you wish to cancel and follow the prompts.
727bb163-6cb7-48bd-99e7-3ecdb17b8084,3034,How do I file a complaint?,submit_complaint,"You can report a problem by going to Help Center > Complaints > File Issue. Fill in the complaint form, and our team will review it shortly."
c99cc52c-7dd4-4198-b55a-c67210502780,2677,How can I leave a review for my order?,review_order,"You can add a review by navigating to Purchases > Feedback > Review Order. Once there, you’ll be able to write and submit your review."
58b9f917-609e-4f52-b5fa-d97c42661d8d,4415,Why was my card declined?,payment_issue,You can manage and fix your payment issues at Profile > Wallet > Payment Issues. Select the relevant transaction to proceed.
8c2b11fb-d27f-47ac-aa82-52e1f712d3f5,5180,"Hi, I need some help.",greeting,Hello there! How can I assist you with your orders today?
dc1e0b57-f94c-43d9-ba92-6133e1ebbc57,9611,Where is my order in the process?,order_status,You can check your order status by going to Orders > Select Order > View Status. It will display the current progress of your order.
f359b66a-9d07-461a-b479-d0fa7fd86de7,1346,Where do I go to cancel an order?,cancel_order,You can cancel by navigating to Profile > Order History > Cancel Order. Choose the order you wish to cancel and follow the prompts.
d56509b9-ec34-492e-bc61-4465285c3b80,1698,Has my order been shipped yet?,order_status,You can check your order status by going to Orders > Select Order > View Status. It will display the current progress of your order.
d30463f1-2daa-4309-90b7-ca219bc674e5,8738,Can you show me tracking details for my order?,order_tracking,Tracking details are available under Purchases > Delivery > Tracking Info. It will show you real-time updates about your package location.
4f23c40a-bb91-447a-ba39-e8daac02c0d3,4561,Where do I go to raise a complaint?,submit_complaint,"To submit a complaint, please visit Help Center > Complaints > File Issue. Provide your order details and a description of the issue."
d16db867-4100-4b76-8f48-fc3250f857ed,5524,Please guide me to initiate a refund.,demand_refund,"To get a refund, please visit Profile > Order History > Request Refund. Choose the respective order and complete the refund form."
80121b6a-1370-4a27-a291-7781e912f62d,6469,There’s an issue I need to report.,submit_complaint,"You can report a problem by going to Settings > Support > Submit Complaint. Fill in the complaint form, and our team will review it shortly."
7eafe6b8-1b52-4d82-90ff-5da46da7157a,1448,Where do I go to raise a complaint?,submit_complaint,"You can report a problem by going to Settings > Support > Submit Complaint. Fill in the complaint form, and our team will review it shortly."
24399215-6c38-4e90-ab17-14655e27428f,2374,Has my order been shipped yet?,order_status,You can check your order status by going to Profile > Orders > Check Status. It will display the current progress of your order.
23d115bd-8595-494e-b2ce-e8f0b01db5dc,9676,I need help with a failed transaction.,payment_issue,"For payment issues, navigate to My Account > Billing > Payment Help. You will find tools to resolve failed or pending transactions."
b39eab4c-17f4-4edb-8af2-86ff6754963e,3690,"My payment is pending, what should I do?",payment_issue,You can manage and fix your payment issues at Settings > Payments > Resolve Issue. Select the relevant transaction to proceed.
440e73d1-5c02-4fc0-9628-181d0815f426,8059,Can you show me tracking details for my order?,order_tracking,Tracking details are available under Orders > Track Shipment. It will show you real-time updates about your package location.
93cb9a32-e7d6-4171-ba0d-7350d00da719,7686,Has my order been shipped yet?,order_status,Head over to Orders > Select Order > View Status to see where your order is in the fulfillment process.
fff9f0bc-a27c-46d4-bd31-ba4da4d64f1d,1081,Hello!,greeting,Hello there! How can I assist you with your orders today?
20e9402e-848a-4c2c-93c1-a2583046866c,3981,See you next time.,goodbye,Goodbye! I hope I was able to help you today.
5b15d138-0911-42e4-bfe9-55bc2dfff308,2639,How do I check if my order is confirmed?,order_status,You can check your order status by going to My Account > Purchases > Track Progress. It will display the current progress of your order.
26106bec-9aa2-408b-b9e8-a4ce679a8df2,7576,Can you write me an essay?,out_of_scope,"I’m sorry, but I can’t help with that request. Could you please rephrase or ask something else?"
e69d7810-a54a-4fdc-8c72-39e39011fc1c,6394,Can you write me an essay?,out_of_scope,"I’m sorry, but I can’t help with that request. Could you please rephrase or ask something else?"
7ba47151-bf94-4b37-9c14-44df208267fc,8123,I want to cancel my last order.,cancel_order,"To cancel your order, please go to Settings > Orders > Cancel Order. After selecting the order, confirm the cancellation. If you face any issues, let me know."
26a4f905-39c9-4ed3-be2c-775970aa5822,4403,There’s an issue I need to report.,submit_complaint,"You can report a problem by going to Profile > Feedback > Report Problem. Fill in the complaint form, and our team will review it shortly."
64802544-ed09-4d13-8730-6b8544038d68,5270,I need to speak to a human agent.,talk_to_human,I’ll connect you with a support agent shortly. Please hold on.
9ed2d658-a386-42c3-a5a7-d1f0d7847daa,9219,"Hey, how are you?",greeting,Hi! Welcome back. What can I help you with?
91f49713-bc77-46de-9d52-27d32e5ed5a5,3518,How do I file a complaint?,submit_complaint,"To submit a complaint, please visit Settings > Support > Submit Complaint. Provide your order details and a description of the issue."
1c415a2e-e6f6-4c3e-8963-e0a300397f9a,3071,"My payment is pending, what should I do?",payment_issue,You can manage and fix your payment issues at My Account > Billing > Payment Help. Select the relevant transaction to proceed.
c06e8e59-acf3-4a3a-8e99-4aa626871ca4,4988,Can you tell me the refund steps?,demand_refund,"To get a refund, please visit Profile > Order History > Request Refund. Choose the respective order and complete the refund form."
84802944-21ed-497e-9d96-c6017ce420c0,7050,Can I rate the product I bought?,review_order,"To review your order, head over to My Account > Reviews > Write Review. Select the order and leave your feedback."
ce29dbd7-905e-49bb-855c-3f1b7a68f160,1790,Please provide shipment tracking updates.,order_tracking,"To track your shipment, please go to Orders > Track Shipment. Enter your tracking ID for more details."
600b34fa-6175-4485-ac66-a637a8bb4312,7976,Can I chat with someone from support?,talk_to_human,"Sure, let me transfer you to one of our human representatives right away."
79dc1a2f-47f2-4e58-8668-ec076d193445,7915,There’s a billing issue with my purchase.,payment_issue,You can manage and fix your payment issues at Profile > Wallet > Payment Issues. Select the relevant transaction to proceed.
e0d12a03-de7e-4c34-9570-048fea1cb82f,5327,How can I leave a review for my order?,review_order,"To review your order, head over to Orders > Select Order > Leave Review. Select the order and leave your feedback."
78b46efb-28f9-4ae0-b681-e9d3334fd7c6,8495,How do I request money back for my purchase?,demand_refund,"Refund requests can be placed through Settings > Orders > Refund Order. Select your order, choose 'Request Refund', and submit your reason."
c56098c0-4341-48e0-9c03-bd8aba3838cb,8723,Goodbye!,goodbye,Thank you for reaching out! Have a great day.
c0c9821d-254a-416e-8aac-42125891124d,1971,There’s an issue I need to report.,submit_complaint,"To submit a complaint, please visit Profile > Feedback > Report Problem. Provide your order details and a description of the issue."
13d338e1-476f-4fa3-8c43-73d945ce0010,9011,Track my shipment please.,order_tracking,"To track your shipment, please go to Purchases > Delivery > Tracking Info. Enter your tracking ID for more details."
78201cc0-709f-467a-9707-54377d2aea38,2758,How do I request money back for my purchase?,demand_refund,"Refund requests can be placed through My Account > Refunds > Initiate. Select your order, choose 'Request Refund', and submit your reason."
b2df2cb5-5f0d-4e5a-8951-638ea179ca83,3653,Why was my card declined?,payment_issue,You can manage and fix your payment issues at Settings > Payments > Resolve Issue. Select the relevant transaction to proceed.
0346966e-b38e-4286-8675-fd14262f0a56,6860,I need the courier information for my order.,order_tracking,Tracking details are available under Purchases > Delivery > Tracking Info. It will show you real-time updates about your package location.
3d918e01-c824-454d-92c7-2a5db99f349c,2110,Why was my card declined?,payment_issue,"For payment issues, navigate to Profile > Wallet > Payment Issues. You will find tools to resolve failed or pending transactions."
2e7d01ad-3b51-4622-9acf-331615f088b3,6254,Can you write me an essay?,out_of_scope,This seems outside my current support scope. Please check our help center for more information.
34265bda-7243-4bda-be6d-6e9e0999956d,3621,What’s the weather like today?,out_of_scope,This seems outside my current support scope. Please check our help center for more information.
eb9eb63d-bf02-4348-b5fc-a40d63e51c15,4551,Please transfer me to a representative.,talk_to_human,"Sure, let me transfer you to one of our human representatives right away."
7704adf5-2873-431e-ae2f-d651da4c0a6d,9997,How do I file a complaint?,submit_complaint,"You can report a problem by going to Profile > Feedback > Report Problem. Fill in the complaint form, and our team will review it shortly."
af6cd568-42db-48a7-a568-53706b2cdaba,5762,I need a refund on my last order.,demand_refund,"To get a refund, please visit Profile > Order History > Request Refund. Choose the respective order and complete the refund form."
999069ee-fd63-4849-9611-6c311559928e,9973,Hi there!,greeting,Hello there! How can I assist you with your orders today?
c0895095-f0f3-4fac-bfc4-4121c0bcefcb,9232,I need a refund on my last order.,demand_refund,"To get a refund, please visit My Account > Refunds > Initiate. Choose the respective order and complete the refund form."
6aec1f72-3edb-47fe-9568-2b48aef6dbe7,3313,Why was my card declined?,payment_issue,You can manage and fix your payment issues at Settings > Payments > Resolve Issue. Select the relevant transaction to proceed.
465bf826-5258-4ca2-8775-f8e9c0325d57,3758,"My payment is pending, what should I do?",payment_issue,You can manage and fix your payment issues at Settings > Payments > Resolve Issue. Select the relevant transaction to proceed.
63c4dc6e-3a9c-48d7-83fe-7528a6acb19e,2361,What’s the weather like today?,out_of_scope,This seems outside my current support scope. Please check our help center for more information.
1d8fe3c2-f32c-4875-a51d-1789ae9755bd,4188,Please help me submit a problem report.,submit_complaint,"To submit a complaint, please visit Settings > Support > Submit Complaint. Provide your order details and a description of the issue."
13da7563-8c91-4c42-8a34-afab8a700735,6178,Can you write me an essay?,out_of_scope,This seems outside my current support scope. Please check our help center for more information.
53b7e125-a7e0-4799-ae94-e2c5b44ecc23,4934,How can I leave a review for my order?,review_order,"You can add a review by navigating to Purchases > Feedback > Review Order. Once there, you’ll be able to write and submit your review."
343c7eb5-6a63-45c2-aeb4-ee9a0a4b91a7,4446,Hi there!,greeting,Hello there! How can I assist you with your orders today?
1d71fd62-161c-402c-bed7-6e7ba91d7728,4867,Please help me submit a problem report.,submit_complaint,"To submit a complaint, please visit Help Center > Complaints > File Issue. Provide your order details and a description of the issue."
16c000da-fd61-41ca-95bf-806b35012def,8224,Please guide me to initiate a refund.,demand_refund,"To get a refund, please visit Settings > Orders > Refund Order. Choose the respective order and complete the refund form."
999cf2cd-f6a3-4bd2-8b97-9039009c5329,9460,Where do I go to raise a complaint?,submit_complaint,"You can report a problem by going to Settings > Support > Submit Complaint. Fill in the complaint form, and our team will review it shortly."
d4d385b4-2ed1-4460-9620-0a332d167826,6636,Good morning!,greeting,Hello there! How can I assist you with your orders today?
63657576-b9b4-4306-8520-76054236e791,6865,I need the courier information for my order.,order_tracking,"To track your shipment, please go to My Account > Shipping > Track Package. Enter your tracking ID for more details."
91ae69bf-9a63-4448-8ff3-6d04a099ae9c,2641,My payment didn’t go through.,payment_issue,"For payment issues, navigate to My Account > Billing > Payment Help. You will find tools to resolve failed or pending transactions."
557e68c5-6bed-40eb-86f9-030792248473,6428,"Thanks, bye!",goodbye,Thank you for reaching out! Have a great day.
3c31c20c-7c32-416e-bd45-6f6a55424585,5160,See you next time.,goodbye,Goodbye! I hope I was able to help you today.
79b8893d-0a0e-484a-b94c-7e07d83e9e66,7941,Who won the football game yesterday?,out_of_scope,"I’m sorry, but I can’t help with that request. Could you please rephrase or ask something else?"
55da07f4-b062-4ff3-9953-70eb3a6e9800,8551,"Thanks, bye!",goodbye,Goodbye! I hope I was able to help you today.
b8061744-f0ee-492d-9e18-2dc714e6788a,1769,"Thanks, bye!",goodbye,Thank you for reaching out! Have a great day.
bd25c273-3125-46eb-973d-a451e7f4c44d,6864,My payment didn’t go through.,payment_issue,"For payment issues, navigate to Profile > Wallet > Payment Issues. You will find tools to resolve failed or pending transactions."
87b03976-2644-4535-a9e1-5d76426e422e,3434,I need help with a failed transaction.,payment_issue,"For payment issues, navigate to My Account > Billing > Payment Help. You will find tools to resolve failed or pending transactions."
f8c156eb-a6a3-4856-b94e-da91a49a5826,5022,I want to share feedback about my purchase.,review_order,"To review your order, head over to My Account > Reviews > Write Review. Select the order and leave your feedback."
eed2c4e1-cb99-4b21-a7fd-d868b224cfab,4448,I need to speak to a human agent.,talk_to_human,I’ll connect you with a support agent shortly. Please hold on.
b0519a3b-edcd-4371-a391-4062a1f504d8,4530,Where do I go to raise a complaint?,submit_complaint,"You can report a problem by going to Help Center > Complaints > File Issue. Fill in the complaint form, and our team will review it shortly."
e0a48192-ad69-4b63-a062-73d3004bd60b,1442,Please provide shipment tracking updates.,order_tracking,Tracking details are available under My Account > Shipping > Track Package. It will show you real-time updates about your package location.
38cc0a88-6afe-42e1-b595-cb1862c9adb6,1115,I need the courier information for my order.,order_tracking,"To track your shipment, please go to Purchases > Delivery > Tracking Info. Enter your tracking ID for more details."
2c8c9c9c-5a56-4f39-bf8c-c4279fdb802e,4285,How do I check if my order is confirmed?,order_status,Head over to Profile > Orders > Check Status to see where your order is in the fulfillment process.
bcd5886f-d28b-4cd8-9a16-2982d8b1a413,1055,How do I check if my order is confirmed?,order_status,Head over to Orders > Select Order > View Status to see where your order is in the fulfillment process.
b9a9eeb3-dbdd-4574-8770-382bffd498db,1296,I need help with a failed transaction.,payment_issue,You can manage and fix your payment issues at Settings > Payments > Resolve Issue. Select the relevant transaction to proceed.
70f19212-0b18-4754-9bce-dbd3d7fea9b6,9564,I want to complain about a product.,submit_complaint,"You can report a problem by going to Help Center > Complaints > File Issue. Fill in the complaint form, and our team will review it shortly."
d09299e1-e267-4d4b-90da-e692e4afde61,4156,"Hey, how are you?",greeting,Hello there! How can I assist you with your orders today?
4f6cd4e0-3d35-4e4e-8444-aa0d95d902a6,7592,What’s the weather like today?,out_of_scope,"I’m sorry, but I can’t help with that request. Could you please rephrase or ask something else?"
63e46a2c-a530-43f0-a05d-c5b21fa47d8b,8683,Where can I request a refund?,demand_refund,"Refund requests can be placed through My Account > Refunds > Initiate. Select your order, choose 'Request Refund', and submit your reason."
03831a53-8c78-418b-8e8f-3196a267db0e,7256,See you next time.,goodbye,Thank you for reaching out! Have a great day.
3cd45165-df1a-4da7-b212-a592b95edf71,3867,Can I rate the product I bought?,review_order,"You can add a review by navigating to My Account > Reviews > Write Review. Once there, you’ll be able to write and submit your review."
7829b092-f12a-42ce-b935-9c0e5f3d428f,9678,Can you help me undo an order I placed?,cancel_order,"To cancel your order, please go to Settings > Orders > Cancel Order. After selecting the order, confirm the cancellation. If you face any issues, let me know."
260cd6ba-5350-4e8a-810d-847b68fb3994,4047,I want to talk to a real person.,talk_to_human,"Sure, let me transfer you to one of our human representatives right away."
2fd66ef8-d979-42d0-98ad-9ea4b38e323d,1092,My payment didn’t go through.,payment_issue,You can manage and fix your payment issues at My Account > Billing > Payment Help. Select the relevant transaction to proceed.
59e0fdab-78cf-42ee-9f4a-a4e828fc58da,6557,I need help with a failed transaction.,payment_issue,"For payment issues, navigate to Settings > Payments > Resolve Issue. You will find tools to resolve failed or pending transactions."
e594c963-8d04-4295-82dd-a4754ff99f81,9486,Catch you later.,goodbye,Goodbye! I hope I was able to help you today.
bdf861d1-b24a-466f-9c1b-64ef21c0e14a,3520,"Thanks, bye!",goodbye,Thank you for reaching out! Have a great day.
06070808-f8a6-4d22-b026-c96d6563213f,6163,Tell me the progress of my recent order.,order_status,You can check your order status by going to Orders > Select Order > View Status. It will display the current progress of your order.
0892f7f5-d376-441e-9b69-6a9ea8601c36,5211,Has my order been shipped yet?,order_status,Head over to Orders > Select Order > View Status to see where your order is in the fulfillment process.
b4abc8dd-836c-4ded-9b3f-7d03d4b9e433,2901,What’s the weather like today?,out_of_scope,This seems outside my current support scope. Please check our help center for more information.
89e511b5-8da7-4400-8e63-f53e07db9695,1836,I need help with a failed transaction.,payment_issue,"For payment issues, navigate to Profile > Wallet > Payment Issues. You will find tools to resolve failed or pending transactions."
6f082243-421a-4b38-9f68-2bf1ff136bde,2033,See you next time.,goodbye,Thank you for reaching out! Have a great day.
2f831bec-a260-4c57-a722-00949aa4a928,5736,See you next time.,goodbye,Thank you for reaching out! Have a great day.
82123ce8-be74-49c7-be93-7ed1fe3261f6,1232,I need a refund on my last order.,demand_refund,"To get a refund, please visit My Account > Refunds > Initiate. Choose the respective order and complete the refund form."
3089714d-637b-456b-bdd3-8b64739c8b2e,2868,Where do I write a review for my last order?,review_order,"To review your order, head over to Orders > Select Order > Leave Review. Select the order and leave your feedback."
f70ce77c-138e-4b11-bfcc-c0560ab87923,8396,Can you tell me the refund steps?,demand_refund,"Refund requests can be placed through Settings > Orders > Refund Order. Select your order, choose 'Request Refund', and submit your reason."
b0ff0c0c-ea94-4bdb-9d7b-508e6d73d08f,5449,I need the courier information for my order.,order_tracking,"To track your shipment, please go to Orders > Track Shipment. Enter your tracking ID for more details."
050b5eef-1d68-41d0-8644-8c53ccd5ef07,5420,I want to share feedback about my purchase.,review_order,"To review your order, head over to Orders > Select Order > Leave Review. Select the order and leave your feedback."
3c11c9b5-61db-42c1-86bc-3e3fd1da5922,4755,I need to speak to a human agent.,talk_to_human,I’ll connect you with a support agent shortly. Please hold on.
7772d33a-d049-4e55-a48d-2debf432c76a,4880,I need the courier information for my order.,order_tracking,Tracking details are available under Purchases > Delivery > Tracking Info. It will show you real-time updates about your package location.
45bf812b-60bb-48a6-9616-1db6c3548eeb,9301,Can I rate the product I bought?,review_order,"To review your order, head over to My Account > Reviews > Write Review. Select the order and leave your feedback."
b920f1cd-4896-48d5-bfea-860c34550101,7963,Where is my order in the process?,order_status,Head over to Orders > Select Order > View Status to see where your order is in the fulfillment process.
7469e78f-125e-450b-b94c-21c3c79a300b,4543,Where is my order in the process?,order_status,You can check your order status by going to Orders > Select Order > View Status. It will display the current progress of your order.
e573d810-2381-4f32-be4f-5b7a40b65220,9740,How do I file a complaint?,submit_complaint,"You can report a problem by going to Settings > Support > Submit Complaint. Fill in the complaint form, and our team will review it shortly."
03e8bf13-b1d1-4f1e-8b98-b4495396f3eb,7592,See you next time.,goodbye,Goodbye! I hope I was able to help you today.
df1e3a7d-5793-4f51-836c-9021a794fc3d,5651,See you next time.,goodbye,Goodbye! I hope I was able to help you today.
711db2ee-4e37-46c0-b5f0-32df581a3365,3432,"Hey, how are you?",greeting,Hello there! How can I assist you with your orders today?
d3dbcb9b-c5c5-4ca3-b6a4-95abbb9bc9a4,5868,Where do I go to cancel an order?,cancel_order,"To cancel your order, please go to Profile > Order History > Cancel Order. After selecting the order, confirm the cancellation. If you face any issues, let me know."
e216f6b6-d712-4432-af4d-cd1f722fa500,2315,My payment didn’t go through.,payment_issue,"For payment issues, navigate to Profile > Wallet > Payment Issues. You will find tools to resolve failed or pending transactions."
d44b820d-5182-4410-9a00-8e625577c7c2,4073,Where can I request a refund?,demand_refund,"Refund requests can be placed through Settings > Orders > Refund Order. Select your order, choose 'Request Refund', and submit your reason."
96c7da7d-c9d5-427f-b554-4f7e9492a102,3532,Please transfer me to a representative.,talk_to_human,I’ll connect you with a support agent shortly. Please hold on.
525cb582-733f-4240-833e-cec7c0bebe10,7164,What’s the weather like today?,out_of_scope,"I’m sorry, but I can’t help with that request. Could you please rephrase or ask something else?"
9dd9499d-fb70-4920-9878-1968951c19ac,2055,Can I chat with someone from support?,talk_to_human,"Sure, let me transfer you to one of our human representatives right away."
1c1f821b-f0cc-4030-bfe3-811a6146cf3a,1571,Tell me the progress of my recent order.,order_status,Head over to My Account > Purchases > Track Progress to see where your order is in the fulfillment process.
76dd9cfa-2f74-4a3a-aed9-25572ff8170e,3032,I want to complain about a product.,submit_complaint,"To submit a complaint, please visit Profile > Feedback > Report Problem. Provide your order details and a description of the issue."
cd2a04b3-7383-493c-8c48-9fe8bd0751a7,4379,Where is my order in the process?,order_status,Head over to Profile > Orders > Check Status to see where your order is in the fulfillment process.
07f0235d-31fb-4576-af44-042ec7419657,6322,Where do I write a review for my last order?,review_order,"You can add a review by navigating to Orders > Select Order > Leave Review. Once there, you’ll be able to write and submit your review."
e3b58796-4984-40dc-9e72-6c4d9cb13096,9226,Tell me the progress of my recent order.,order_status,Head over to My Account > Purchases > Track Progress to see where your order is in the fulfillment process.
679bb6ac-e0bf-4d6c-9d74-e2aaf58caf98,1307,"Hi, I need some help.",greeting,Hello there! How can I assist you with your orders today?
ed1210f2-14d5-4b26-bfb1-ed9b8b9f27d0,4190,How can I leave a review for my order?,review_order,"You can add a review by navigating to My Account > Reviews > Write Review. Once there, you’ll be able to write and submit your review."
9ffe21db-aa9a-4764-99ad-0ca6c73cfb31,4050,I want to talk to a real person.,talk_to_human,I’ll connect you with a support agent shortly. Please hold on.
024e46b1-c389-44e4-b7de-1d5f9166445c,4283,What’s 2+2?,out_of_scope,This seems outside my current support scope. Please check our help center for more information.
996772e8-8eaf-4fed-8fff-5bdcd5256d30,4983,I need help with a failed transaction.,payment_issue,"For payment issues, navigate to Settings > Payments > Resolve Issue. You will find tools to resolve failed or pending transactions."
55d54055-52d3-4a29-9259-49089565ef2f,5279,Who won the football game yesterday?,out_of_scope,This seems outside my current support scope. Please check our help center for more information.
eb83256f-407f-4f6a-9675-21508d96f717,4313,Hello!,greeting,Hello there! How can I assist you with your orders today?
63db61d4-24ba-4ca7-90a8-9a745a0c2fa7,7908,Can you show me tracking details for my order?,order_tracking,Tracking details are available under Orders > Track Shipment. It will show you real-time updates about your package location.
2e63c9a0-084e-4956-a4ab-f9bd85f8372f,1314,I want to cancel my last order.,cancel_order,You can cancel by navigating to My Account > Purchases > Cancel. Choose the order you wish to cancel and follow the prompts.
ff47c45f-6e27-467b-8410-3188584d2ebd,5160,What’s the current status of my order?,order_status,Head over to Profile > Orders > Check Status to see where your order is in the fulfillment process.
9aa4658d-d540-44d2-a344-1c0278542c05,4611,I want to share feedback about my purchase.,review_order,"You can add a review by navigating to My Account > Reviews > Write Review. Once there, you’ll be able to write and submit your review."
21932b14-f6ba-4b45-91f7-a64ad6c5874f,4683,Please transfer me to a representative.,talk_to_human,I’ll connect you with a support agent shortly. Please hold on.
7bfb29a8-3c63-4915-886f-75b5cb6fc360,4815,Can you write me an essay?,out_of_scope,This seems outside my current support scope. Please check our help center for more information.
4033cc12-04e5-4a1a-ad0a-cbfbfea434d1,6648,I want to cancel my last order.,cancel_order,You can cancel by navigating to My Account > Purchases > Cancel. Choose the order you wish to cancel and follow the prompts.
51e9f633-6012-4111-8077-c354520d24ab,8095,I need help with a failed transaction.,payment_issue,"For payment issues, navigate to Profile > Wallet > Payment Issues. You will find tools to resolve failed or pending transactions."
dab41ddc-3205-4902-bb2b-a597f91b560d,8354,Good morning!,greeting,Hi! Welcome back. What can I help you with?
ecf6345d-78b9-4c53-a325-a40c89a1ab72,7874,I want to talk to a real person.,talk_to_human,"Sure, let me transfer you to one of our human representatives right away."
521e2865-8e80-46ee-9759-1587cfc2fe9b,6709,What’s 2+2?,out_of_scope,"I’m sorry, but I can’t help with that request. Could you please rephrase or ask something else?"
3e330b25-d6f2-4e07-93b5-add6cdac3925,4832,My payment didn’t go through.,payment_issue,"For payment issues, navigate to Settings > Payments > Resolve Issue. You will find tools to resolve failed or pending transactions."
891112ca-9155-4e2b-affb-5f23bfc7e988,4029,What’s 2+2?,out_of_scope,This seems outside my current support scope. Please check our help center for more information.
ccbfe126-896c-442d-9158-7d7613ee9653,9375,What’s the weather like today?,out_of_scope,This seems outside my current support scope. Please check our help center for more information.
bee67ed0-695a-481d-b4d5-3904f6058977,9885,Why was my card declined?,payment_issue,You can manage and fix your payment issues at Settings > Payments > Resolve Issue. Select the relevant transaction to proceed.
03155446-8b89-4d03-835e-9715b07b4b1c,4620,There’s a billing issue with my purchase.,payment_issue,You can manage and fix your payment issues at Profile > Wallet > Payment Issues. Select the relevant transaction to proceed.
79a1e063-93a2-4d0c-b050-7f9871621d77,2144,Goodbye!,goodbye,Thank you for reaching out! Have a great day.
00574f67-07f2-43fe-a18a-8c7ae9d8be36,5830,Hello!,greeting,Hi! Welcome back. What can I help you with?
cb90c5d3-4915-404f-874a-330e6eda31b1,9905,There’s an issue I need to report.,submit_complaint,"To submit a complaint, please visit Settings > Support > Submit Complaint. Provide your order details and a description of the issue."
ef4da1a0-3f86-40b8-bd1c-9b9c2f825afd,5027,I need a refund on my last order.,demand_refund,"Refund requests can be placed through My Account > Refunds > Initiate. Select your order, choose 'Request Refund', and submit your reason."
0a491956-4184-495c-9f43-06fadc408096,5534,What’s the weather like today?,out_of_scope,"I’m sorry, but I can’t help with that request. Could you please rephrase or ask something else?"
6331f61a-2c1e-4a7c-bd6a-977e41bd6f9e,2008,Track my shipment please.,order_tracking,"To track your shipment, please go to My Account > Shipping > Track Package. Enter your tracking ID for more details."
6e7fc7be-b0b8-44e4-8b29-f148693c8612,8008,I need a refund on my last order.,demand_refund,"Refund requests can be placed through My Account > Refunds > Initiate. Select your order, choose 'Request Refund', and submit your reason."
21507d8d-7a7d-4b3a-85fa-09aa6f685f87,4460,How can I leave a review for my order?,review_order,"To review your order, head over to Purchases > Feedback > Review Order. Select the order and leave your feedback."
8e964100-aad2-4919-ae0e-8e2e7475b266,8020,My payment didn’t go through.,payment_issue,"For payment issues, navigate to Settings > Payments > Resolve Issue. You will find tools to resolve failed or pending transactions."
75d81b2d-b123-400e-826d-bb2c092777b8,7369,Has my order been shipped yet?,order_status,You can check your order status by going to Profile > Orders > Check Status. It will display the current progress of your order.
a2e32441-ff3e-4447-b218-a4fe9307e409,1904,Who won the football game yesterday?,out_of_scope,This seems outside my current support scope. Please check our help center for more information.
c452623d-1146-423b-95d8-b151f7766ca6,7550,Please provide shipment tracking updates.,order_tracking,Tracking details are available under Purchases > Delivery > Tracking Info. It will show you real-time updates about your package location.
66c42ec6-b723-4be8-bf99-cd529ef32528,8963,Can you tell me the refund steps?,demand_refund,"To get a refund, please visit Settings > Orders > Refund Order. Choose the respective order and complete the refund form."
28473df7-b33e-43ef-8d26-5b162bf54007,3433,Please provide shipment tracking updates.,order_tracking,Tracking details are available under Orders > Track Shipment. It will show you real-time updates about your package location.
15733259-bb04-42fa-b6c2-50366308432b,3263,See you next time.,goodbye,Goodbye! I hope I was able to help you today.
15cf2b87-446d-4fec-9a75-a43f99f549fe,1738,Can you connect me to support staff?,talk_to_human,"Sure, let me transfer you to one of our human representatives right away."
e3b29aea-8683-425d-a8ce-274c0248b52b,1124,Help me post a review for my completed purchase.,review_order,"You can add a review by navigating to My Account > Reviews > Write Review. Once there, you’ll be able to write and submit your review."
be2f45db-7a0e-423a-9353-3ececc83f7b6,8858,Is there a way to stop processing on my order?,cancel_order,You can cancel by navigating to My Account > Purchases > Cancel. Choose the order you wish to cancel and follow the prompts.
d11637fe-0a53-45fd-91ac-cea98e96ef9a,6988,Where do I go to cancel an order?,cancel_order,"To cancel your order, please go to Settings > Orders > Cancel Order. After selecting the order, confirm the cancellation. If you face any issues, let me know."
89b7710b-c1ed-464e-9d55-53ebcfbaed9d,4924,Can I rate the product I bought?,review_order,"You can add a review by navigating to My Account > Reviews > Write Review. Once there, you’ll be able to write and submit your review."
f84e4c4a-27c4-4c2a-923c-b283d1d3e781,9973,There’s an issue I need to report.,submit_complaint,"To submit a complaint, please visit Help Center > Complaints > File Issue. Provide your order details and a description of the issue."
2fb4dfde-317b-4011-a205-934ccb1db490,9756,Where can I request a refund?,demand_refund,"To get a refund, please visit Settings > Orders > Refund Order. Choose the respective order and complete the refund form."
6e7c700b-2f4d-4fc1-b798-dd0915d3bddc,2009,What’s 2+2?,out_of_scope,"I’m sorry, but I can’t help with that request. Could you please rephrase or ask something else?"
2260e7cc-fc5d-48cd-96a3-4e842d0b7d61,8814,"My payment is pending, what should I do?",payment_issue,"For payment issues, navigate to My Account > Billing > Payment Help. You will find tools to resolve failed or pending transactions."
cac66b7f-de09-4029-99d7-c2704b11cd33,4097,I need to speak to a human agent.,talk_to_human,"Sure, let me transfer you to one of our human representatives right away."
7c7ac0cf-70fd-4295-90cc-698603e9846e,8346,Where do I write a review for my last order?,review_order,"You can add a review by navigating to Orders > Select Order > Leave Review. Once there, you’ll be able to write and submit your review."
4bffb00a-2b40-4018-8c6a-f76951dc183a,9415,How do I check if my order is confirmed?,order_status,Head over to Profile > Orders > Check Status to see where your order is in the fulfillment process.
371fe7f9-1134-40ed-a22c-5f9132f07a24,1221,"Hey, how are you?",greeting,Hi! Welcome back. What can I help you with?
e21e7935-2a1d-4472-9cbe-79525b00b2e7,2668,Why was my card declined?,payment_issue,You can manage and fix your payment issues at Settings > Payments > Resolve Issue. Select the relevant transaction to proceed.
28058ca5-6c58-4a29-8cd7-c53bca55fae6,2472,Please guide me to initiate a refund.,demand_refund,"Refund requests can be placed through Profile > Order History > Request Refund. Select your order, choose 'Request Refund', and submit your reason."
1e6ed1f2-7228-4549-b97e-2a8c45def224,8802,I want to share feedback about my purchase.,review_order,"To review your order, head over to My Account > Reviews > Write Review. Select the order and leave your feedback."
d60f1670-917b-43a2-8ba3-82f23db5aae2,1630,Help me post a review for my completed purchase.,review_order,"To review your order, head over to Purchases > Feedback > Review Order. Select the order and leave your feedback."
20369de2-94d1-4ca1-9705-0ef5d59550e6,6657,Who won the football game yesterday?,out_of_scope,This seems outside my current support scope. Please check our help center for more information.
a8b88023-c019-4988-a698-4a8663be0abe,5102,Help me post a review for my completed purchase.,review_order,"To review your order, head over to Orders > Select Order > Leave Review. Select the order and leave your feedback."
f511550f-1af2-4805-970f-59af4edabb31,2621,"I’m done, thanks.",goodbye,Goodbye! I hope I was able to help you today.
73f13432-97ac-4334-a1d2-77ec9a37ed34,1958,I want to share feedback about my purchase.,review_order,"You can add a review by navigating to My Account > Reviews > Write Review. Once there, you’ll be able to write and submit your review."
b009831c-780e-4232-945b-45ebdff5651b,6946,I need help with a failed transaction.,payment_issue,You can manage and fix your payment issues at My Account > Billing > Payment Help. Select the relevant transaction to proceed.
c2490bd0-ebf3-4d9f-b543-720cb5a2e0c5,7845,Please help me submit a problem report.,submit_complaint,"You can report a problem by going to Help Center > Complaints > File Issue. Fill in the complaint form, and our team will review it shortly."
57f91149-23b3-493d-9945-a5dc366d7651,6586,"Thanks, bye!",goodbye,Thank you for reaching out! Have a great day.
36276303-2b76-4a00-ae1c-ead404a8cdca,9715,Catch you later.,goodbye,Goodbye! I hope I was able to help you today.
398c06da-e508-44aa-b955-8d3a49b57d76,9454,Can I rate the product I bought?,review_order,"You can add a review by navigating to Purchases > Feedback > Review Order. Once there, you’ll be able to write and submit your review."
ad7410aa-4f27-4c9d-8f47-34c427159172,4085,Can you help me undo an order I placed?,cancel_order,You can cancel by navigating to My Account > Purchases > Cancel. Choose the order you wish to cancel and follow the prompts.
aad66503-0ddd-4985-955d-72b5be3631bb,4855,How do I request money back for my purchase?,demand_refund,"Refund requests can be placed through Settings > Orders > Refund Order. Select your order, choose 'Request Refund', and submit your reason."
c3ed3095-4aee-447a-9a59-e611c8f9dd3d,6039,Please help me submit a problem report.,submit_complaint,"To submit a complaint, please visit Help Center > Complaints > File Issue. Provide your order details and a description of the issue."
5ef79356-ecb3-46bf-ba1f-cec55893d39a,9854,Track my shipment please.,order_tracking,"To track your shipment, please go to Purchases > Delivery > Tracking Info. Enter your tracking ID for more details."
d4917295-49fd-432a-8bcb-76bea8771064,7052,"Hi, I need some help.",greeting,Hi! Welcome back. What can I help you with?
024bc746-e703-4cee-8261-5c11076c50e0,2654,"Thanks, bye!",goodbye,Thank you for reaching out! Have a great day.
126c7c02-1bc5-4044-83d9-f3cceeec6484,7766,Can you tell me the refund steps?,demand_refund,"To get a refund, please visit Profile > Order History > Request Refund. Choose the respective order and complete the refund form."
b6cbd7fd-3306-4c05-8354-5e4f4340b38a,1277,Where do I go to cancel an order?,cancel_order,"To cancel your order, please go to My Account > Purchases > Cancel. After selecting the order, confirm the cancellation. If you face any issues, let me know."
b6014880-ecb8-4948-bb90-bbffbb5f1653,5779,Can you write me an essay?,out_of_scope,"I’m sorry, but I can’t help with that request. Could you please rephrase or ask something else?"
e5884854-f85f-49dc-9762-06a9d6ce9747,2484,Is there a way to stop processing on my order?,cancel_order,"To cancel your order, please go to Settings > Orders > Cancel Order. After selecting the order, confirm the cancellation. If you face any issues, let me know."
9acdf13d-061a-4dcd-b9ca-40266561fb99,1966,I need to speak to a human agent.,talk_to_human,"Sure, let me transfer you to one of our human representatives right away."
d37d2ce3-e299-4209-b9a0-51653ba73222,8661,Hello!,greeting,Hi! Welcome back. What can I help you with?
fd0462dd-7e40-407b-90ed-3c12fcad6f8f,9386,Please transfer me to a representative.,talk_to_human,"Sure, let me transfer you to one of our human representatives right away."
1010cfb8-6de0-4f03-a704-2ce2c34a5ac6,4300,I need the courier information for my order.,order_tracking,"To track your shipment, please go to My Account > Shipping > Track Package. Enter your tracking ID for more details."
d6d73148-c147-4bcb-9655-a45f9e80d58a,6125,Please guide me to initiate a refund.,demand_refund,"Refund requests can be placed through My Account > Refunds > Initiate. Select your order, choose 'Request Refund', and submit your reason."
36fc08e6-9364-466c-9379-402c0f16aefa,2104,Can you show me tracking details for my order?,order_tracking,"To track your shipment, please go to Orders > Track Shipment. Enter your tracking ID for more details."
f69070ef-837e-4426-9495-863d6d5cbe78,9549,Where do I go to raise a complaint?,submit_complaint,"You can report a problem by going to Settings > Support > Submit Complaint. Fill in the complaint form, and our team will review it shortly."
14e8fb06-8136-495d-b36b-43ab345ffdca,4059,Who won the football game yesterday?,out_of_scope,This seems outside my current support scope. Please check our help center for more information.
e321552c-3dba-450e-8f91-3f34f244081e,6069,Hello!,greeting,Hi! Welcome back. What can I help you with?
4e0fcdf8-66cd-4195-87b6-b1eae9865e9b,8014,There’s a billing issue with my purchase.,payment_issue,"For payment issues, navigate to My Account > Billing > Payment Help. You will find tools to resolve failed or pending transactions."
287f1bb3-77d7-4b28-93dd-7e52829ef7b1,9022,"My payment is pending, what should I do?",payment_issue,"For payment issues, navigate to My Account > Billing > Payment Help. You will find tools to resolve failed or pending transactions."
62381431-ac4d-4526-a600-57dd8d025ca3,3999,Track my shipment please.,order_tracking,"To track your shipment, please go to Purchases > Delivery > Tracking Info. Enter your tracking ID for more details."
867382f3-ca02-4430-a269-2bbf70e8be4b,6862,There’s a billing issue with my purchase.,payment_issue,"For payment issues, navigate to Profile > Wallet > Payment Issues. You will find tools to resolve failed or pending transactions."
085d1fda-50a6-4a8f-96e0-549ed0ff697d,9873,Please guide me to initiate a refund.,demand_refund,"Refund requests can be placed through My Account > Refunds > Initiate. Select your order, choose 'Request Refund', and submit your reason."
529b1115-0212-48d9-9a5e-a5c15721232e,2181,"Thanks, bye!",goodbye,Thank you for reaching out! Have a great day.
a929dec0-071c-4600-85b9-69a043868e8a,2544,Where is my order in the process?,order_status,You can check your order status by going to My Account > Purchases > Track Progress. It will display the current progress of your order.
fa2ac2dc-5c11-4d8e-bde0-64856139afad,2332,I need to speak to a human agent.,talk_to_human,"Sure, let me transfer you to one of our human representatives right away."
0f1a9721-3895-4b2d-ada8-fdf1e1de56f4,5031,Can you connect me to support staff?,talk_to_human,I’ll connect you with a support agent shortly. Please hold on.
13eff851-22a6-41b9-a3f5-f553d14fbc5a,2203,Tell me a joke.,out_of_scope,This seems outside my current support scope. Please check our help center for more information.
bb9a2325-3f13-4e06-80af-2d719a283a42,8155,Tell me the progress of my recent order.,order_status,Head over to My Account > Purchases > Track Progress to see where your order is in the fulfillment process.
0e3fc8fb-6d53-46d9-80ae-5a54afcd26cb,4044,Catch you later.,goodbye,Goodbye! I hope I was able to help you today.
79b26193-c59a-434d-8a67-036da16f9b0d,6878,Who won the football game yesterday?,out_of_scope,"I’m sorry, but I can’t help with that request. Could you please rephrase or ask something else?"
f5894ab1-e46d-4b37-a7d0-7d86d35f2de4,8254,Where is my order in the process?,order_status,You can check your order status by going to My Account > Purchases > Track Progress. It will display the current progress of your order.
29185df1-3ada-46f9-8414-d35019c37c64,8451,Why was my card declined?,payment_issue,"For payment issues, navigate to Settings > Payments > Resolve Issue. You will find tools to resolve failed or pending transactions."
8c92e82d-0a0c-4456-aa6e-5b21b17798a0,5480,Where do I write a review for my last order?,review_order,"To review your order, head over to Purchases > Feedback > Review Order. Select the order and leave your feedback."
b3ea726f-9cf0-4dc7-bdd3-d5aa2b585e77,3643,Who won the football game yesterday?,out_of_scope,"I’m sorry, but I can’t help with that request. Could you please rephrase or ask something else?"
41a8bfa9-d9d1-4023-a22e-10e2284ba2ec,5309,Please provide shipment tracking updates.,order_tracking,"To track your shipment, please go to Orders > Track Shipment. Enter your tracking ID for more details."
d9ed1ed5-1744-46bc-b1b2-15e3d09ba108,9156,Please help me submit a problem report.,submit_complaint,"To submit a complaint, please visit Profile > Feedback > Report Problem. Provide your order details and a description of the issue."
8b5887e2-5f6a-4ee2-9785-ef5e7387bd17,8769,I need the courier information for my order.,order_tracking,"To track your shipment, please go to Orders > Track Shipment. Enter your tracking ID for more details."
d3813f89-564d-4324-9f87-90cb530ebf63,3094,Help me post a review for my completed purchase.,review_order,"To review your order, head over to My Account > Reviews > Write Review. Select the order and leave your feedback."
522cd8f4-e784-4017-9ff0-959d4c02f703,2535,My payment didn’t go through.,payment_issue,"For payment issues, navigate to Settings > Payments > Resolve Issue. You will find tools to resolve failed or pending transactions."
5e2996d1-f60e-401b-ac70-2382222db75e,2613,Tell me the progress of my recent order.,order_status,You can check your order status by going to Profile > Orders > Check Status. It will display the current progress of your order.
a88a4293-0c36-4336-a9ba-b30079125c75,3691,Please guide me to initiate a refund.,demand_refund,"To get a refund, please visit Profile > Order History > Request Refund. Choose the respective order and complete the refund form."
ac15a387-5381-459a-9bb2-965d9a763618,3517,I need to speak to a human agent.,talk_to_human,I’ll connect you with a support agent shortly. Please hold on.
dd3d61b2-62d9-4385-b251-1310c051e6fe,6036,There’s a billing issue with my purchase.,payment_issue,"For payment issues, navigate to Settings > Payments > Resolve Issue. You will find tools to resolve failed or pending transactions."
6668d909-a1eb-4442-90db-4333502178e1,2112,I need the courier information for my order.,order_tracking,Tracking details are available under My Account > Shipping > Track Package. It will show you real-time updates about your package location.
be597969-dc11-44e7-8877-880ee65bf9ed,3420,"My payment is pending, what should I do?",payment_issue,"For payment issues, navigate to Profile > Wallet > Payment Issues. You will find tools to resolve failed or pending transactions."
60c29c50-6b60-4a0d-9eb1-48349f51db0f,6214,Can you connect me to support staff?,talk_to_human,I’ll connect you with a support agent shortly. Please hold on.
ff6a5fa6-f60b-494e-9b5e-f3ee87995a7b,4952,I need a refund on my last order.,demand_refund,"Refund requests can be placed through Profile > Order History > Request Refund. Select your order, choose 'Request Refund', and submit your reason."
7fa37070-3ca9-426d-9f73-854e4cbdd904,1063,"Hi, I need some help.",greeting,Hello there! How can I assist you with your orders today?
29b2afc2-103a-4e51-989b-10341991842e,6470,Can you help me undo an order I placed?,cancel_order,You can cancel by navigating to My Account > Purchases > Cancel. Choose the order you wish to cancel and follow the prompts.
7cf7ca31-19aa-41f2-b05a-1173c32287d3,9590,Goodbye!,goodbye,Thank you for reaching out! Have a great day.
de73d0f8-d71d-40a6-b084-5ac1356e53c3,6029,I need help with a failed transaction.,payment_issue,"For payment issues, navigate to Settings > Payments > Resolve Issue. You will find tools to resolve failed or pending transactions."
a16063d7-ddd6-4a89-853e-13a6abaf407b,8771,"Hey, how are you?",greeting,Hi! Welcome back. What can I help you with?
f9c41cb9-ef08-478a-a1d2-c97d71361816,5287,Please help me submit a problem report.,submit_complaint,"To submit a complaint, please visit Profile > Feedback > Report Problem. Provide your order details and a description of the issue."
dad632de-d2ec-4899-b97b-ca33c149c865,2451,What’s the weather like today?,out_of_scope,"I’m sorry, but I can’t help with that request. Could you please rephrase or ask something else?"
3d0613ba-f0bd-4993-ac2d-ab5f1c86348b,6239,I need the courier information for my order.,order_tracking,"To track your shipment, please go to My Account > Shipping > Track Package. Enter your tracking ID for more details."
d1155a25-0fe1-4fb0-9d39-1fcc589962ef,4212,I need a refund on my last order.,demand_refund,"Refund requests can be placed through Profile > Order History > Request Refund. Select your order, choose 'Request Refund', and submit your reason."
396f30b7-d52b-404b-be10-1f27fe537f08,1438,I need a refund on my last order.,demand_refund,"To get a refund, please visit Profile > Order History > Request Refund. Choose the respective order and complete the refund form."
c44fdc4a-01fb-4c06-816e-0ccc4b1682d6,4261,Who won the football game yesterday?,out_of_scope,This seems outside my current support scope. Please check our help center for more information.
a6d9ecc2-897c-4c13-ae22-10109c0dc3e7,4739,How do I check if my order is confirmed?,order_status,Head over to Orders > Select Order > View Status to see where your order is in the fulfillment process.
e9e81533-971d-4527-935b-39ea3c4dbd97,8201,Catch you later.,goodbye,Goodbye! I hope I was able to help you today.
be81a419-d153-4e1f-9bc5-d5f9841ae0ab,6190,Catch you later.,goodbye,Thank you for reaching out! Have a great day.
aba827e8-97ff-493e-aa26-b01f185eb52e,3795,What’s the weather like today?,out_of_scope,"I’m sorry, but I can’t help with that request. Could you please rephrase or ask something else?"
04aaf14c-f5a8-491a-aca0-923c8c164e7b,7423,I want to talk to a real person.,talk_to_human,I’ll connect you with a support agent shortly. Please hold on.
4ea9892a-dbda-46fe-83df-f3a0115eee4d,4669,"Hi, I need some help.",greeting,Hi! Welcome back. What can I help you with?
4b92a3f3-d597-4980-8193-e6d43039f4d8,7711,Can you write me an essay?,out_of_scope,This seems outside my current support scope. Please check our help center for more information.
ad07d4c0-6e66-4f1b-92e5-6e5c4258acaa,4387,Can you show me tracking details for my order?,order_tracking,Tracking details are available under My Account > Shipping > Track Package. It will show you real-time updates about your package location.
320da9bb-7c48-416f-bad2-b7fd8b665e84,2128,Can you help me undo an order I placed?,cancel_order,"To cancel your order, please go to My Account > Purchases > Cancel. After selecting the order, confirm the cancellation. If you face any issues, let me know."
665de9c8-9719-4460-b735-a4d09c993684,5783,Has my order been shipped yet?,order_status,You can check your order status by going to Profile > Orders > Check Status. It will display the current progress of your order.
5d928001-f034-4727-af68-dcc628b0b87e,7028,Where can I request a refund?,demand_refund,"To get a refund, please visit My Account > Refunds > Initiate. Choose the respective order and complete the refund form."
b8882ba6-2d09-4f83-90f8-c0b56a885a61,5645,Hello!,greeting,Hello there! How can I assist you with your orders today?
b1b66d7c-dac8-47b1-95a4-9109185e4f4f,5739,See you next time.,goodbye,Goodbye! I hope I was able to help you today.
63e4b4ec-742b-4c91-9cf1-5b8df00692fd,7045,Can you connect me to support staff?,talk_to_human,I’ll connect you with a support agent shortly. Please hold on.
5e8945b0-71e9-485b-bc09-0f7fbae374f9,4665,What’s the current status of my order?,order_status,You can check your order status by going to Profile > Orders > Check Status. It will display the current progress of your order.
2e1a93dc-ccee-44b4-b840-a870aa345510,8588,Good morning!,greeting,Hello there! How can I assist you with your orders today?
5797fa42-8349-423b-83fb-bfef03bfbd2c,5332,Please guide me to initiate a refund.,demand_refund,"Refund requests can be placed through Profile > Order History > Request Refund. Select your order, choose 'Request Refund', and submit your reason."
657e5c6e-2e1c-4afc-b66e-59d030f82d23,1220,What’s the current status of my order?,order_status,Head over to Orders > Select Order > View Status to see where your order is in the fulfillment process.
483623c1-2f4a-479b-be51-b250a6b008f9,2271,Help me post a review for my completed purchase.,review_order,"To review your order, head over to Purchases > Feedback > Review Order. Select the order and leave your feedback."
c2df4e0a-ad21-41cd-92e4-44f1458ec0c2,8303,I want to cancel my last order.,cancel_order,"To cancel your order, please go to My Account > Purchases > Cancel. After selecting the order, confirm the cancellation. If you face any issues, let me know."
2b6acb2a-cd66-4db9-ab90-7b354e9efaec,1334,Where is my delivery right now?,order_tracking,Tracking details are available under My Account > Shipping > Track Package. It will show you real-time updates about your package location.
8d7c3548-ba0d-4910-a7a3-8c29335d1df9,6260,I want to share feedback about my purchase.,review_order,"You can add a review by navigating to My Account > Reviews > Write Review. Once there, you’ll be able to write and submit your review."
ba4f45e9-602d-425d-b5d0-314c2a1976bf,1139,I need to speak to a human agent.,talk_to_human,I’ll connect you with a support agent shortly. Please hold on.
715ce000-ad92-4d27-a127-effb145eb5e8,3334,My payment didn’t go through.,payment_issue,"For payment issues, navigate to My Account > Billing > Payment Help. You will find tools to resolve failed or pending transactions."
297aa845-1a15-4df4-b89f-19429a761aea,2701,There’s an issue I need to report.,submit_complaint,"To submit a complaint, please visit Profile > Feedback > Report Problem. Provide your order details and a description of the issue."
c067e3cd-11d9-44ab-a71c-afce6abe7df0,7342,Hi there!,greeting,Hi! Welcome back. What can I help you with?
a352fb7a-7376-4605-875e-6f951382a0df,9503,I need to speak to a human agent.,talk_to_human,I’ll connect you with a support agent shortly. Please hold on.
dd01e94b-a111-422f-9285-68ff56a28cb1,5089,Is there a way to stop processing on my order?,cancel_order,You can cancel by navigating to Profile > Order History > Cancel Order. Choose the order you wish to cancel and follow the prompts.
6ef2aaf3-b6dc-44c1-8757-80adc66eec14,6682,How can I leave a review for my order?,review_order,"You can add a review by navigating to Purchases > Feedback > Review Order. Once there, you’ll be able to write and submit your review."
af7d0f01-e7fb-4975-88ae-9603e10c1c22,3241,Please cancel my recent purchase.,cancel_order,"To cancel your order, please go to Settings > Orders > Cancel Order. After selecting the order, confirm the cancellation. If you face any issues, let me know."
b2776c63-b320-4f54-b147-ff28c619440a,2512,Has my order been shipped yet?,order_status,You can check your order status by going to My Account > Purchases > Track Progress. It will display the current progress of your order.
db02edb3-fba7-494c-9560-40d4fccedd03,1961,What’s the current status of my order?,order_status,You can check your order status by going to My Account > Purchases > Track Progress. It will display the current progress of your order.
cf8e05e6-8038-4102-82b0-6c52f0bbfab8,4416,Can I rate the product I bought?,review_order,"To review your order, head over to My Account > Reviews > Write Review. Select the order and leave your feedback."
b15c4ebd-198c-46e3-8977-563a039303cb,5718,"Hi, I need some help.",greeting,Hello there! How can I assist you with your orders today?
64e8d409-bfa2-4d3c-90ce-77db68597b26,5312,Tell me a joke.,out_of_scope,This seems outside my current support scope. Please check our help center for more information.
5d8b28e7-3d33-4b78-9602-9639696f982a,4156,Where can I request a refund?,demand_refund,"To get a refund, please visit Settings > Orders > Refund Order. Choose the respective order and complete the refund form."
b24e8c0d-40ec-4588-b672-c00be3e6c2e5,3905,Where can I request a refund?,demand_refund,"To get a refund, please visit My Account > Refunds > Initiate. Choose the respective order and complete the refund form."
ccaaffca-1893-45ba-96d6-bda7082ea613,9168,There’s an issue I need to report.,submit_complaint,"You can report a problem by going to Profile > Feedback > Report Problem. Fill in the complaint form, and our team will review it shortly."
c64bcb48-0566-40a1-9a57-7d4549dec98c,8544,Track my shipment please.,order_tracking,Tracking details are available under Purchases > Delivery > Tracking Info. It will show you real-time updates about your package location.
e12f3670-3d4c-4cc0-b374-f2499540e0c5,2901,What’s 2+2?,out_of_scope,"I’m sorry, but I can’t help with that request. Could you please rephrase or ask something else?"
c4335a8d-6240-4d74-81b2-ddbba1271ef6,1370,I need help with a failed transaction.,payment_issue,You can manage and fix your payment issues at Settings > Payments > Resolve Issue. Select the relevant transaction to proceed.
5bb5e78a-79f0-417d-b386-a721ae13cb41,5605,How do I check if my order is confirmed?,order_status,You can check your order status by going to Orders > Select Order > View Status. It will display the current progress of your order.
6c2d4b8d-8a60-411e-8f45-d0ab3ee7c222,6154,I need a refund on my last order.,demand_refund,"To get a refund, please visit Settings > Orders > Refund Order. Choose the respective order and complete the refund form."
d10c34a2-5f28-4568-a135-b39af9b5cd5e,7336,Please provide shipment tracking updates.,order_tracking,Tracking details are available under Purchases > Delivery > Tracking Info. It will show you real-time updates about your package location.
97eb27d4-f436-4ef7-bf54-9819a73ee310,6753,I need the courier information for my order.,order_tracking,"To track your shipment, please go to Orders > Track Shipment. Enter your tracking ID for more details."
a2d25cae-004d-4d91-b6f3-910d7987fb4a,4779,See you next time.,goodbye,Thank you for reaching out! Have a great day.
383d0e62-00ca-476c-a207-923109962749,8563,Where is my order in the process?,order_status,You can check your order status by going to Profile > Orders > Check Status. It will display the current progress of your order.
bd436ed1-69a4-4684-9756-09f8ad215d20,4191,Can I chat with someone from support?,talk_to_human,"Sure, let me transfer you to one of our human representatives right away."
7f5639a8-c8fa-4fe0-9a8a-c16729073694,4041,How do I request money back for my purchase?,demand_refund,"Refund requests can be placed through My Account > Refunds > Initiate. Select your order, choose 'Request Refund', and submit your reason."
0e1b6ddb-cdf2-4060-ab6f-fd064f14ffb8,2620,How do I file a complaint?,submit_complaint,"To submit a complaint, please visit Settings > Support > Submit Complaint. Provide your order details and a description of the issue."
596b911d-5e04-488e-8f32-51729a7977c5,2851,I need help with a failed transaction.,payment_issue,You can manage and fix your payment issues at Profile > Wallet > Payment Issues. Select the relevant transaction to proceed.
f60e560d-b790-4705-a3c7-7e55b79f8af5,7624,Who won the football game yesterday?,out_of_scope,This seems outside my current support scope. Please check our help center for more information.
e97facaf-c8bf-4e51-93f7-96b59b1c777c,4465,How do I request money back for my purchase?,demand_refund,"To get a refund, please visit Profile > Order History > Request Refund. Choose the respective order and complete the refund form."
12064b74-d71a-4848-be59-704e35adf025,5375,"My payment is pending, what should I do?",payment_issue,"For payment issues, navigate to Settings > Payments > Resolve Issue. You will find tools to resolve failed or pending transactions."
16163ad6-6713-4273-bd48-e33bab4d33ee,1596,My payment didn’t go through.,payment_issue,"For payment issues, navigate to My Account > Billing > Payment Help. You will find tools to resolve failed or pending transactions."
d0b7c032-d84e-400a-bb0f-d49b2c4ff6c2,7677,"Thanks, bye!",goodbye,Thank you for reaching out! Have a great day.
7e252670-daed-43b9-97d8-0f6a84d2a00d,8323,Is there a way to stop processing on my order?,cancel_order,You can cancel by navigating to My Account > Purchases > Cancel. Choose the order you wish to cancel and follow the prompts.
bb2fb1e4-1efc-4850-ad1d-e06238db7070,8062,There’s a billing issue with my purchase.,payment_issue,You can manage and fix your payment issues at Settings > Payments > Resolve Issue. Select the relevant transaction to proceed.
49b14180-d5b5-4dec-b864-1c2d4b942009,7845,How do I request money back for my purchase?,demand_refund,"Refund requests can be placed through Profile > Order History > Request Refund. Select your order, choose 'Request Refund', and submit your reason."
eae89cb6-41fb-487e-bc9b-16ad04a449e4,6112,I need a refund on my last order.,demand_refund,"Refund requests can be placed through My Account > Refunds > Initiate. Select your order, choose 'Request Refund', and submit your reason."
c9f5f2a5-8953-4e21-994f-45166d1140ec,8733,Has my order been shipped yet?,order_status,Head over to Profile > Orders > Check Status to see where your order is in the fulfillment process.
802ba76a-9566-434a-b4d9-d4f69a702258,8232,What’s the current status of my order?,order_status,Head over to Profile > Orders > Check Status to see where your order is in the fulfillment process.
dffa0b6b-7e55-4dee-b980-099abe0eec81,5700,"I’m done, thanks.",goodbye,Goodbye! I hope I was able to help you today.
0c462229-001c-4700-840f-fbfa81d61b93,3560,Please guide me to initiate a refund.,demand_refund,"Refund requests can be placed through Profile > Order History > Request Refund. Select your order, choose 'Request Refund', and submit your reason."
98968ad3-4069-4c27-b343-c3123c9a3256,7196,Where can I request a refund?,demand_refund,"Refund requests can be placed through My Account > Refunds > Initiate. Select your order, choose 'Request Refund', and submit your reason."
c034edf8-9515-43d2-876b-f1084b95c32a,6877,How do I check if my order is confirmed?,order_status,You can check your order status by going to My Account > Purchases > Track Progress. It will display the current progress of your order.
eb737d9f-fef7-4244-b79b-5f74bb378287,3317,Please transfer me to a representative.,talk_to_human,"Sure, let me transfer you to one of our human representatives right away."
0222b002-f31b-4e66-b1c0-9801e118b19e,7127,I need the courier information for my order.,order_tracking,"To track your shipment, please go to Purchases > Delivery > Tracking Info. Enter your tracking ID for more details."
bde8d06a-d278-4b0f-9911-80bfd7a02b71,8042,Is there a way to stop processing on my order?,cancel_order,"To cancel your order, please go to My Account > Purchases > Cancel. After selecting the order, confirm the cancellation. If you face any issues, let me know."
0df32642-6e63-4dd0-985a-175b2c101aeb,3850,What’s the current status of my order?,order_status,Head over to My Account > Purchases > Track Progress to see where your order is in the fulfillment process.
ee86f9ad-702d-4913-b81c-87dfcb6de945,4395,Please guide me to initiate a refund.,demand_refund,"Refund requests can be placed through My Account > Refunds > Initiate. Select your order, choose 'Request Refund', and submit your reason."
a3e4bb70-6b2d-44b7-8429-0c5cd6661322,6522,"Hey, how are you?",greeting,Hi! Welcome back. What can I help you with?
1105bb98-8a33-40e8-a9d5-850e1999dff9,2588,What’s the weather like today?,out_of_scope,"I’m sorry, but I can’t help with that request. Could you please rephrase or ask something else?"
08363ffa-6821-41af-a0df-d145a17eda83,5514,How do I file a complaint?,submit_complaint,"You can report a problem by going to Profile > Feedback > Report Problem. Fill in the complaint form, and our team will review it shortly."
f8ec66e3-709e-42b5-a3e2-e1f7b82d446b,6449,Where is my order in the process?,order_status,Head over to My Account > Purchases > Track Progress to see where your order is in the fulfillment process.
ef4b2c8a-2ba9-46d6-b483-a944f61dbb9b,7934,Can you connect me to support staff?,talk_to_human,I’ll connect you with a support agent shortly. Please hold on.
87e7c6c5-cf2f-4fd9-995f-18e11f304cc4,4003,Please provide shipment tracking updates.,order_tracking,Tracking details are available under Purchases > Delivery > Tracking Info. It will show you real-time updates about your package location.
f99d16c8-0250-4eef-af26-0f4b324196f4,4532,How can I leave a review for my order?,review_order,"You can add a review by navigating to My Account > Reviews > Write Review. Once there, you’ll be able to write and submit your review."
2997da1a-73fa-467c-937a-e5a67182c74c,2350,Hello!,greeting,Hello there! How can I assist you with your orders today?
603bfdc9-48f3-47db-9af9-8c64dffddbe5,2112,Where do I write a review for my last order?,review_order,"You can add a review by navigating to My Account > Reviews > Write Review. Once there, you’ll be able to write and submit your review."
f49ac182-9467-4a27-8729-d7f45fca1b8c,7124,My payment didn’t go through.,payment_issue,"For payment issues, navigate to My Account > Billing > Payment Help. You will find tools to resolve failed or pending transactions."
f613b871-fe00-4284-9d95-2693711fe7b7,3980,"I’m done, thanks.",goodbye,Thank you for reaching out! Have a great day.
a2aecf74-2221-46d7-82ba-cc95aab1a8a0,3639,How do I request money back for my purchase?,demand_refund,"Refund requests can be placed through My Account > Refunds > Initiate. Select your order, choose 'Request Refund', and submit your reason."
bc22e773-55d6-4030-8539-b17c363b1f60,4660,Goodbye!,goodbye,Thank you for reaching out! Have a great day.
4598f91f-f6dc-4883-b049-ce0ee6bba4c4,6130,Where can I request a refund?,demand_refund,"To get a refund, please visit Profile > Order History > Request Refund. Choose the respective order and complete the refund form."
97dfdcd9-5547-43ca-96b3-c6af6135d14a,4592,What’s the weather like today?,out_of_scope,This seems outside my current support scope. Please check our help center for more information.
7046170f-c683-4a9f-8631-da12b475fa7d,8255,Can I rate the product I bought?,review_order,"To review your order, head over to Purchases > Feedback > Review Order. Select the order and leave your feedback."
90faa776-755f-42ce-bf38-04d6f3818c9b,1867,I need to speak to a human agent.,talk_to_human,I’ll connect you with a support agent shortly. Please hold on.
9d0823e7-0cd1-4c05-8000-bd659a527cb4,2813,Hi there!,greeting,Hello there! How can I assist you with your orders today?
a7e08fb4-bae8-490a-83ee-0cac79f79fd2,6348,Catch you later.,goodbye,Thank you for reaching out! Have a great day.
8f64bb02-1e3d-4430-9579-1895b7dfb2ac,7007,Has my order been shipped yet?,order_status,You can check your order status by going to Profile > Orders > Check Status. It will display the current progress of your order.
f2833aea-168c-408a-b5d2-50f6c119a58d,5495,Can you show me tracking details for my order?,order_tracking,"To track your shipment, please go to Purchases > Delivery > Tracking Info. Enter your tracking ID for more details."
c3938b88-421f-42eb-a069-a779df623bc3,3646,How do I file a complaint?,submit_complaint,"You can report a problem by going to Help Center > Complaints > File Issue. Fill in the complaint form, and our team will review it shortly."
1618b1dd-a2f1-4fdc-82bf-5585f1d19fd4,6223,Where can I request a refund?,demand_refund,"Refund requests can be placed through Settings > Orders > Refund Order. Select your order, choose 'Request Refund', and submit your reason."
124e1156-7a52-4c6a-9485-838ca1f8d7ff,5718,What’s the current status of my order?,order_status,Head over to Profile > Orders > Check Status to see where your order is in the fulfillment process.
6f2a5278-f5b1-41dc-9063-9cc455bc776b,4797,Help me post a review for my completed purchase.,review_order,"You can add a review by navigating to Purchases > Feedback > Review Order. Once there, you’ll be able to write and submit your review."
d4bed632-59ca-49a6-93ac-74f061f17caf,7946,Who won the football game yesterday?,out_of_scope,This seems outside my current support scope. Please check our help center for more information.
137a8925-3c59-4377-a5eb-c967f79f0d75,1671,Why was my card declined?,payment_issue,"For payment issues, navigate to My Account > Billing > Payment Help. You will find tools to resolve failed or pending transactions."
081f0af0-662e-4931-a0e8-43e18e6918d9,9612,I want to talk to a real person.,talk_to_human,"Sure, let me transfer you to one of our human representatives right away."
ac926d59-faf4-4159-a671-bfa5d631193c,1709,There’s a billing issue with my purchase.,payment_issue,"For payment issues, navigate to Profile > Wallet > Payment Issues. You will find tools to resolve failed or pending transactions."
261bcd78-f267-4868-9784-a07a68fae2fa,9962,Can I rate the product I bought?,review_order,"You can add a review by navigating to Orders > Select Order > Leave Review. Once there, you’ll be able to write and submit your review."
30e2f14c-16fa-4c9a-a8d4-4dc66e253624,4172,How do I check if my order is confirmed?,order_status,You can check your order status by going to My Account > Purchases > Track Progress. It will display the current progress of your order.
83965b40-457b-458a-98be-af9308e5955a,5726,Can I rate the product I bought?,review_order,"To review your order, head over to Purchases > Feedback > Review Order. Select the order and leave your feedback."
7dd5b9ea-d8b5-41d0-84f1-e6137553674b,5047,Please transfer me to a representative.,talk_to_human,"Sure, let me transfer you to one of our human representatives right away."
83c37c09-3dbc-4ffc-9d00-30a43422cd60,7432,Where is my delivery right now?,order_tracking,"To track your shipment, please go to My Account > Shipping > Track Package. Enter your tracking ID for more details."
409fa364-c910-4cc6-8067-f0db4e8359f2,1306,Please help me submit a problem report.,submit_complaint,"You can report a problem by going to Profile > Feedback > Report Problem. Fill in the complaint form, and our team will review it shortly."
c4616081-fb1e-421b-b62a-89ecebe75779,6807,How do I file a complaint?,submit_complaint,"To submit a complaint, please visit Profile > Feedback > Report Problem. Provide your order details and a description of the issue."
1b9b8f02-6911-46d6-8d55-353dcaf00b2b,6781,There’s a billing issue with my purchase.,payment_issue,You can manage and fix your payment issues at My Account > Billing > Payment Help. Select the relevant transaction to proceed.
10cfd705-98e8-441e-bdde-8d54d66d66bb,6109,"Thanks, bye!",goodbye,Thank you for reaching out! Have a great day.
bd4566ed-3178-4a00-b2ce-0a2f093e6453,6886,What’s the current status of my order?,order_status,Head over to Profile > Orders > Check Status to see where your order is in the fulfillment process.
886ead9b-2fe2-4416-840c-eb9695e95d08,8359,Where do I go to raise a complaint?,submit_complaint,"To submit a complaint, please visit Profile > Feedback > Report Problem. Provide your order details and a description of the issue."
7974b2f9-46ed-470f-87a5-00b0a9562226,4250,I need the courier information for my order.,order_tracking,Tracking details are available under Purchases > Delivery > Tracking Info. It will show you real-time updates about your package location.
d95b814e-827e-4a24-8c6b-c20b0237ea9b,1098,Can you help me undo an order I placed?,cancel_order,"To cancel your order, please go to Profile > Order History > Cancel Order. After selecting the order, confirm the cancellation. If you face any issues, let me know."
2971e456-3190-44e6-b093-fa0d79dbc72b,3159,"Hey, how are you?",greeting,Hello there! How can I assist you with your orders today?
fd46dd9d-8600-44c8-8b87-626c2c9d25a3,2053,"Hey, how are you?",greeting,Hi! Welcome back. What can I help you with?
6600541b-bbf8-4fe7-94ca-74510461bf5d,7934,Can you help me undo an order I placed?,cancel_order,"To cancel your order, please go to My Account > Purchases > Cancel. After selecting the order, confirm the cancellation. If you face any issues, let me know."
f1ff3424-71b0-4c66-ac28-7b224a43d132,7936,Can I rate the product I bought?,review_order,"You can add a review by navigating to Purchases > Feedback > Review Order. Once there, you’ll be able to write and submit your review."
500d7663-9a79-442a-9f6f-c4196162f3f4,3011,Catch you later.,goodbye,Thank you for reaching out! Have a great day.
7944cdc7-a234-4c12-ae9f-09cd980d74be,5465,I want to cancel my last order.,cancel_order,You can cancel by navigating to Profile > Order History > Cancel Order. Choose the order you wish to cancel and follow the prompts.
ee169462-0eb7-4f9c-b7b1-599dbc9e34d6,8917,Please guide me to initiate a refund.,demand_refund,"To get a refund, please visit My Account > Refunds > Initiate. Choose the respective order and complete the refund form."
db569150-db64-4b4a-99fd-ebcb9cf684c4,4837,Please transfer me to a representative.,talk_to_human,I’ll connect you with a support agent shortly. Please hold on.
36d2e1d1-23f0-4129-8bef-59f8f0b7c02b,5789,"My payment is pending, what should I do?",payment_issue,You can manage and fix your payment issues at Settings > Payments > Resolve Issue. Select the relevant transaction to proceed.
bf5a607a-da9a-44c9-9ecf-8ca58906564b,6847,See you next time.,goodbye,Goodbye! I hope I was able to help you today.
893b28cf-8572-41ee-91ba-e363e734c3e1,2855,Where can I request a refund?,demand_refund,"To get a refund, please visit My Account > Refunds > Initiate. Choose the respective order and complete the refund form."
5e2cbf3f-3791-46b6-b7dd-a316a5665ff0,4165,Can you tell me the refund steps?,demand_refund,"To get a refund, please visit Profile > Order History > Request Refund. Choose the respective order and complete the refund form."
08070d78-5818-4ef6-9d2f-5454e4868d90,9881,How do I check if my order is confirmed?,order_status,You can check your order status by going to Orders > Select Order > View Status. It will display the current progress of your order.
5479c864-eb4e-4183-bb05-4cd642c93218,9992,How do I check if my order is confirmed?,order_status,Head over to Profile > Orders > Check Status to see where your order is in the fulfillment process.
2f5202e7-1ebb-425e-bf64-a3fad11309c8,2523,Please provide shipment tracking updates.,order_tracking,"To track your shipment, please go to My Account > Shipping > Track Package. Enter your tracking ID for more details."
08053e8d-a276-4fe8-b366-779af0c26cd9,5157,Can you show me tracking details for my order?,order_tracking,"To track your shipment, please go to My Account > Shipping > Track Package. Enter your tracking ID for more details."
6a1451ec-08f0-4406-bb9c-448fae2104ad,6994,Please cancel my recent purchase.,cancel_order,"To cancel your order, please go to Settings > Orders > Cancel Order. After selecting the order, confirm the cancellation. If you face any issues, let me know."
a26b1949-f5ae-46f8-a61b-d01c6f5409e9,1872,Please guide me to initiate a refund.,demand_refund,"Refund requests can be placed through My Account > Refunds > Initiate. Select your order, choose 'Request Refund', and submit your reason."
4122b93e-ed7c-4043-98f4-38c552091960,7654,Please guide me to initiate a refund.,demand_refund,"To get a refund, please visit Settings > Orders > Refund Order. Choose the respective order and complete the refund form."
aa008403-d49d-4a9a-b0fa-56ce0fbd464f,8927,Has my order been shipped yet?,order_status,You can check your order status by going to Orders > Select Order > View Status. It will display the current progress of your order.
ff53a335-5796-4992-b1ea-25f402c95868,7874,How can I leave a review for my order?,review_order,"To review your order, head over to My Account > Reviews > Write Review. Select the order and leave your feedback."
fe72462b-8364-4bec-89c0-eeaa537f56f6,5847,Can I rate the product I bought?,review_order,"You can add a review by navigating to Purchases > Feedback > Review Order. Once there, you’ll be able to write and submit your review."
7ef0ccd2-5bb8-4041-8d0c-23967cfc1b1a,3330,I want to complain about a product.,submit_complaint,"To submit a complaint, please visit Help Center > Complaints > File Issue. Provide your order details and a description of the issue."
c3af4223-d6b8-40d6-9809-802fd1af5963,7157,Please transfer me to a representative.,talk_to_human,I’ll connect you with a support agent shortly. Please hold on.
1b0c9448-9480-460f-a120-173cb25ca8a7,6255,There’s a billing issue with my purchase.,payment_issue,"For payment issues, navigate to My Account > Billing > Payment Help. You will find tools to resolve failed or pending transactions."
a50dee66-fd81-41de-92a8-782c29f3068c,6430,Where do I write a review for my last order?,review_order,"You can add a review by navigating to Purchases > Feedback > Review Order. Once there, you’ll be able to write and submit your review."
a02e6c97-ce3c-49a9-b390-40ce5713b59f,6126,Where do I go to raise a complaint?,submit_complaint,"You can report a problem by going to Help Center > Complaints > File Issue. Fill in the complaint form, and our team will review it shortly."
ec3a5e8c-eb86-4047-863f-43389ca94cc0,1709,Please help me submit a problem report.,submit_complaint,"You can report a problem by going to Settings > Support > Submit Complaint. Fill in the complaint form, and our team will review it shortly."
3718ae5e-56a5-4f50-b909-d08f9ac3befa,8251,Good morning!,greeting,Hi! Welcome back. What can I help you with?
0fcf38ec-ae3c-426a-80ce-e19b58b303d7,7056,I need to speak to a human agent.,talk_to_human,I’ll connect you with a support agent shortly. Please hold on.
a2d1878f-baff-4254-8b1f-ace7efafd8bb,6842,What’s the current status of my order?,order_status,Head over to My Account > Purchases > Track Progress to see where your order is in the fulfillment process.
c0290ba0-1dc4-44f7-8a32-0969205ee7b0,9387,I want to cancel my last order.,cancel_order,"To cancel your order, please go to My Account > Purchases > Cancel. After selecting the order, confirm the cancellation. If you face any issues, let me know."
3bf3d79e-a3eb-431e-bd27-b0b7cbf08a2f,5628,How can I leave a review for my order?,review_order,"To review your order, head over to My Account > Reviews > Write Review. Select the order and leave your feedback."
b6e45e3a-1abf-47fd-b8bd-31023a4c24d9,8006,I need help with a failed transaction.,payment_issue,"For payment issues, navigate to Profile > Wallet > Payment Issues. You will find tools to resolve failed or pending transactions."
bc956810-665b-4643-850e-88519ad2510a,8197,Hi there!,greeting,Hi! Welcome back. What can I help you with?
0e8a111a-d72a-49b2-babc-ec3df5cad102,2057,There’s a billing issue with my purchase.,payment_issue,"For payment issues, navigate to My Account > Billing > Payment Help. You will find tools to resolve failed or pending transactions."
9fea4f2c-434f-46b4-82f2-dc812bf6ff4c,3889,How do I request money back for my purchase?,demand_refund,"Refund requests can be placed through Profile > Order History > Request Refund. Select your order, choose 'Request Refund', and submit your reason."
076c0c0e-fd9b-4b5f-8403-6e0dd4df346c,9272,Tell me a joke.,out_of_scope,This seems outside my current support scope. Please check our help center for more information.
79c6fb50-a4d5-46c6-8961-c52b6d127973,5124,Where is my delivery right now?,order_tracking,"To track your shipment, please go to Orders > Track Shipment. Enter your tracking ID for more details."
ab34afa8-e491-4058-8d8d-fcf2d0aab746,2117,Can I rate the product I bought?,review_order,"To review your order, head over to My Account > Reviews > Write Review. Select the order and leave your feedback."
761b6083-e1d1-403b-8722-dbd90a769a98,9779,Where can I request a refund?,demand_refund,"Refund requests can be placed through Profile > Order History > Request Refund. Select your order, choose 'Request Refund', and submit your reason."
3c5c8848-09de-4079-898b-db0987cdc5bc,6473,I need a refund on my last order.,demand_refund,"To get a refund, please visit Profile > Order History > Request Refund. Choose the respective order and complete the refund form."
918e8182-f8cc-4817-b40d-34c03ef89d78,8159,Can you show me tracking details for my order?,order_tracking,"To track your shipment, please go to My Account > Shipping > Track Package. Enter your tracking ID for more details."
874cb0ef-19b1-4809-88ee-7b7facaef072,9353,There’s a billing issue with my purchase.,payment_issue,"For payment issues, navigate to Settings > Payments > Resolve Issue. You will find tools to resolve failed or pending transactions."
31113ff1-338a-4735-8417-9a65c1e2ac6d,3470,Catch you later.,goodbye,Thank you for reaching out! Have a great day.
5df2c6aa-513a-4080-910a-48093023a295,1281,Goodbye!,goodbye,Thank you for reaching out! Have a great day.
e4e53bd7-60c8-4c4b-88c9-9809c73bd846,2823,Please cancel my recent purchase.,cancel_order,"To cancel your order, please go to Profile > Order History > Cancel Order. After selecting the order, confirm the cancellation. If you face any issues, let me know."
30090963-f252-44be-98a2-86b9f22da829,4931,"My payment is pending, what should I do?",payment_issue,You can manage and fix your payment issues at Profile > Wallet > Payment Issues. Select the relevant transaction to proceed.
7854f034-aed9-496b-a3d9-a9b0cd8a373b,7916,Can you write me an essay?,out_of_scope,This seems outside my current support scope. Please check our help center for more information.
a8e48434-8b0a-4733-bbc7-0c6ea4dbc166,2259,Tell me a joke.,out_of_scope,This seems outside my current support scope. Please check our help center for more information.
7300e7a7-9a1e-493a-85ca-021236c088c0,3024,Where do I write a review for my last order?,review_order,"You can add a review by navigating to Orders > Select Order > Leave Review. Once there, you’ll be able to write and submit your review."
e8f40534-e406-4490-9e44-59562dd9bf03,1712,"My payment is pending, what should I do?",payment_issue,"For payment issues, navigate to My Account > Billing > Payment Help. You will find tools to resolve failed or pending transactions."
8732a630-1864-45ac-b2b3-94e1615a501e,5769,I need help with a failed transaction.,payment_issue,"For payment issues, navigate to Profile > Wallet > Payment Issues. You will find tools to resolve failed or pending transactions."
95b0bd5b-ceab-47ec-9503-159f021b5300,8303,I need a refund on my last order.,demand_refund,"To get a refund, please visit Settings > Orders > Refund Order. Choose the respective order and complete the refund form."
fe05b880-9ae0-4746-b0c3-f6873dd0d30e,6290,What’s the weather like today?,out_of_scope,This seems outside my current support scope. Please check our help center for more information.
6b0f4958-9581-4ff6-b5a5-c78d6ad0d9ad,7293,Catch you later.,goodbye,Thank you for reaching out! Have a great day.
80a60235-2520-491d-8c35-779ac7f6e362,5009,Where do I go to raise a complaint?,submit_complaint,"You can report a problem by going to Settings > Support > Submit Complaint. Fill in the complaint form, and our team will review it shortly."
db59c3f8-8546-407b-9bd1-b22b33e28bcb,9244,Please cancel my recent purchase.,cancel_order,"To cancel your order, please go to Profile > Order History > Cancel Order. After selecting the order, confirm the cancellation. If you face any issues, let me know."
a8e17041-7fef-448e-8c67-1faf60341323,1511,Can you write me an essay?,out_of_scope,"I’m sorry, but I can’t help with that request. Could you please rephrase or ask something else?"
640157a7-8698-45a9-a94d-07dad54831e8,5113,Can I rate the product I bought?,review_order,"You can add a review by navigating to Orders > Select Order > Leave Review. Once there, you’ll be able to write and submit your review."
49c2558e-3cc1-4890-8983-5abb69c83ecc,9121,I want to cancel my last order.,cancel_order,You can cancel by navigating to Profile > Order History > Cancel Order. Choose the order you wish to cancel and follow the prompts.
6473add1-941b-4f48-ab86-14ecdecc075d,7428,Can you show me tracking details for my order?,order_tracking,Tracking details are available under My Account > Shipping > Track Package. It will show you real-time updates about your package location.
ab84d9c7-49a9-43f6-9d5f-6db3b86665a7,4449,Who won the football game yesterday?,out_of_scope,"I’m sorry, but I can’t help with that request. Could you please rephrase or ask something else?"
4648195b-3546-4373-86d5-13bce02d192d,6048,Can you write me an essay?,out_of_scope,"I’m sorry, but I can’t help with that request. Could you please rephrase or ask something else?"
d198ee32-5f3f-4706-8bc9-02befd89ff88,2314,Can you show me tracking details for my order?,order_tracking,"To track your shipment, please go to My Account > Shipping > Track Package. Enter your tracking ID for more details."
792cfa50-3112-4755-a521-145e0183677d,3013,Please provide shipment tracking updates.,order_tracking,Tracking details are available under Purchases > Delivery > Tracking Info. It will show you real-time updates about your package location.
df0f1738-4d2c-4a56-b7c9-193d8b5ffa4e,1053,"Thanks, bye!",goodbye,Goodbye! I hope I was able to help you today.
06a937c3-00c1-463b-ae4e-81bf6d04e9da,8488,Help me post a review for my completed purchase.,review_order,"You can add a review by navigating to Purchases > Feedback > Review Order. Once there, you’ll be able to write and submit your review."
f769b3c2-47b5-41a8-856d-ae4d7b6b20b8,9754,I want to complain about a product.,submit_complaint,"To submit a complaint, please visit Settings > Support > Submit Complaint. Provide your order details and a description of the issue."
0db182a6-736a-4df1-8e4d-5df71dd37878,8277,How do I file a complaint?,submit_complaint,"You can report a problem by going to Help Center > Complaints > File Issue. Fill in the complaint form, and our team will review it shortly."
e71d75f4-8fbf-42fd-a0d7-1fa4c3de1d5a,7519,What’s 2+2?,out_of_scope,This seems outside my current support scope. Please check our help center for more information.
33e1eb97-3838-4f90-b8db-6caa08f63b3e,6109,Please provide shipment tracking updates.,order_tracking,Tracking details are available under Purchases > Delivery > Tracking Info. It will show you real-time updates about your package location.
b345e2e5-7846-478d-9ab3-a6f5a8e5e27c,2375,There’s an issue I need to report.,submit_complaint,"To submit a complaint, please visit Profile > Feedback > Report Problem. Provide your order details and a description of the issue."
e66b92c0-1435-4b07-ae7e-fd4a2e84d13e,5087,My payment didn’t go through.,payment_issue,"For payment issues, navigate to Settings > Payments > Resolve Issue. You will find tools to resolve failed or pending transactions."
f916b800-2793-4964-85f5-f007bec6295d,7205,"I’m done, thanks.",goodbye,Goodbye! I hope I was able to help you today.
e0700a03-f9fc-4060-b372-91948e8aa8b6,6810,I want to cancel my last order.,cancel_order,"To cancel your order, please go to My Account > Purchases > Cancel. After selecting the order, confirm the cancellation. If you face any issues, let me know."
868c6224-3c7d-452b-a090-d1d2a2925ea6,3301,Hi there!,greeting,Hi! Welcome back. What can I help you with?
e6297e98-c390-4a60-a071-e4108aa733c4,5782,Can I rate the product I bought?,review_order,"To review your order, head over to Orders > Select Order > Leave Review. Select the order and leave your feedback."
5aa9c344-335a-48cc-ad3d-44907ed6a7dc,4740,What’s 2+2?,out_of_scope,"I’m sorry, but I can’t help with that request. Could you please rephrase or ask something else?"
4bec3308-bbe9-4e41-9592-f5f192a8244d,1654,Track my shipment please.,order_tracking,"To track your shipment, please go to Purchases > Delivery > Tracking Info. Enter your tracking ID for more details."
3b71d021-1800-4355-aefe-e490bd2f2d5d,2101,Tell me a joke.,out_of_scope,This seems outside my current support scope. Please check our help center for more information.
6168c52e-0dcf-4427-96e5-7ef3e3abfe7d,3265,Where can I request a refund?,demand_refund,"To get a refund, please visit Settings > Orders > Refund Order. Choose the respective order and complete the refund form."
f9fe7509-5f1d-4841-bc93-0f845edcd0a6,1549,I need a refund on my last order.,demand_refund,"To get a refund, please visit My Account > Refunds > Initiate. Choose the respective order and complete the refund form."
164a4f57-2bbc-44ff-b210-9d6bc6489a52,3652,"Hi, I need some help.",greeting,Hello there! How can I assist you with your orders today?
4287d4d0-59f7-4097-8083-0aea23788c65,9371,Hi there!,greeting,Hello there! How can I assist you with your orders today?
473886af-7415-4252-b90b-803fda849302,2269,"My payment is pending, what should I do?",payment_issue,You can manage and fix your payment issues at Settings > Payments > Resolve Issue. Select the relevant transaction to proceed.
d2012468-eee3-4ee2-9b97-5af47a20752c,3443,How do I request money back for my purchase?,demand_refund,"To get a refund, please visit Settings > Orders > Refund Order. Choose the respective order and complete the refund form."
feff8e91-955b-420f-b7da-1891fa8bf4ab,6111,I need help with a failed transaction.,payment_issue,You can manage and fix your payment issues at Settings > Payments > Resolve Issue. Select the relevant transaction to proceed.
fa0ce4e3-3f98-4d49-9c9f-decfe8682149,7817,There’s a billing issue with my purchase.,payment_issue,You can manage and fix your payment issues at Settings > Payments > Resolve Issue. Select the relevant transaction to proceed.
20431f2f-3354-4e5e-8241-f2dc2c9371e0,7511,"My payment is pending, what should I do?",payment_issue,"For payment issues, navigate to Settings > Payments > Resolve Issue. You will find tools to resolve failed or pending transactions."
bf38c693-9e10-4fc9-ab7c-ddb00726b64b,6744,Can you help me undo an order I placed?,cancel_order,You can cancel by navigating to My Account > Purchases > Cancel. Choose the order you wish to cancel and follow the prompts.
7b5d8c4e-132b-45c4-9673-53e5fb245dc3,8355,I want to talk to a real person.,talk_to_human,"Sure, let me transfer you to one of our human representatives right away."
534da834-7522-4446-b0c9-76f6b58a6718,7231,Why was my card declined?,payment_issue,"For payment issues, navigate to Settings > Payments > Resolve Issue. You will find tools to resolve failed or pending transactions."
eecae461-a0e6-480c-a42d-5aba7a1a9d07,8991,How can I leave a review for my order?,review_order,"You can add a review by navigating to My Account > Reviews > Write Review. Once there, you’ll be able to write and submit your review."
ca323066-3f13-4a6e-afd4-6eaf408de426,4541,Tell me a joke.,out_of_scope,"I’m sorry, but I can’t help with that request. Could you please rephrase or ask something else?"
f3bd244e-7969-4453-bf16-46aa02da76f9,8540,How do I request money back for my purchase?,demand_refund,"Refund requests can be placed through Settings > Orders > Refund Order. Select your order, choose 'Request Refund', and submit your reason."
c625109b-add7-4405-aba5-30817a842c2a,1052,Can I rate the product I bought?,review_order,"You can add a review by navigating to Purchases > Feedback > Review Order. Once there, you’ll be able to write and submit your review."
ba6d3cbf-27cf-4c8e-a752-a8302f007d19,6345,Has my order been shipped yet?,order_status,You can check your order status by going to Profile > Orders > Check Status. It will display the current progress of your order.
d094857f-9c7f-4cef-a7e3-cd699bcb6c11,5465,Can I rate the product I bought?,review_order,"You can add a review by navigating to Purchases > Feedback > Review Order. Once there, you’ll be able to write and submit your review."
05e3e6d1-5090-4d66-a257-eaaa9cc4e7ab,8597,Please provide shipment tracking updates.,order_tracking,Tracking details are available under Purchases > Delivery > Tracking Info. It will show you real-time updates about your package location.
138d87eb-288c-4e4d-8cac-e077e8b772bc,4727,Has my order been shipped yet?,order_status,Head over to My Account > Purchases > Track Progress to see where your order is in the fulfillment process.
d7d3913f-7f63-4972-b0fc-4ff6e68491cd,1598,Can I chat with someone from support?,talk_to_human,I’ll connect you with a support agent shortly. Please hold on.
0fad9543-ad9f-437e-a66e-9dbe21648b9a,5802,Tell me the progress of my recent order.,order_status,You can check your order status by going to My Account > Purchases > Track Progress. It will display the current progress of your order.
7fced7d4-59d0-4451-9b1f-afd13154ed1e,3976,Why was my card declined?,payment_issue,You can manage and fix your payment issues at Settings > Payments > Resolve Issue. Select the relevant transaction to proceed.
0e6cffe6-5b3f-4f70-9deb-dd231336f1a1,7526,Is there a way to stop processing on my order?,cancel_order,You can cancel by navigating to Settings > Orders > Cancel Order. Choose the order you wish to cancel and follow the prompts.
ecf148f1-ba10-4940-ba78-c1afe27bf044,6802,"Hi, I need some help.",greeting,Hello there! How can I assist you with your orders today?
16086df4-d5e3-4448-b2e7-6d72c4b92734,1283,There’s an issue I need to report.,submit_complaint,"To submit a complaint, please visit Profile > Feedback > Report Problem. Provide your order details and a description of the issue."
aa8db7dd-03ba-4dd4-ace6-9e3b601bea72,1596,How do I request money back for my purchase?,demand_refund,"Refund requests can be placed through Settings > Orders > Refund Order. Select your order, choose 'Request Refund', and submit your reason."
c204d860-d5e7-4b05-8897-58268c740764,1976,I want to complain about a product.,submit_complaint,"You can report a problem by going to Profile > Feedback > Report Problem. Fill in the complaint form, and our team will review it shortly."
f0e146cb-e48c-444b-83ab-7b887f1b3cbf,1639,How do I file a complaint?,submit_complaint,"To submit a complaint, please visit Profile > Feedback > Report Problem. Provide your order details and a description of the issue."
067483b3-a747-4cab-be6e-624fe43419fb,4170,Please transfer me to a representative.,talk_to_human,"Sure, let me transfer you to one of our human representatives right away."
d3677b53-fe10-414f-a4a2-9a6dce490c77,6827,"Thanks, bye!",goodbye,Goodbye! I hope I was able to help you today.
b49f4db1-ff4f-4c01-96f9-373d5689c718,2358,There’s a billing issue with my purchase.,payment_issue,"For payment issues, navigate to My Account > Billing > Payment Help. You will find tools to resolve failed or pending transactions."
1c405a72-1192-430b-a89b-7bb5536ecb0a,8312,Please help me submit a problem report.,submit_complaint,"To submit a complaint, please visit Settings > Support > Submit Complaint. Provide your order details and a description of the issue."
f938399c-5fa6-4635-a743-5e7b9aee920c,2287,I want to cancel my last order.,cancel_order,"To cancel your order, please go to Profile > Order History > Cancel Order. After selecting the order, confirm the cancellation. If you face any issues, let me know."
b320b7ff-279f-4f6d-8ff4-982de304ccee,4662,Who won the football game yesterday?,out_of_scope,This seems outside my current support scope. Please check our help center for more information.
96397ff6-66af-4bc5-8145-616ab56a4479,3282,There’s a billing issue with my purchase.,payment_issue,You can manage and fix your payment issues at Settings > Payments > Resolve Issue. Select the relevant transaction to proceed.
e698236d-1c55-48a7-bff8-5fa317499354,6679,Where can I request a refund?,demand_refund,"To get a refund, please visit My Account > Refunds > Initiate. Choose the respective order and complete the refund form."
dd90bfb4-c62b-4fc7-a9dd-ce380e4fc8ba,5833,Where is my delivery right now?,order_tracking,Tracking details are available under Purchases > Delivery > Tracking Info. It will show you real-time updates about your package location.
b309ea89-7d69-4983-9d6a-c70ab13228b8,6110,Hi there!,greeting,Hello there! How can I assist you with your orders today?
1c570fd6-f2a1-4747-91ac-04c1d45a867d,2464,"I’m done, thanks.",goodbye,Thank you for reaching out! Have a great day.
2c0e90f5-6c81-4265-b7fc-26cf3e99c6b2,5170,There’s a billing issue with my purchase.,payment_issue,"For payment issues, navigate to My Account > Billing > Payment Help. You will find tools to resolve failed or pending transactions."
ffb7e5ed-eb90-4d50-88de-3eac36da5473,8940,How do I file a complaint?,submit_complaint,"To submit a complaint, please visit Settings > Support > Submit Complaint. Provide your order details and a description of the issue."
4457dc09-2b0e-446a-b1e3-2980c529264c,7634,I need to speak to a human agent.,talk_to_human,I’ll connect you with a support agent shortly. Please hold on.
4e8e16ac-a515-4abd-b406-74fea9fe2ebd,4236,Goodbye!,goodbye,Goodbye! I hope I was able to help you today.
4ecc72f5-1dc5-4bf9-afca-997635ce6804,7235,I need help with a failed transaction.,payment_issue,"For payment issues, navigate to Profile > Wallet > Payment Issues. You will find tools to resolve failed or pending transactions."
e61ddee0-f4c3-4a8b-8eb1-10975698d7ee,1327,Where do I go to cancel an order?,cancel_order,You can cancel by navigating to Settings > Orders > Cancel Order. Choose the order you wish to cancel and follow the prompts.
e71f7cad-4af4-481c-8532-f069b73ff34c,2845,Why was my card declined?,payment_issue,You can manage and fix your payment issues at My Account > Billing > Payment Help. Select the relevant transaction to proceed.
0e681ed6-48a4-4ad3-af23-986c536083a2,9234,Why was my card declined?,payment_issue,"For payment issues, navigate to My Account > Billing > Payment Help. You will find tools to resolve failed or pending transactions."
bad69bfd-07ff-4333-b8c0-e3dd5c76f138,3288,Where can I request a refund?,demand_refund,"Refund requests can be placed through My Account > Refunds > Initiate. Select your order, choose 'Request Refund', and submit your reason."
684e191c-afed-400b-9f71-6b82b8114f14,3926,I want to talk to a real person.,talk_to_human,I’ll connect you with a support agent shortly. Please hold on.
1a77e01d-5fba-4238-a067-92c87a2f8fc3,3049,Track my shipment please.,order_tracking,"To track your shipment, please go to Orders > Track Shipment. Enter your tracking ID for more details."
8afe3304-9829-4c3b-8d7a-48ab6adb717e,2818,There’s an issue I need to report.,submit_complaint,"To submit a complaint, please visit Help Center > Complaints > File Issue. Provide your order details and a description of the issue."
345b9214-acdc-405a-95d5-93c8e6034737,3987,Has my order been shipped yet?,order_status,You can check your order status by going to Orders > Select Order > View Status. It will display the current progress of your order.
cddf06e0-2466-4540-a743-b2dfc580300c,8306,Why was my card declined?,payment_issue,You can manage and fix your payment issues at My Account > Billing > Payment Help. Select the relevant transaction to proceed.
49516717-741a-47d6-ad02-cd404da9c75d,4953,"Thanks, bye!",goodbye,Goodbye! I hope I was able to help you today.
42dc8a4f-c101-454a-873d-c23e42360308,1286,I need help with a failed transaction.,payment_issue,You can manage and fix your payment issues at Settings > Payments > Resolve Issue. Select the relevant transaction to proceed.
8cf13a14-c2e6-4344-81ea-2626610d784a,3181,Help me post a review for my completed purchase.,review_order,"To review your order, head over to My Account > Reviews > Write Review. Select the order and leave your feedback."
1d9cc64b-56d9-466e-b814-ea83430688c4,8981,Goodbye!,goodbye,Thank you for reaching out! Have a great day.
b03f2c24-8e91-480c-a062-98ebd4e962c8,6142,Help me post a review for my completed purchase.,review_order,"To review your order, head over to My Account > Reviews > Write Review. Select the order and leave your feedback."
d84228cf-f730-4dce-a967-0708cd11974e,9568,Can you tell me the refund steps?,demand_refund,"Refund requests can be placed through Settings > Orders > Refund Order. Select your order, choose 'Request Refund', and submit your reason."
0b35397d-b69b-47e0-a79e-41d693a1ce96,9987,Can you show me tracking details for my order?,order_tracking,"To track your shipment, please go to My Account > Shipping > Track Package. Enter your tracking ID for more details."
e20acd23-9627-4ac1-8db3-cecb9e763179,7254,Where do I write a review for my last order?,review_order,"You can add a review by navigating to Orders > Select Order > Leave Review. Once there, you’ll be able to write and submit your review."
86e098fc-f888-4626-9a47-dab104402f70,4618,I want to share feedback about my purchase.,review_order,"To review your order, head over to Purchases > Feedback > Review Order. Select the order and leave your feedback."
5346ad56-9972-4990-9563-19631f0b383a,2169,Can I rate the product I bought?,review_order,"To review your order, head over to Purchases > Feedback > Review Order. Select the order and leave your feedback."
1a23a986-7595-4d0b-9c1d-4fbbc04f6750,2767,Tell me the progress of my recent order.,order_status,Head over to My Account > Purchases > Track Progress to see where your order is in the fulfillment process.
98ffffe7-4cd8-4c6a-b478-a294fd4e476a,1853,Can you tell me the refund steps?,demand_refund,"To get a refund, please visit Settings > Orders > Refund Order. Choose the respective order and complete the refund form."
ba260630-610d-4193-acf9-c400ed78a468,2219,Has my order been shipped yet?,order_status,Head over to Profile > Orders > Check Status to see where your order is in the fulfillment process.
b3e381cd-54bf-4342-aebb-320c9f6a2bbd,6308,I need to speak to a human agent.,talk_to_human,"Sure, let me transfer you to one of our human representatives right away."
57b0f331-1908-44a0-a98c-f9d2466e311d,3502,"Hey, how are you?",greeting,Hi! Welcome back. What can I help you with?
0f37791f-0667-4cd7-8dad-8cc971a7a45a,6131,I need the courier information for my order.,order_tracking,"To track your shipment, please go to Purchases > Delivery > Tracking Info. Enter your tracking ID for more details."
ab7c3a4d-130a-4063-8765-d127316d087d,4304,Where can I request a refund?,demand_refund,"To get a refund, please visit My Account > Refunds > Initiate. Choose the respective order and complete the refund form."
ae041f2b-f69f-44dd-bb76-ba9b243c99d5,4986,How do I request money back for my purchase?,demand_refund,"To get a refund, please visit Profile > Order History > Request Refund. Choose the respective order and complete the refund form."
3ac9ee28-5648-40fc-b13a-715f70ee111d,1466,Can you tell me the refund steps?,demand_refund,"Refund requests can be placed through Profile > Order History > Request Refund. Select your order, choose 'Request Refund', and submit your reason."
3adc1abb-6cf8-4cc9-904b-56003de0da4f,5062,Hi there!,greeting,Hello there! How can I assist you with your orders today?
0f2aff3b-fb53-4921-af46-21a214d04728,7954,Where is my order in the process?,order_status,Head over to My Account > Purchases > Track Progress to see where your order is in the fulfillment process.
5a5dad36-1d89-42b5-a4e0-65ff71f3eae8,9466,Track my shipment please.,order_tracking,Tracking details are available under Purchases > Delivery > Tracking Info. It will show you real-time updates about your package location.
df5490da-7227-46fa-a5b5-00fb0ee85515,7392,What’s 2+2?,out_of_scope,This seems outside my current support scope. Please check our help center for more information.
cd429b72-1705-4b1b-91db-814ebe1b8530,3248,I want to share feedback about my purchase.,review_order,"To review your order, head over to Purchases > Feedback > Review Order. Select the order and leave your feedback."
6b43c610-9811-4d88-b588-47f8b7125891,2455,What’s the weather like today?,out_of_scope,This seems outside my current support scope. Please check our help center for more information.
8aa9a1e9-871a-4640-a806-63fcf0eddc98,9632,Where is my delivery right now?,order_tracking,"To track your shipment, please go to My Account > Shipping > Track Package. Enter your tracking ID for more details."
01a8d69e-d597-43f0-b663-c304bb6bf12c,1787,Can you help me undo an order I placed?,cancel_order,"To cancel your order, please go to My Account > Purchases > Cancel. After selecting the order, confirm the cancellation. If you face any issues, let me know."
2e5ad9b6-bd0d-42eb-922c-0c05c26701c0,5181,Can you tell me the refund steps?,demand_refund,"Refund requests can be placed through My Account > Refunds > Initiate. Select your order, choose 'Request Refund', and submit your reason."
fd82d0af-6f1b-4f23-88d3-6ab001018dbd,1598,How do I check if my order is confirmed?,order_status,Head over to Orders > Select Order > View Status to see where your order is in the fulfillment process.
d8f0c526-814b-484a-838b-382ae3c9f37f,7577,Good morning!,greeting,Hi! Welcome back. What can I help you with?
294c510c-5717-480a-99ed-6dc97f00f9fb,9917,"Hi, I need some help.",greeting,Hello there! How can I assist you with your orders today?
ca7f6a37-d19c-40c2-9ade-e8089e27408e,2876,I need the courier information for my order.,order_tracking,Tracking details are available under Purchases > Delivery > Tracking Info. It will show you real-time updates about your package location.
c89b64e0-08ad-4889-bfc5-a6b891abd167,9102,I need a refund on my last order.,demand_refund,"To get a refund, please visit My Account > Refunds > Initiate. Choose the respective order and complete the refund form."
13ea132e-24f6-465d-879d-70da4d53bb3a,3487,I want to share feedback about my purchase.,review_order,"To review your order, head over to Purchases > Feedback > Review Order. Select the order and leave your feedback."
275b9314-799f-4109-be9f-503d545ad025,1077,Good morning!,greeting,Hello there! How can I assist you with your orders today?
24c7f73a-3e11-4a6c-9044-1cc741be7d5b,2567,Can you write me an essay?,out_of_scope,"I’m sorry, but I can’t help with that request. Could you please rephrase or ask something else?"
254d23c8-175d-41d4-9ab0-98b9ecec9248,9030,Please provide shipment tracking updates.,order_tracking,"To track your shipment, please go to Orders > Track Shipment. Enter your tracking ID for more details."
8f362621-5bf1-4c5e-9075-2fb49d5b90d4,7351,My payment didn’t go through.,payment_issue,You can manage and fix your payment issues at Profile > Wallet > Payment Issues. Select the relevant transaction to proceed.
c13f2141-b979-4d44-9405-c0ac3564dce9,4055,I need to speak to a human agent.,talk_to_human,I’ll connect you with a support agent shortly. Please hold on.
6e323659-689d-4f94-a53e-2dbc4bf56830,2597,What’s the current status of my order?,order_status,You can check your order status by going to Orders > Select Order > View Status. It will display the current progress of your order.
69cc45d3-0ca8-4236-a787-be62e145f5c1,8790,Please provide shipment tracking updates.,order_tracking,Tracking details are available under Purchases > Delivery > Tracking Info. It will show you real-time updates about your package location.
4a3b9913-7b76-4b04-b151-928226b5ca23,8231,What’s the weather like today?,out_of_scope,This seems outside my current support scope. Please check our help center for more information.
54c5adfc-a26b-404c-bb15-4808108d93a7,7830,Please guide me to initiate a refund.,demand_refund,"To get a refund, please visit Profile > Order History > Request Refund. Choose the respective order and complete the refund form."
9d73742f-f0ab-4dd7-93fa-6affa6a3cfae,7253,I want to complain about a product.,submit_complaint,"To submit a complaint, please visit Help Center > Complaints > File Issue. Provide your order details and a description of the issue."
be32e8ed-dc6b-45e7-883a-ce6b145070bd,1379,Hi there!,greeting,Hi! Welcome back. What can I help you with?
b536cef1-c155-4b6d-9fa1-4613e39d74b6,3584,There’s a billing issue with my purchase.,payment_issue,"For payment issues, navigate to Settings > Payments > Resolve Issue. You will find tools to resolve failed or pending transactions."
a5ccf49e-01a6-491f-a965-8218bf7fecd5,6877,My payment didn’t go through.,payment_issue,You can manage and fix your payment issues at My Account > Billing > Payment Help. Select the relevant transaction to proceed.
fe877440-dc8f-49ae-b667-69f301f43ea6,3271,Where do I write a review for my last order?,review_order,"You can add a review by navigating to My Account > Reviews > Write Review. Once there, you’ll be able to write and submit your review."
5d71ee47-3867-481a-9705-34fda2c90ae8,6090,Please cancel my recent purchase.,cancel_order,You can cancel by navigating to My Account > Purchases > Cancel. Choose the order you wish to cancel and follow the prompts.
8b53f30d-5f36-4b61-8d2d-20a072a6ce5d,9027,Can you show me tracking details for my order?,order_tracking,Tracking details are available under Orders > Track Shipment. It will show you real-time updates about your package location.
914984c2-6883-4ab7-8b38-d2f7e6e53168,5732,Can you connect me to support staff?,talk_to_human,I’ll connect you with a support agent shortly. Please hold on.
3bb2cfba-fb63-4bb1-b003-f3f9a60d5e1b,5857,Can I rate the product I bought?,review_order,"To review your order, head over to Orders > Select Order > Leave Review. Select the order and leave your feedback."
3e05943e-7010-4879-a999-509fb06a48bb,3979,Why was my card declined?,payment_issue,"For payment issues, navigate to Profile > Wallet > Payment Issues. You will find tools to resolve failed or pending transactions."
ad2e447c-65b8-47b4-a926-cc5fa9197477,9664,"Hey, how are you?",greeting,Hello there! How can I assist you with your orders today?
b317e1a7-a11c-4173-9e2d-544e531b5e5a,3003,"Hi, I need some help.",greeting,Hello there! How can I assist you with your orders today?
7859038a-a173-4cd0-bdd5-fea9422d5434,5222,How can I leave a review for my order?,review_order,"To review your order, head over to Orders > Select Order > Leave Review. Select the order and leave your feedback."
b775c622-068f-4c96-b2b7-785ca3620049,5659,Hello!,greeting,Hello there! How can I assist you with your orders today?
0466fb90-6f57-426d-bd63-aba75115fd9b,5189,Why was my card declined?,payment_issue,You can manage and fix your payment issues at Profile > Wallet > Payment Issues. Select the relevant transaction to proceed.
f53bc88f-3795-42ac-81cf-fb00009ddf7d,5047,Where is my delivery right now?,order_tracking,Tracking details are available under Orders > Track Shipment. It will show you real-time updates about your package location.
1aff7d15-9201-4a9e-bbb5-589771d1f24d,2201,Can you connect me to support staff?,talk_to_human,"Sure, let me transfer you to one of our human representatives right away."
d17c2aa2-1bc0-4002-a287-f0a85ab77b9e,6123,Goodbye!,goodbye,Thank you for reaching out! Have a great day.
507d1219-9b60-4d51-ad07-f701fb496e4e,8676,Track my shipment please.,order_tracking,"To track your shipment, please go to Orders > Track Shipment. Enter your tracking ID for more details."
25032b3b-9d3a-48dc-8342-2c755805fc52,4253,Track my shipment please.,order_tracking,Tracking details are available under My Account > Shipping > Track Package. It will show you real-time updates about your package location.
6df1b6db-d10a-40ba-94a0-056fcaaf7375,7390,Can you write me an essay?,out_of_scope,This seems outside my current support scope. Please check our help center for more information.
0d2115a6-fd07-4aa4-bda6-68d631721fcc,6482,Please guide me to initiate a refund.,demand_refund,"Refund requests can be placed through Settings > Orders > Refund Order. Select your order, choose 'Request Refund', and submit your reason."
0d7f9d6b-f35c-4591-8424-5c8468d17074,8443,Track my shipment please.,order_tracking,Tracking details are available under My Account > Shipping > Track Package. It will show you real-time updates about your package location.
8d62edd6-00cf-441c-a662-86812159608a,6637,How do I request money back for my purchase?,demand_refund,"Refund requests can be placed through Profile > Order History > Request Refund. Select your order, choose 'Request Refund', and submit your reason."
1262f156-ae7e-4391-b300-dc19705cc4a3,3793,I want to talk to a real person.,talk_to_human,"Sure, let me transfer you to one of our human representatives right away."
ca40b404-8c96-44a5-ba31-e095a18ddd54,5699,Can I chat with someone from support?,talk_to_human,I’ll connect you with a support agent shortly. Please hold on.
188acc64-3eb9-490e-b9d7-c684f58649df,1714,"Thanks, bye!",goodbye,Thank you for reaching out! Have a great day.
ce20929b-67c5-4373-ac04-6168ed36b26e,5480,Can I chat with someone from support?,talk_to_human,I’ll connect you with a support agent shortly. Please hold on.
1c456080-2b3a-40c9-aead-03d6e7377a9d,8921,Where is my delivery right now?,order_tracking,Tracking details are available under My Account > Shipping > Track Package. It will show you real-time updates about your package location.
41a6b666-38a3-4c20-b602-d81a8c77f9b8,8648,Please provide shipment tracking updates.,order_tracking,"To track your shipment, please go to Orders > Track Shipment. Enter your tracking ID for more details."
a2df3990-e5e1-44ec-b3de-507d44180292,7540,How do I request money back for my purchase?,demand_refund,"To get a refund, please visit Settings > Orders > Refund Order. Choose the respective order and complete the refund form."
df92e8c2-ae8c-436c-8b57-db785d47ac7b,1071,Where do I go to cancel an order?,cancel_order,You can cancel by navigating to My Account > Purchases > Cancel. Choose the order you wish to cancel and follow the prompts.
ecc04900-35b5-470a-b98c-6ac1ca2623b6,7014,I need help with a failed transaction.,payment_issue,You can manage and fix your payment issues at Profile > Wallet > Payment Issues. Select the relevant transaction to proceed.
70dab538-4601-4f7c-ba65-800b0aff2c32,2237,Please provide shipment tracking updates.,order_tracking,Tracking details are available under Purchases > Delivery > Tracking Info. It will show you real-time updates about your package location.
7d237630-b838-4614-903e-8c0e3077e588,6574,Help me post a review for my completed purchase.,review_order,"You can add a review by navigating to My Account > Reviews > Write Review. Once there, you’ll be able to write and submit your review."
2125cd58-47bc-4155-a97b-5e38b1403b98,9951,My payment didn’t go through.,payment_issue,You can manage and fix your payment issues at My Account > Billing > Payment Help. Select the relevant transaction to proceed.
19d45068-51bb-444a-b75e-2989d21951bd,8827,Where do I write a review for my last order?,review_order,"To review your order, head over to Purchases > Feedback > Review Order. Select the order and leave your feedback."
78292e88-aa23-4090-b5fe-214c36d2b0bf,4241,Where is my delivery right now?,order_tracking,Tracking details are available under Orders > Track Shipment. It will show you real-time updates about your package location.
5b3c8d19-e102-499c-a8d1-e565af3a704d,2196,What’s the current status of my order?,order_status,You can check your order status by going to Orders > Select Order > View Status. It will display the current progress of your order.
9317f10f-292a-4e7f-aac7-e3315eced949,8473,What’s the current status of my order?,order_status,You can check your order status by going to My Account > Purchases > Track Progress. It will display the current progress of your order.
c2e70851-9d59-4ff2-991d-7280f6a399eb,8755,Where can I request a refund?,demand_refund,"To get a refund, please visit Settings > Orders > Refund Order. Choose the respective order and complete the refund form."
37129890-4add-4a05-ab51-4036825dd8d4,9482,What’s 2+2?,out_of_scope,"I’m sorry, but I can’t help with that request. Could you please rephrase or ask something else?"
4819916b-c984-45ea-989c-2d7f16d186f2,7994,Please cancel my recent purchase.,cancel_order,You can cancel by navigating to Profile > Order History > Cancel Order. Choose the order you wish to cancel and follow the prompts.
23eca690-ca76-433b-ad63-022f8393b842,5444,What’s the weather like today?,out_of_scope,This seems outside my current support scope. Please check our help center for more information.
a477171a-ed9d-4a04-aace-ee296f7752ca,6661,Can you show me tracking details for my order?,order_tracking,Tracking details are available under My Account > Shipping > Track Package. It will show you real-time updates about your package location.
95fc3657-3e31-4292-9d8c-ec1db6301f29,4040,What’s the current status of my order?,order_status,Head over to Orders > Select Order > View Status to see where your order is in the fulfillment process.
e416942c-92c8-4d57-a41d-84aa1677620d,4530,Tell me the progress of my recent order.,order_status,You can check your order status by going to My Account > Purchases > Track Progress. It will display the current progress of your order.
dc82523e-db38-494c-a3a1-ac7e61ac26f3,7147,How do I check if my order is confirmed?,order_status,You can check your order status by going to Profile > Orders > Check Status. It will display the current progress of your order.
b985a767-72bc-49ec-b124-2c8ccc40b1d9,2529,Where do I go to cancel an order?,cancel_order,You can cancel by navigating to My Account > Purchases > Cancel. Choose the order you wish to cancel and follow the prompts.
55969319-2da6-4b74-b17d-7cecfdb1f32e,3687,I want to talk to a real person.,talk_to_human,I’ll connect you with a support agent shortly. Please hold on.
d5c70965-f524-4df5-8a3d-c28a8cfd4dbf,4691,Who won the football game yesterday?,out_of_scope,This seems outside my current support scope. Please check our help center for more information.
434f3d76-0876-4706-9ad1-53e9ca146558,2319,Where is my delivery right now?,order_tracking,Tracking details are available under Purchases > Delivery > Tracking Info. It will show you real-time updates about your package location.
2216b89f-542e-46b4-859f-fcdf4a57f40a,9194,What’s the weather like today?,out_of_scope,This seems outside my current support scope. Please check our help center for more information.
ad5105da-6882-46b4-95c9-776dbc91f47e,3838,Track my shipment please.,order_tracking,"To track your shipment, please go to Orders > Track Shipment. Enter your tracking ID for more details."
9babe7dc-3653-48a0-81fb-ee2d4a8e71fb,1889,Please provide shipment tracking updates.,order_tracking,Tracking details are available under My Account > Shipping > Track Package. It will show you real-time updates about your package location.
ef048331-1d09-4900-8c98-7bebd3e6d5c8,1840,What’s 2+2?,out_of_scope,"I’m sorry, but I can’t help with that request. Could you please rephrase or ask something else?"
eb855669-f90a-4e06-8127-5846e5f91759,8526,Help me post a review for my completed purchase.,review_order,"To review your order, head over to My Account > Reviews > Write Review. Select the order and leave your feedback."
042053a0-f8a7-498c-a104-e29131cd1140,2855,Goodbye!,goodbye,Thank you for reaching out! Have a great day.
9d2a5081-f30e-4ba8-b881-7efb1fdc1f81,2552,"I’m done, thanks.",goodbye,Goodbye! I hope I was able to help you today.
5a468e5d-3bab-4783-b582-a0baaa18ef2f,2449,Tell me the progress of my recent order.,order_status,Head over to Orders > Select Order > View Status to see where your order is in the fulfillment process.
69589f15-ffca-4849-9326-77be709517a3,1203,Where is my delivery right now?,order_tracking,"To track your shipment, please go to My Account > Shipping > Track Package. Enter your tracking ID for more details."
51be612a-70aa-41b7-864c-d7759ca20a5c,7456,What’s the current status of my order?,order_status,You can check your order status by going to My Account > Purchases > Track Progress. It will display the current progress of your order.
c130682f-769a-4cb3-8eb4-236453aa3d62,1162,Please provide shipment tracking updates.,order_tracking,"To track your shipment, please go to Purchases > Delivery > Tracking Info. Enter your tracking ID for more details."
4ad4aed1-3c6c-43ed-9c20-6222b106899e,7372,Where do I go to cancel an order?,cancel_order,"To cancel your order, please go to Profile > Order History > Cancel Order. After selecting the order, confirm the cancellation. If you face any issues, let me know."
b6263422-dc85-4dd3-bf10-cde2cf9bde2e,6856,Please guide me to initiate a refund.,demand_refund,"To get a refund, please visit Profile > Order History > Request Refund. Choose the respective order and complete the refund form."
f32139bc-f48a-4ced-aff3-09f4de555352,8998,Where do I go to raise a complaint?,submit_complaint,"To submit a complaint, please visit Profile > Feedback > Report Problem. Provide your order details and a description of the issue."
490b12e7-5f5f-405c-988a-425bd960fe0f,5429,Can I chat with someone from support?,talk_to_human,"Sure, let me transfer you to one of our human representatives right away."
7952e755-dbae-46f4-a5e8-b440fce0abba,2926,Help me post a review for my completed purchase.,review_order,"To review your order, head over to Orders > Select Order > Leave Review. Select the order and leave your feedback."
cb0a4459-4dc8-4827-95dc-c89d42d18c87,2091,Please provide shipment tracking updates.,order_tracking,Tracking details are available under Purchases > Delivery > Tracking Info. It will show you real-time updates about your package location.
cee39651-8a87-4e5a-9ff0-109df6123428,4304,Where do I write a review for my last order?,review_order,"You can add a review by navigating to Purchases > Feedback > Review Order. Once there, you’ll be able to write and submit your review."
b2105ac1-4f99-4510-aca2-498862ac8ccd,1538,Can you connect me to support staff?,talk_to_human,I’ll connect you with a support agent shortly. Please hold on.
ae410968-42ee-463d-ae08-7516d078a4b8,2298,Please cancel my recent purchase.,cancel_order,"To cancel your order, please go to Profile > Order History > Cancel Order. After selecting the order, confirm the cancellation. If you face any issues, let me know."
78f8b6ef-4018-4883-9533-d03ab32565c0,9696,I want to complain about a product.,submit_complaint,"You can report a problem by going to Settings > Support > Submit Complaint. Fill in the complaint form, and our team will review it shortly."
584a822f-0d50-4e11-b841-55ad60223ff6,7741,"Hey, how are you?",greeting,Hello there! How can I assist you with your orders today?
be379d38-4d10-4033-8595-1c0ce3aeb97c,1455,Please transfer me to a representative.,talk_to_human,"Sure, let me transfer you to one of our human representatives right away."
3ddef24f-5bdf-480b-92e0-8050a0760d09,2503,How do I request money back for my purchase?,demand_refund,"Refund requests can be placed through Profile > Order History > Request Refund. Select your order, choose 'Request Refund', and submit your reason."
410c784f-b064-467d-840b-ccf5a00864cc,9206,Hi there!,greeting,Hello there! How can I assist you with your orders today?
ea66b455-98b8-4c36-8a42-423d67de8213,8692,I want to talk to a real person.,talk_to_human,I’ll connect you with a support agent shortly. Please hold on.
3aadeca2-27c4-4345-ab3d-95be9038c8b2,3661,Why was my card declined?,payment_issue,You can manage and fix your payment issues at Settings > Payments > Resolve Issue. Select the relevant transaction to proceed.
9c12d05a-2ecc-4994-845a-eeb30e7f3453,1322,Catch you later.,goodbye,Thank you for reaching out! Have a great day.
d8915c8a-3c5e-48c5-b2bb-af3f204f1e1e,4188,My payment didn’t go through.,payment_issue,You can manage and fix your payment issues at Profile > Wallet > Payment Issues. Select the relevant transaction to proceed.
fa2b93e5-7eb9-4ce9-a40d-6326ae3fbdcb,8721,Track my shipment please.,order_tracking,"To track your shipment, please go to Purchases > Delivery > Tracking Info. Enter your tracking ID for more details."
0a2018eb-41d6-455b-b448-f4f7615b4a06,8129,What’s the weather like today?,out_of_scope,"I’m sorry, but I can’t help with that request. Could you please rephrase or ask something else?"
3fb6a854-a8f5-4779-88e7-c7ca10752ee9,4803,Who won the football game yesterday?,out_of_scope,This seems outside my current support scope. Please check our help center for more information.
ae703430-5e6f-4eb3-93eb-c922b123fd8c,4669,Can you tell me the refund steps?,demand_refund,"Refund requests can be placed through Profile > Order History > Request Refund. Select your order, choose 'Request Refund', and submit your reason."
92e418a8-3770-4b92-b1b2-290834e447cd,3206,What’s 2+2?,out_of_scope,This seems outside my current support scope. Please check our help center for more information.
ab5a143f-df3d-4720-ab9e-2af37800ae93,1301,Please transfer me to a representative.,talk_to_human,I’ll connect you with a support agent shortly. Please hold on.
c116597a-e5b3-4768-840f-9288949f47b4,7775,"Hi, I need some help.",greeting,Hello there! How can I assist you with your orders today?
a0af2323-dbe6-4c70-8193-5b214a1e8ecb,2558,Where is my order in the process?,order_status,You can check your order status by going to Profile > Orders > Check Status. It will display the current progress of your order.
938f4d77-6075-4af6-a820-753f5285166c,9375,I want to talk to a real person.,talk_to_human,I’ll connect you with a support agent shortly. Please hold on.
282f3830-fcbe-4068-9e3c-97abcabf7bf7,5011,Help me post a review for my completed purchase.,review_order,"You can add a review by navigating to My Account > Reviews > Write Review. Once there, you’ll be able to write and submit your review."
e317fe92-a6fc-4df2-a1f2-7db4c16d93bf,3510,Please cancel my recent purchase.,cancel_order,You can cancel by navigating to Settings > Orders > Cancel Order. Choose the order you wish to cancel and follow the prompts.
7e805283-10b5-4985-90b9-e89877ed2f55,6680,How do I check if my order is confirmed?,order_status,You can check your order status by going to Profile > Orders > Check Status. It will display the current progress of your order.
010840c9-9723-4d94-a369-a3f9d46e08a8,9081,There’s a billing issue with my purchase.,payment_issue,You can manage and fix your payment issues at Profile > Wallet > Payment Issues. Select the relevant transaction to proceed.
0d29351d-62d6-4edf-ad06-15d4c69eeab2,5604,How do I request money back for my purchase?,demand_refund,"Refund requests can be placed through Profile > Order History > Request Refund. Select your order, choose 'Request Refund', and submit your reason."
7328c777-901f-4e42-bf87-6729aff3206e,3971,"Hey, how are you?",greeting,Hello there! How can I assist you with your orders today?
77f5dab5-864c-4684-bac9-a9229504dbc3,8454,How can I leave a review for my order?,review_order,"You can add a review by navigating to Purchases > Feedback > Review Order. Once there, you’ll be able to write and submit your review."
4d60061e-acdd-41f9-92b9-65569c441565,4691,How can I leave a review for my order?,review_order,"To review your order, head over to Purchases > Feedback > Review Order. Select the order and leave your feedback."
b0c758b4-4b84-4046-b2a3-ab93e05337bc,7502,Goodbye!,goodbye,Thank you for reaching out! Have a great day.
23e1a367-7f91-4f80-ae38-485010e93463,3100,Please cancel my recent purchase.,cancel_order,You can cancel by navigating to Settings > Orders > Cancel Order. Choose the order you wish to cancel and follow the prompts.
d092f185-1082-4d12-a571-97b0bce7d9ce,8347,"I’m done, thanks.",goodbye,Goodbye! I hope I was able to help you today.
abbf73e0-7a18-4fa6-842b-343fb2cf4a88,7330,I need a refund on my last order.,demand_refund,"Refund requests can be placed through Settings > Orders > Refund Order. Select your order, choose 'Request Refund', and submit your reason."
839d903b-0075-41cb-8c22-6dc7f9d47d0c,4997,Tell me a joke.,out_of_scope,This seems outside my current support scope. Please check our help center for more information.
ab4e0845-3458-45b6-8f47-a0bb5f408123,2504,Can you tell me the refund steps?,demand_refund,"To get a refund, please visit Profile > Order History > Request Refund. Choose the respective order and complete the refund form."
f0433e45-e45a-463a-99b9-e78cf833d2a5,5198,Where is my delivery right now?,order_tracking,"To track your shipment, please go to Purchases > Delivery > Tracking Info. Enter your tracking ID for more details."
743a6eac-f553-481a-9c11-be8f4d90fc3c,3919,Can you help me undo an order I placed?,cancel_order,"To cancel your order, please go to Profile > Order History > Cancel Order. After selecting the order, confirm the cancellation. If you face any issues, let me know."
4d52ccf9-0113-476a-afff-624995418430,4912,"Hi, I need some help.",greeting,Hello there! How can I assist you with your orders today?
bc7f22ea-4a00-427f-93ce-c8cd12010e77,3594,Tell me the progress of my recent order.,order_status,Head over to Orders > Select Order > View Status to see where your order is in the fulfillment process.
91b4e708-5db4-40ae-afb1-995c4c9803ca,9136,"I’m done, thanks.",goodbye,Goodbye! I hope I was able to help you today.
3ab73968-9a1d-4f71-8d7c-a423f0ec303d,8849,There’s an issue I need to report.,submit_complaint,"To submit a complaint, please visit Profile > Feedback > Report Problem. Provide your order details and a description of the issue."
9d65cdc2-5ea8-4b89-bfb8-324d7323e777,8867,Where do I write a review for my last order?,review_order,"You can add a review by navigating to Orders > Select Order > Leave Review. Once there, you’ll be able to write and submit your review."
b998d60e-d1cb-4148-86e7-1d0e363efcc5,3787,Hi there!,greeting,Hi! Welcome back. What can I help you with?
aceaea7c-fccb-42ce-b484-a5cdf2d8ba6c,2753,Tell me the progress of my recent order.,order_status,You can check your order status by going to Orders > Select Order > View Status. It will display the current progress of your order.
a53bf55f-8442-42a5-8703-36075af0c713,9064,There’s an issue I need to report.,submit_complaint,"You can report a problem by going to Help Center > Complaints > File Issue. Fill in the complaint form, and our team will review it shortly."
f6f4481e-fa4b-4695-b285-b871b8cc8dba,8853,Catch you later.,goodbye,Goodbye! I hope I was able to help you today.
7e70a552-d156-47e8-b99c-971e5de6d130,4292,I need to speak to a human agent.,talk_to_human,I’ll connect you with a support agent shortly. Please hold on.
f0772f68-eafc-4de7-b6a1-6bc39d30d957,9896,Where can I request a refund?,demand_refund,"Refund requests can be placed through Settings > Orders > Refund Order. Select your order, choose 'Request Refund', and submit your reason."
f1f01f3f-7243-46a3-a793-cc8a50f74196,2089,Help me post a review for my completed purchase.,review_order,"You can add a review by navigating to Purchases > Feedback > Review Order. Once there, you’ll be able to write and submit your review."
df2e595d-075f-47b4-83f2-ef094b44917f,1279,There’s a billing issue with my purchase.,payment_issue,"For payment issues, navigate to Profile > Wallet > Payment Issues. You will find tools to resolve failed or pending transactions."
cf9e23a4-1021-49fd-829c-44de90fa8ead,5815,How do I file a complaint?,submit_complaint,"To submit a complaint, please visit Help Center > Complaints > File Issue. Provide your order details and a description of the issue."
0413e362-6069-4e38-9fe8-cd490619b11c,6185,Please help me submit a problem report.,submit_complaint,"To submit a complaint, please visit Settings > Support > Submit Complaint. Provide your order details and a description of the issue."
c57aa2db-70b9-4e45-b51f-c3dae01aa499,3918,Is there a way to stop processing on my order?,cancel_order,You can cancel by navigating to Settings > Orders > Cancel Order. Choose the order you wish to cancel and follow the prompts.
c25663da-884b-47c5-8665-972a9603e5dc,6057,How do I request money back for my purchase?,demand_refund,"To get a refund, please visit Profile > Order History > Request Refund. Choose the respective order and complete the refund form."
061066bc-d5e7-4295-95ea-04d1d4d4b383,2343,"I’m done, thanks.",goodbye,Thank you for reaching out! Have a great day.
4af78722-1d1d-4d0c-af47-a737649a3670,1906,Please guide me to initiate a refund.,demand_refund,"Refund requests can be placed through Profile > Order History > Request Refund. Select your order, choose 'Request Refund', and submit your reason."
ed00781e-ac05-4779-921a-f8e562dc35e8,5748,I want to talk to a real person.,talk_to_human,"Sure, let me transfer you to one of our human representatives right away."
79ff07a6-4a53-4362-93e9-e8a1d1274da6,4707,Has my order been shipped yet?,order_status,You can check your order status by going to My Account > Purchases > Track Progress. It will display the current progress of your order.
3f501d5a-21ce-43af-98ef-5db1b1e995a4,4027,Can you write me an essay?,out_of_scope,"I’m sorry, but I can’t help with that request. Could you please rephrase or ask something else?"
282d5d84-45b2-408d-8265-53e579db01ef,6388,Hi there!,greeting,Hi! Welcome back. What can I help you with?
5a9a1d0a-5aa3-45b3-8314-9763d0b025c6,1446,Help me post a review for my completed purchase.,review_order,"To review your order, head over to Purchases > Feedback > Review Order. Select the order and leave your feedback."
75286c73-ab09-44d5-8cfd-1f90de5d4489,2738,Track my shipment please.,order_tracking,"To track your shipment, please go to Orders > Track Shipment. Enter your tracking ID for more details."
e27f6e21-fefb-4b99-88d3-7f3790a465ab,8082,Track my shipment please.,order_tracking,"To track your shipment, please go to Orders > Track Shipment. Enter your tracking ID for more details."
02ab0a94-855c-4a85-b9de-519a856c4fa4,7049,I need help with a failed transaction.,payment_issue,"For payment issues, navigate to Settings > Payments > Resolve Issue. You will find tools to resolve failed or pending transactions."
c489cd28-e433-42b6-8704-17f889afd925,8459,How do I check if my order is confirmed?,order_status,Head over to My Account > Purchases > Track Progress to see where your order is in the fulfillment process.
e498ff35-137e-4a6a-ba55-0a9bf9bcace9,8409,I need to speak to a human agent.,talk_to_human,"Sure, let me transfer you to one of our human representatives right away."
22ad5df3-ff60-46b0-b982-d645766f87cf,1008,There’s a billing issue with my purchase.,payment_issue,You can manage and fix your payment issues at Settings > Payments > Resolve Issue. Select the relevant transaction to proceed.
00b4365d-1f59-4367-b577-eda7cc4fe4cd,1517,How do I request money back for my purchase?,demand_refund,"Refund requests can be placed through Profile > Order History > Request Refund. Select your order, choose 'Request Refund', and submit your reason."
3f87b4f2-e95c-4c74-a681-5c77f9adb5ef,9095,"Hey, how are you?",greeting,Hello there! How can I assist you with your orders today?
788c48c0-8cf0-40ed-b9b3-96cc601fe11e,4526,How can I leave a review for my order?,review_order,"You can add a review by navigating to My Account > Reviews > Write Review. Once there, you’ll be able to write and submit your review."
7e035424-3eee-4043-9aa0-a23e6a262c71,4228,"Thanks, bye!",goodbye,Thank you for reaching out! Have a great day.
8456ed82-0711-466e-aa68-dcb7b400f9af,1004,How can I leave a review for my order?,review_order,"To review your order, head over to My Account > Reviews > Write Review. Select the order and leave your feedback."
3f917ca0-e5e4-4dfc-a350-d98e1f6a3be0,9690,Can you tell me the refund steps?,demand_refund,"To get a refund, please visit My Account > Refunds > Initiate. Choose the respective order and complete the refund form."
9b37ff27-bca9-42d3-8244-3e1eb1b13d03,9939,Where do I go to cancel an order?,cancel_order,"To cancel your order, please go to Settings > Orders > Cancel Order. After selecting the order, confirm the cancellation. If you face any issues, let me know."
ad158e1a-cf8b-48e6-8f1a-20b2af5aad26,9588,There’s an issue I need to report.,submit_complaint,"To submit a complaint, please visit Profile > Feedback > Report Problem. Provide your order details and a description of the issue."
67fd51f7-8143-461f-9b28-4d78451285cb,4526,See you next time.,goodbye,Goodbye! I hope I was able to help you today.
a44c9760-5720-4f19-a002-f2c03fb1a5ee,6884,Please cancel my recent purchase.,cancel_order,"To cancel your order, please go to My Account > Purchases > Cancel. After selecting the order, confirm the cancellation. If you face any issues, let me know."
c7e22334-3209-4069-a54f-60c44dfdcdaf,4767,"My payment is pending, what should I do?",payment_issue,You can manage and fix your payment issues at My Account > Billing > Payment Help. Select the relevant transaction to proceed.
f258a95b-b6df-4803-b286-ce0588aa8293,9198,Hi there!,greeting,Hi! Welcome back. What can I help you with?
36fdbfe0-03c2-4fef-8cbc-223575b7e924,8669,Why was my card declined?,payment_issue,"For payment issues, navigate to Settings > Payments > Resolve Issue. You will find tools to resolve failed or pending transactions."
668c2ad1-45a7-40d8-9194-661bcc3990a7,1600,There’s a billing issue with my purchase.,payment_issue,"For payment issues, navigate to My Account > Billing > Payment Help. You will find tools to resolve failed or pending transactions."
c37a2b9e-4411-4e52-a0ff-a688035c510a,6187,Why was my card declined?,payment_issue,"For payment issues, navigate to Settings > Payments > Resolve Issue. You will find tools to resolve failed or pending transactions."
5f3b9997-7683-4289-b473-e63917ab8a59,8695,Is there a way to stop processing on my order?,cancel_order,"To cancel your order, please go to Profile > Order History > Cancel Order. After selecting the order, confirm the cancellation. If you face any issues, let me know."
4f535902-57aa-46ac-9769-e82979af8a54,8162,"Hey, how are you?",greeting,Hi! Welcome back. What can I help you with?
8f17d00d-55b9-4903-995b-f2c831a14c5a,6560,How can I leave a review for my order?,review_order,"You can add a review by navigating to Orders > Select Order > Leave Review. Once there, you’ll be able to write and submit your review."
8b5c4edf-796d-49fe-8b76-b5c6b7bb4c28,1919,Tell me a joke.,out_of_scope,"I’m sorry, but I can’t help with that request. Could you please rephrase or ask something else?"
10fe2e14-04e1-4c09-aeed-e7315cfb1e75,8769,How can I leave a review for my order?,review_order,"You can add a review by navigating to Purchases > Feedback > Review Order. Once there, you’ll be able to write and submit your review."
b99977b7-cad0-4f81-8573-7ca36c877e66,1724,Can you tell me the refund steps?,demand_refund,"To get a refund, please visit Settings > Orders > Refund Order. Choose the respective order and complete the refund form."
90305d6a-2040-411f-af0e-f146ffbfd67b,8655,Tell me the progress of my recent order.,order_status,Head over to Orders > Select Order > View Status to see where your order is in the fulfillment process.
c66664c2-0c8a-4379-b1b9-df26a16ffc97,1665,"My payment is pending, what should I do?",payment_issue,You can manage and fix your payment issues at Profile > Wallet > Payment Issues. Select the relevant transaction to proceed.
ce544e6b-7a6d-4fb4-85ca-99fd03fb37f1,8408,Please transfer me to a representative.,talk_to_human,"Sure, let me transfer you to one of our human representatives right away."
8531ca88-9d2f-4f68-98eb-a1a9cfc22911,3666,Please provide shipment tracking updates.,order_tracking,Tracking details are available under Purchases > Delivery > Tracking Info. It will show you real-time updates about your package location.
7d70dc35-ad7f-4527-b3d1-f104d695a867,6026,How do I file a complaint?,submit_complaint,"You can report a problem by going to Settings > Support > Submit Complaint. Fill in the complaint form, and our team will review it shortly."
0623d42c-824d-43ef-b1fe-fab6a8b739f7,2900,Has my order been shipped yet?,order_status,You can check your order status by going to Profile > Orders > Check Status. It will display the current progress of your order.
8ed5cafc-f25a-4283-b723-71529aa40032,6706,There’s a billing issue with my purchase.,payment_issue,"For payment issues, navigate to My Account > Billing > Payment Help. You will find tools to resolve failed or pending transactions."
9622e2f9-444c-4c0f-b6da-aece71c2cd2a,7158,Can I rate the product I bought?,review_order,"To review your order, head over to My Account > Reviews > Write Review. Select the order and leave your feedback."
3e98110c-fc16-40d7-ae3a-dd01142700c5,1006,Please provide shipment tracking updates.,order_tracking,Tracking details are available under My Account > Shipping > Track Package. It will show you real-time updates about your package location.
d67252e7-c30f-479c-b5bc-7a7ca754f84e,6841,Hi there!,greeting,Hello there! How can I assist you with your orders today?
d32c64af-775f-4803-b52e-bbc2b8010004,4236,What’s the weather like today?,out_of_scope,"I’m sorry, but I can’t help with that request. Could you please rephrase or ask something else?"
e2292320-f623-44d2-b62d-28101757548d,1723,What’s 2+2?,out_of_scope,"I’m sorry, but I can’t help with that request. Could you please rephrase or ask something else?"
ec54eb6a-7225-46ee-b649-753891989658,2775,Is there a way to stop processing on my order?,cancel_order,You can cancel by navigating to Profile > Order History > Cancel Order. Choose the order you wish to cancel and follow the prompts.
7b99f933-d88a-4945-93fa-e65a12819209,1812,What’s 2+2?,out_of_scope,"I’m sorry, but I can’t help with that request. Could you please rephrase or ask something else?"
964c63a6-8e20-4c58-bc9d-bb4fbfbea445,2433,Can I rate the product I bought?,review_order,"To review your order, head over to My Account > Reviews > Write Review. Select the order and leave your feedback."
20c94014-baee-49cb-b6a5-672f7671112f,4819,Goodbye!,goodbye,Goodbye! I hope I was able to help you today.
d8d9990f-ea88-4b52-be50-2e9f6a87cd58,7760,My payment didn’t go through.,payment_issue,You can manage and fix your payment issues at My Account > Billing > Payment Help. Select the relevant transaction to proceed.
9e4304fb-3830-4ed3-8f97-d3f13082752e,8956,See you next time.,goodbye,Goodbye! I hope I was able to help you today.
36cdfa58-a0c2-4aaf-b092-bfc16635026a,7717,Is there a way to stop processing on my order?,cancel_order,"To cancel your order, please go to Profile > Order History > Cancel Order. After selecting the order, confirm the cancellation. If you face any issues, let me know."
9452cde3-c726-4a7d-96ec-34e9f05341be,1805,What’s the current status of my order?,order_status,You can check your order status by going to Orders > Select Order > View Status. It will display the current progress of your order.
526b83f0-ba85-471d-9e5d-4d6b6ca25615,4209,"Thanks, bye!",goodbye,Thank you for reaching out! Have a great day.
71be8604-e5da-4183-8e9d-dd3c64da7835,8684,"My payment is pending, what should I do?",payment_issue,You can manage and fix your payment issues at Settings > Payments > Resolve Issue. Select the relevant transaction to proceed.
f6e793d5-2bd7-4848-a343-e87b67887b8b,7870,I want to cancel my last order.,cancel_order,"To cancel your order, please go to Settings > Orders > Cancel Order. After selecting the order, confirm the cancellation. If you face any issues, let me know."
429dd0d3-0958-45cd-bb32-73d130e4e1f6,2509,I need help with a failed transaction.,payment_issue,You can manage and fix your payment issues at Settings > Payments > Resolve Issue. Select the relevant transaction to proceed.
a5d1adfa-280b-435f-80ff-7a217a95af6f,1234,I want to complain about a product.,submit_complaint,"You can report a problem by going to Help Center > Complaints > File Issue. Fill in the complaint form, and our team will review it shortly."
e57a3deb-27c5-466a-9398-a03f1cd4bfd3,6348,Can you connect me to support staff?,talk_to_human,I’ll connect you with a support agent shortly. Please hold on.
8603cdc7-47db-44d0-a983-39bac67a42e5,5668,Can you write me an essay?,out_of_scope,"I’m sorry, but I can’t help with that request. Could you please rephrase or ask something else?"
af78d776-3bee-46cb-a35b-f61e5c98301f,2256,Good morning!,greeting,Hello there! How can I assist you with your orders today?
8beb4ba6-3d3c-41ee-9926-4de412fce8aa,1631,Can you show me tracking details for my order?,order_tracking,"To track your shipment, please go to Purchases > Delivery > Tracking Info. Enter your tracking ID for more details."
19cc5271-ca56-4138-ac07-afaf629cd50e,9615,Goodbye!,goodbye,Thank you for reaching out! Have a great day.
8adfe7da-d9b1-4553-a758-366556b5f5d1,9050,Help me post a review for my completed purchase.,review_order,"You can add a review by navigating to Orders > Select Order > Leave Review. Once there, you’ll be able to write and submit your review."
17bcc962-b7a4-4886-a40e-e413a29a9022,6943,Can you tell me the refund steps?,demand_refund,"To get a refund, please visit My Account > Refunds > Initiate. Choose the respective order and complete the refund form."
6130533c-cfcc-488f-9331-a9b9c80e786f,7498,Can I rate the product I bought?,review_order,"You can add a review by navigating to Purchases > Feedback > Review Order. Once there, you’ll be able to write and submit your review."
e20ce7a8-768c-4f58-a00a-451f6fbe19f7,6817,Catch you later.,goodbye,Goodbye! I hope I was able to help you today.
ad948d83-2e04-43f1-b86d-948f982107d5,5804,"I’m done, thanks.",goodbye,Thank you for reaching out! Have a great day.
c7e1a9dd-390b-40dd-9199-b631b1746727,6863,Where is my order in the process?,order_status,You can check your order status by going to Orders > Select Order > View Status. It will display the current progress of your order.
59a05ff0-dac7-414b-979f-b61791ed1022,5669,"Thanks, bye!",goodbye,Thank you for reaching out! Have a great day.
bf0ad6d6-4099-4423-bba7-92900535f8b1,5805,Is there a way to stop processing on my order?,cancel_order,"To cancel your order, please go to Settings > Orders > Cancel Order. After selecting the order, confirm the cancellation. If you face any issues, let me know."
89de5ab1-4a7f-4df8-9f95-6b2fd1fe077f,9813,Has my order been shipped yet?,order_status,You can check your order status by going to Profile > Orders > Check Status. It will display the current progress of your order.
ca4b1ac4-4391-4974-bc51-2c990108c831,2383,Is there a way to stop processing on my order?,cancel_order,"To cancel your order, please go to Settings > Orders > Cancel Order. After selecting the order, confirm the cancellation. If you face any issues, let me know."
efc0a3d9-59bc-4082-8610-6c9d12d9f463,9823,Can I chat with someone from support?,talk_to_human,I’ll connect you with a support agent shortly. Please hold on.
6c7359ec-0b49-45fa-b409-e9d303b433d5,8892,Hi there!,greeting,Hello there! How can I assist you with your orders today?
5bf9a2fd-25ed-4581-a759-fc35dc92cc3e,2105,Hi there!,greeting,Hello there! How can I assist you with your orders today?
a23d2914-2680-4628-8d45-1aa31498aab5,4931,I want to share feedback about my purchase.,review_order,"You can add a review by navigating to My Account > Reviews > Write Review. Once there, you’ll be able to write and submit your review."
fdce4a61-6e6e-4eb7-945a-60cb94f4b563,1735,There’s a billing issue with my purchase.,payment_issue,"For payment issues, navigate to Profile > Wallet > Payment Issues. You will find tools to resolve failed or pending transactions."
98168270-0e6e-4815-aec0-530ff7c45873,8320,Can you write me an essay?,out_of_scope,"I’m sorry, but I can’t help with that request. Could you please rephrase or ask something else?"
8ca8c650-219e-45db-96de-ed1cd72946f0,4410,Can I rate the product I bought?,review_order,"You can add a review by navigating to My Account > Reviews > Write Review. Once there, you’ll be able to write and submit your review."
45e0eab2-6ef8-4c4c-a169-889893ef0ff7,5522,Where do I go to raise a complaint?,submit_complaint,"To submit a complaint, please visit Help Center > Complaints > File Issue. Provide your order details and a description of the issue."
7606582c-4074-403e-8508-078853056134,7120,Hi there!,greeting,Hello there! How can I assist you with your orders today?
88a75ac7-7966-489e-bc85-f55d8465a7bc,4142,Hi there!,greeting,Hello there! How can I assist you with your orders today?
f3aa1c81-9dd9-4a9c-8a41-3910290be42c,8246,"My payment is pending, what should I do?",payment_issue,"For payment issues, navigate to Profile > Wallet > Payment Issues. You will find tools to resolve failed or pending transactions."
65e01bc1-1283-4455-971f-e5e647d4acc3,1403,See you next time.,goodbye,Goodbye! I hope I was able to help you today.
f6223eea-6dde-43cd-9450-9f4103e1b18b,2675,Where do I write a review for my last order?,review_order,"To review your order, head over to Purchases > Feedback > Review Order. Select the order and leave your feedback."
911f7e8f-4e2b-43b9-8e9d-380243f4b9de,2714,I want to cancel my last order.,cancel_order,You can cancel by navigating to Profile > Order History > Cancel Order. Choose the order you wish to cancel and follow the prompts.
023cbfb2-b519-4ff4-a668-846ffe502abe,1970,Is there a way to stop processing on my order?,cancel_order,"To cancel your order, please go to My Account > Purchases > Cancel. After selecting the order, confirm the cancellation. If you face any issues, let me know."
d363879f-a4fc-4333-99c1-3ed95a7dbba7,2979,"I’m done, thanks.",goodbye,Goodbye! I hope I was able to help you today.
6d04f603-76a8-4572-9402-eb5096d2f778,3542,What’s the current status of my order?,order_status,You can check your order status by going to Profile > Orders > Check Status. It will display the current progress of your order.
d66ec4be-6ccf-4cbb-9f38-6c259b194c16,5282,Can you show me tracking details for my order?,order_tracking,"To track your shipment, please go to Orders > Track Shipment. Enter your tracking ID for more details."
68eecdc0-218f-4e31-a4eb-adef70ab785a,3699,"Hey, how are you?",greeting,Hello there! How can I assist you with your orders today?
b974f126-632a-4db3-b754-dbabbee04b12,6136,I want to share feedback about my purchase.,review_order,"You can add a review by navigating to Purchases > Feedback > Review Order. Once there, you’ll be able to write and submit your review."
f848cb5a-9fcc-4fd1-8492-6e1c6aca4115,7570,See you next time.,goodbye,Goodbye! I hope I was able to help you today.
1778b4b8-9971-40cc-b9ed-c1fa6e066ac6,3169,Has my order been shipped yet?,order_status,Head over to Orders > Select Order > View Status to see where your order is in the fulfillment process.
844bb379-c9d6-4d1b-964f-e888297c5a39,1265,I want to cancel my last order.,cancel_order,"To cancel your order, please go to My Account > Purchases > Cancel. After selecting the order, confirm the cancellation. If you face any issues, let me know."
0eb75b0f-0beb-4aa9-866e-345d632f435e,3585,Please help me submit a problem report.,submit_complaint,"To submit a complaint, please visit Profile > Feedback > Report Problem. Provide your order details and a description of the issue."
f0dd8c20-6f39-4c5f-bfe7-f5488e3a715c,9456,There’s an issue I need to report.,submit_complaint,"To submit a complaint, please visit Settings > Support > Submit Complaint. Provide your order details and a description of the issue."
d8a0f8d9-ca23-4525-9cdf-dd465055a97d,5840,Can you help me undo an order I placed?,cancel_order,"To cancel your order, please go to Profile > Order History > Cancel Order. After selecting the order, confirm the cancellation. If you face any issues, let me know."
d639606f-e49d-4b07-b408-cd093d6a6b66,3729,"Hi, I need some help.",greeting,Hi! Welcome back. What can I help you with?
be2b4404-e88f-42ad-a941-64a689134243,1305,Can you write me an essay?,out_of_scope,"I’m sorry, but I can’t help with that request. Could you please rephrase or ask something else?"
a52e9cd9-428b-4b97-a37f-71e2ca26c74d,8325,Please provide shipment tracking updates.,order_tracking,"To track your shipment, please go to Purchases > Delivery > Tracking Info. Enter your tracking ID for more details."
461fdca3-a4ad-4af0-a5d0-2fcd5d552347,9373,"Thanks, bye!",goodbye,Thank you for reaching out! Have a great day.
19428645-a020-418d-8b36-f17c6e58484b,1649,I need the courier information for my order.,order_tracking,Tracking details are available under Orders > Track Shipment. It will show you real-time updates about your package location.
1c5e5146-6e2e-4e36-a375-8671d92905bd,8816,Tell me the progress of my recent order.,order_status,You can check your order status by going to My Account > Purchases > Track Progress. It will display the current progress of your order.
74a9400e-c453-4460-9177-f5dca783b7e8,2421,See you next time.,goodbye,Goodbye! I hope I was able to help you today.
ff8be0b0-a9b2-4003-be06-536e40c129fa,9499,How do I check if my order is confirmed?,order_status,You can check your order status by going to Orders > Select Order > View Status. It will display the current progress of your order.
9e3bc40a-e99f-45e0-9e77-81b63c6f17d8,3193,I need to speak to a human agent.,talk_to_human,"Sure, let me transfer you to one of our human representatives right away."
a9eecbc7-012b-4cc6-ad81-7978ba8761bd,6606,Please help me submit a problem report.,submit_complaint,"You can report a problem by going to Settings > Support > Submit Complaint. Fill in the complaint form, and our team will review it shortly."
c4f7f702-72e8-403a-8cd6-71a1a6541a6e,3180,Please transfer me to a representative.,talk_to_human,"Sure, let me transfer you to one of our human representatives right away."
b5d26b8d-b6e7-44dc-a6ec-381c1a9c6e59,5214,"Hey, how are you?",greeting,Hi! Welcome back. What can I help you with?
654a0f70-5988-4401-8a87-c2054ce41966,5434,I want to complain about a product.,submit_complaint,"To submit a complaint, please visit Profile > Feedback > Report Problem. Provide your order details and a description of the issue."
b5ffc047-52d7-444b-8232-d56915cf2989,7936,Help me post a review for my completed purchase.,review_order,"You can add a review by navigating to My Account > Reviews > Write Review. Once there, you’ll be able to write and submit your review."
1fdd2c5d-214f-4135-a971-4fe253db64ee,1561,Help me post a review for my completed purchase.,review_order,"You can add a review by navigating to Orders > Select Order > Leave Review. Once there, you’ll be able to write and submit your review."
ffcb5b1c-788f-4190-895d-d86f686bfb5c,4382,Hi there!,greeting,Hi! Welcome back. What can I help you with?
f4a933b1-c154-4a9d-b9a3-fd31da42e644,8727,There’s a billing issue with my purchase.,payment_issue,You can manage and fix your payment issues at Settings > Payments > Resolve Issue. Select the relevant transaction to proceed.
3504841a-3d6c-4216-81b1-dcd48e7f3652,4790,Can you write me an essay?,out_of_scope,This seems outside my current support scope. Please check our help center for more information.
d000e107-a521-4988-92e6-07b0366ef8c7,3318,Good morning!,greeting,Hello there! How can I assist you with your orders today?
a8dbb9df-451e-453a-95bc-fdb86fb0d721,6470,Please help me submit a problem report.,submit_complaint,"You can report a problem by going to Profile > Feedback > Report Problem. Fill in the complaint form, and our team will review it shortly."
c4f0caf5-5afd-4a94-b863-e6c98819b3d8,9983,Hi there!,greeting,Hi! Welcome back. What can I help you with?
0a7e7d44-2b6b-4192-aa48-6df1d1f32559,2223,See you next time.,goodbye,Goodbye! I hope I was able to help you today.
77b7ad13-6d41-40aa-91a2-9a08d0fcf5da,1535,Where do I go to cancel an order?,cancel_order,"To cancel your order, please go to Settings > Orders > Cancel Order. After selecting the order, confirm the cancellation. If you face any issues, let me know."
cb2b55e7-e890-42a3-944d-c4be03f737c9,4513,Track my shipment please.,order_tracking,"To track your shipment, please go to Purchases > Delivery > Tracking Info. Enter your tracking ID for more details."
f2d680f3-3973-446f-9238-7d1405d4e685,2893,I need a refund on my last order.,demand_refund,"Refund requests can be placed through Settings > Orders > Refund Order. Select your order, choose 'Request Refund', and submit your reason."
3665d26b-f49e-4095-877a-f9e894fb5185,2319,"My payment is pending, what should I do?",payment_issue,"For payment issues, navigate to My Account > Billing > Payment Help. You will find tools to resolve failed or pending transactions."
ad4e2847-03fd-4721-8d3d-7f07c405ce7d,5043,Can you write me an essay?,out_of_scope,"I’m sorry, but I can’t help with that request. Could you please rephrase or ask something else?"
e9009b03-c5e0-49a6-b2bb-303ac59a08be,9687,I want to cancel my last order.,cancel_order,You can cancel by navigating to Settings > Orders > Cancel Order. Choose the order you wish to cancel and follow the prompts.
af7296a7-f0c2-4573-be32-d7e94a802b2c,1636,See you next time.,goodbye,Thank you for reaching out! Have a great day.
1e601b2c-033f-48a7-b80f-ad895e2738c8,4006,Can you write me an essay?,out_of_scope,"I’m sorry, but I can’t help with that request. Could you please rephrase or ask something else?"
ba85239a-f547-41ea-94b3-6ef851cc6773,6660,Where is my order in the process?,order_status,You can check your order status by going to My Account > Purchases > Track Progress. It will display the current progress of your order.
027d0461-4886-4780-9a6c-ec6fe0edc0c9,9281,What’s the weather like today?,out_of_scope,"I’m sorry, but I can’t help with that request. Could you please rephrase or ask something else?"
c80ae725-3326-4976-aa6d-d86a11beaef8,9855,Tell me the progress of my recent order.,order_status,You can check your order status by going to Orders > Select Order > View Status. It will display the current progress of your order.
278ee163-97e4-4987-b3a6-f9dfc54c31a0,7040,Where is my delivery right now?,order_tracking,"To track your shipment, please go to My Account > Shipping > Track Package. Enter your tracking ID for more details."
154190dc-8f90-418a-a2b1-83e5ff0fd769,6427,Where can I request a refund?,demand_refund,"Refund requests can be placed through My Account > Refunds > Initiate. Select your order, choose 'Request Refund', and submit your reason."
dc70ac89-3b10-4dc2-8608-d2dba4636ac8,2940,Has my order been shipped yet?,order_status,Head over to Profile > Orders > Check Status to see where your order is in the fulfillment process.
5b06d148-7860-4f15-b88e-64d45d5852cf,6560,My payment didn’t go through.,payment_issue,"For payment issues, navigate to My Account > Billing > Payment Help. You will find tools to resolve failed or pending transactions."
cbc69ddb-bad8-41b1-9a65-8d37f06761a0,5034,Has my order been shipped yet?,order_status,You can check your order status by going to Profile > Orders > Check Status. It will display the current progress of your order.
0c61632e-ee73-4c28-823f-23a195345891,6836,Please transfer me to a representative.,talk_to_human,"Sure, let me transfer you to one of our human representatives right away."
2bf2c70b-1437-422e-892c-5032e26484eb,3946,Please help me submit a problem report.,submit_complaint,"To submit a complaint, please visit Profile > Feedback > Report Problem. Provide your order details and a description of the issue."
3e51bd5c-8ad4-45bf-b7b1-f13b0fdddfad,8958,Help me post a review for my completed purchase.,review_order,"You can add a review by navigating to Orders > Select Order > Leave Review. Once there, you’ll be able to write and submit your review."
b1bc8c32-7ae4-498a-842b-d4a138134554,9510,Help me post a review for my completed purchase.,review_order,"You can add a review by navigating to Orders > Select Order > Leave Review. Once there, you’ll be able to write and submit your review."
57f28eec-8fae-4703-995a-531e2c3fd57e,5794,"Hey, how are you?",greeting,Hi! Welcome back. What can I help you with?
15b36eb8-3185-48b2-9b26-d68e6d3f5593,4478,Please transfer me to a representative.,talk_to_human,"Sure, let me transfer you to one of our human representatives right away."
3fdd6542-137a-44a2-aba5-3876606d7446,9316,Where do I write a review for my last order?,review_order,"To review your order, head over to Purchases > Feedback > Review Order. Select the order and leave your feedback."
afd9f6f8-f221-4fc3-96b6-aacf477efa93,7825,I want to talk to a real person.,talk_to_human,I’ll connect you with a support agent shortly. Please hold on.
b04598e6-0f31-414a-b554-8eb2722619b0,8307,There’s a billing issue with my purchase.,payment_issue,You can manage and fix your payment issues at Profile > Wallet > Payment Issues. Select the relevant transaction to proceed.
1131c6f2-d98d-4681-a045-119150804ea7,5726,"Hey, how are you?",greeting,Hello there! How can I assist you with your orders today?
58b10f66-0400-4fb1-b4f7-81ed00b4da37,3811,I want to share feedback about my purchase.,review_order,"You can add a review by navigating to My Account > Reviews > Write Review. Once there, you’ll be able to write and submit your review."
8d2a158a-1c3c-4e77-a17b-a12172049b70,3810,Where do I go to cancel an order?,cancel_order,You can cancel by navigating to Settings > Orders > Cancel Order. Choose the order you wish to cancel and follow the prompts.
eea93b6c-3c17-45d5-b958-e2959220988c,9563,I want to talk to a real person.,talk_to_human,I’ll connect you with a support agent shortly. Please hold on.
40e6bac3-883d-45c3-9bad-9d9df4c794c5,2443,Has my order been shipped yet?,order_status,You can check your order status by going to Orders > Select Order > View Status. It will display the current progress of your order.
1e61341a-7b3a-4a2a-a782-bf7c6c51a55a,5865,I want to share feedback about my purchase.,review_order,"You can add a review by navigating to Purchases > Feedback > Review Order. Once there, you’ll be able to write and submit your review."
af7f2cf2-3395-440b-bf45-312495e754d0,2245,Tell me the progress of my recent order.,order_status,Head over to Orders > Select Order > View Status to see where your order is in the fulfillment process.
42a1cfa0-842c-41f1-a603-08f797c2a8c1,4127,Track my shipment please.,order_tracking,"To track your shipment, please go to My Account > Shipping > Track Package. Enter your tracking ID for more details."
de3470e4-9e15-4fd0-a582-a44c5ebc53ac,3937,How do I check if my order is confirmed?,order_status,Head over to Profile > Orders > Check Status to see where your order is in the fulfillment process.
cd195e9b-afd5-46eb-8547-aa06378e0b52,4857,Can you tell me the refund steps?,demand_refund,"Refund requests can be placed through My Account > Refunds > Initiate. Select your order, choose 'Request Refund', and submit your reason."
8d1aac79-b9c1-45b5-8469-792082617367,1837,Where do I write a review for my last order?,review_order,"To review your order, head over to My Account > Reviews > Write Review. Select the order and leave your feedback."
12597bc2-17fc-4b04-b6c2-59d4a175cc62,9448,Please cancel my recent purchase.,cancel_order,You can cancel by navigating to My Account > Purchases > Cancel. Choose the order you wish to cancel and follow the prompts.
74262cfb-6f18-4436-a347-ce2dbe87c0b1,2640,Can I rate the product I bought?,review_order,"You can add a review by navigating to Purchases > Feedback > Review Order. Once there, you’ll be able to write and submit your review."
3903144b-4a36-4267-9a2b-3697c5194810,6240,"I’m done, thanks.",goodbye,Goodbye! I hope I was able to help you today.
60fd70bd-dfb9-491c-8fcc-9348c766445f,2591,Where do I go to raise a complaint?,submit_complaint,"You can report a problem by going to Settings > Support > Submit Complaint. Fill in the complaint form, and our team will review it shortly."
685dd525-5ca0-454d-861d-3c65aab6d3db,8153,Can you tell me the refund steps?,demand_refund,"Refund requests can be placed through Profile > Order History > Request Refund. Select your order, choose 'Request Refund', and submit your reason."
5c39fb55-96cd-4d9e-8376-341c71571f20,4012,There’s an issue I need to report.,submit_complaint,"To submit a complaint, please visit Help Center > Complaints > File Issue. Provide your order details and a description of the issue."
9e9ea13d-4b7c-4030-8678-a17bde6e29df,1267,I need a refund on my last order.,demand_refund,"To get a refund, please visit My Account > Refunds > Initiate. Choose the respective order and complete the refund form."
6abe0ff7-9c35-46ad-aa50-f5cbf8baf1a9,6923,Please provide shipment tracking updates.,order_tracking,Tracking details are available under Orders > Track Shipment. It will show you real-time updates about your package location.
6c69c507-ebe7-4647-a4c1-84d361938434,5763,How do I check if my order is confirmed?,order_status,You can check your order status by going to Profile > Orders > Check Status. It will display the current progress of your order.
782761fc-49c0-42b5-b18a-8729c76279fb,2976,Hi there!,greeting,Hi! Welcome back. What can I help you with?
6e1a5592-3ebe-477c-bcb5-83473d49a061,4478,I need a refund on my last order.,demand_refund,"Refund requests can be placed through Profile > Order History > Request Refund. Select your order, choose 'Request Refund', and submit your reason."
f486da93-ca20-4eed-9c59-9970feadb6de,7947,I need to speak to a human agent.,talk_to_human,"Sure, let me transfer you to one of our human representatives right away."
26e97306-4ad5-4c1e-abc4-f999bf208b57,9790,Please transfer me to a representative.,talk_to_human,"Sure, let me transfer you to one of our human representatives right away."
32d90173-2ded-4f7f-80ac-3179e3803a61,5266,I want to complain about a product.,submit_complaint,"You can report a problem by going to Settings > Support > Submit Complaint. Fill in the complaint form, and our team will review it shortly."
e83f27dd-5bd7-4db1-84dc-149eca486a49,4608,I want to complain about a product.,submit_complaint,"You can report a problem by going to Help Center > Complaints > File Issue. Fill in the complaint form, and our team will review it shortly."
c3fd5702-b98b-41ce-a154-78bffff6106b,6986,What’s the current status of my order?,order_status,You can check your order status by going to My Account > Purchases > Track Progress. It will display the current progress of your order.
8421ce4d-7944-43f7-9924-7d0041980abe,7935,Help me post a review for my completed purchase.,review_order,"To review your order, head over to Purchases > Feedback > Review Order. Select the order and leave your feedback."
e6d3d92b-b562-4227-8594-126f006a9795,4208,I need a refund on my last order.,demand_refund,"Refund requests can be placed through My Account > Refunds > Initiate. Select your order, choose 'Request Refund', and submit your reason."
f1f48e1e-f1f2-48a5-bbc8-5674d0ebefb7,8087,My payment didn’t go through.,payment_issue,"For payment issues, navigate to Settings > Payments > Resolve Issue. You will find tools to resolve failed or pending transactions."
71f6a0de-ce5b-4c49-8ca4-f44d3b1b9764,3721,Good morning!,greeting,Hello there! How can I assist you with your orders today?
a8c3c3c1-2b75-439b-b728-663d4a1d652c,7023,Where do I write a review for my last order?,review_order,"To review your order, head over to Orders > Select Order > Leave Review. Select the order and leave your feedback."
6985c9a1-f888-4bfb-80f8-5ad921541e59,1994,Has my order been shipped yet?,order_status,You can check your order status by going to My Account > Purchases > Track Progress. It will display the current progress of your order.
8447ee41-c96a-48ab-9fd4-9d141ecf4ce3,9920,See you next time.,goodbye,Goodbye! I hope I was able to help you today.
92cfda65-3153-4098-af4f-210ea106492e,9323,"Hi, I need some help.",greeting,Hi! Welcome back. What can I help you with?
b5fa8c32-8ee4-45f2-925c-4efa20fed414,1547,There’s an issue I need to report.,submit_complaint,"You can report a problem by going to Profile > Feedback > Report Problem. Fill in the complaint form, and our team will review it shortly."
90ac90d6-eb10-417b-a3ee-acd1807da8e5,5822,There’s an issue I need to report.,submit_complaint,"You can report a problem by going to Profile > Feedback > Report Problem. Fill in the complaint form, and our team will review it shortly."
6f93759b-1061-4a5a-aeb0-af30c897d841,3392,"I’m done, thanks.",goodbye,Thank you for reaching out! Have a great day.
239a990a-bceb-4a62-8fdc-85a093e0360c,1837,Track my shipment please.,order_tracking,Tracking details are available under Purchases > Delivery > Tracking Info. It will show you real-time updates about your package location.
daa82891-1eb5-4abb-a538-d59715b2a77d,2059,My payment didn’t go through.,payment_issue,You can manage and fix your payment issues at My Account > Billing > Payment Help. Select the relevant transaction to proceed.
86b2c7f5-7048-424a-9d93-0b80201f01ea,4323,Good morning!,greeting,Hello there! How can I assist you with your orders today?
00d56187-867f-498d-8e92-2016dbcc0078,3904,I need help with a failed transaction.,payment_issue,You can manage and fix your payment issues at Settings > Payments > Resolve Issue. Select the relevant transaction to proceed.
18f0d775-a270-40c9-80b6-117df75976a3,9228,Can you tell me the refund steps?,demand_refund,"Refund requests can be placed through Settings > Orders > Refund Order. Select your order, choose 'Request Refund', and submit your reason."
59c84e09-e535-403d-8ebd-9a1b50a50c55,6803,There’s a billing issue with my purchase.,payment_issue,You can manage and fix your payment issues at Settings > Payments > Resolve Issue. Select the relevant transaction to proceed.
76368347-01dc-470f-b9ae-a3db7525f48b,3379,Can I rate the product I bought?,review_order,"You can add a review by navigating to Purchases > Feedback > Review Order. Once there, you’ll be able to write and submit your review."
88718cda-dac3-46f2-a659-572df7ee7dbc,8394,What’s 2+2?,out_of_scope,"I’m sorry, but I can’t help with that request. Could you please rephrase or ask something else?"
81ddccf3-ae8b-4169-9df4-1ea5b42c67a2,5980,Where is my order in the process?,order_status,Head over to Profile > Orders > Check Status to see where your order is in the fulfillment process.
934f9055-006f-4076-9de3-42170d8bcaba,1414,Catch you later.,goodbye,Thank you for reaching out! Have a great day.
c0a9a6c2-ae8f-4bed-b803-030f83f9f2aa,9419,I need help with a failed transaction.,payment_issue,"For payment issues, navigate to My Account > Billing > Payment Help. You will find tools to resolve failed or pending transactions."
b4ebe4de-48ed-4008-9002-088262514ca3,2389,Where do I write a review for my last order?,review_order,"You can add a review by navigating to My Account > Reviews > Write Review. Once there, you’ll be able to write and submit your review."
60c6ebdf-60e4-449f-8194-8152f617e7b0,4193,Please provide shipment tracking updates.,order_tracking,Tracking details are available under Orders > Track Shipment. It will show you real-time updates about your package location.
0ae6676c-8eba-4e6c-9849-d408cea0bbda,2506,"I’m done, thanks.",goodbye,Thank you for reaching out! Have a great day.
58cdb786-4da8-4b9a-846d-53614d120c93,8834,"My payment is pending, what should I do?",payment_issue,You can manage and fix your payment issues at Settings > Payments > Resolve Issue. Select the relevant transaction to proceed.
8c1299b2-1559-48ec-aa24-4f3025cb7345,4263,"Hi, I need some help.",greeting,Hi! Welcome back. What can I help you with?
8120b1db-0c22-424c-8705-c895ab8c82b3,3264,I need to speak to a human agent.,talk_to_human,I’ll connect you with a support agent shortly. Please hold on.
b43d33cb-e27f-42ad-b9f9-e1bad0cae120,8747,Please provide shipment tracking updates.,order_tracking,"To track your shipment, please go to Purchases > Delivery > Tracking Info. Enter your tracking ID for more details."
3d200eac-9416-455a-ae50-6d3351db8497,9507,"Hi, I need some help.",greeting,Hello there! How can I assist you with your orders today?
4dc45b02-3344-48f2-a3f5-408bf55390f2,7548,I need to speak to a human agent.,talk_to_human,I’ll connect you with a support agent shortly. Please hold on.
33d1bae0-e968-4a6c-9289-b85aab901511,2761,Please provide shipment tracking updates.,order_tracking,Tracking details are available under Purchases > Delivery > Tracking Info. It will show you real-time updates about your package location.
80c4d1f9-07b3-4e22-91e1-abc84cf3a5c1,1792,Good morning!,greeting,Hello there! How can I assist you with your orders today?
577c88c4-096b-49fd-9583-fea30cd3b1ce,1264,Goodbye!,goodbye,Thank you for reaching out! Have a great day.
55d3dc70-c0f9-4781-a29a-ceb2f5f61854,6507,Where can I request a refund?,demand_refund,"Refund requests can be placed through Profile > Order History > Request Refund. Select your order, choose 'Request Refund', and submit your reason."
99ddab4e-666e-40fa-ae68-a26d9d4320af,3779,Tell me a joke.,out_of_scope,This seems outside my current support scope. Please check our help center for more information.
1f773130-2bbb-4c61-925a-c6e09efb5362,4455,"Thanks, bye!",goodbye,Thank you for reaching out! Have a great day.
23e44b58-84ea-43ff-9085-c9e41906c603,2731,Where can I request a refund?,demand_refund,"To get a refund, please visit Profile > Order History > Request Refund. Choose the respective order and complete the refund form."
34c6a9d9-9aef-473d-a784-9604d13e101c,9714,Track my shipment please.,order_tracking,Tracking details are available under Orders > Track Shipment. It will show you real-time updates about your package location.
9e30424e-20b3-4bdb-a671-02e4c554360b,5978,"Hi, I need some help.",greeting,Hi! Welcome back. What can I help you with?
040a29a8-60bf-43d4-83af-14eab62bdb63,9968,Can you connect me to support staff?,talk_to_human,"Sure, let me transfer you to one of our human representatives right away."
5a29db5f-5f80-4d76-909d-0cb2285e58d7,6496,"Thanks, bye!",goodbye,Thank you for reaching out! Have a great day.
c43270a2-3bb9-49a5-86c0-43eee6103e06,3204,"Hey, how are you?",greeting,Hello there! How can I assist you with your orders today?
89582e54-5f0e-4cb4-8ed7-b5c62cf18f3f,3874,Please help me submit a problem report.,submit_complaint,"You can report a problem by going to Settings > Support > Submit Complaint. Fill in the complaint form, and our team will review it shortly."
dacf24f8-ac83-4339-832f-b8071f57cf6c,6133,Can I chat with someone from support?,talk_to_human,"Sure, let me transfer you to one of our human representatives right away."
c4c4502d-b414-4bc9-8038-4a5e9b731496,9519,Goodbye!,goodbye,Thank you for reaching out! Have a great day.
dd395dad-1115-4044-8aea-8bf90e877909,5434,Can you tell me the refund steps?,demand_refund,"To get a refund, please visit My Account > Refunds > Initiate. Choose the respective order and complete the refund form."
ed0089fc-1bcf-4221-8f02-169553cae2f4,3089,Has my order been shipped yet?,order_status,Head over to Profile > Orders > Check Status to see where your order is in the fulfillment process.
88ab7940-fe9f-4a0f-a5b9-ecd70533cfcc,9302,How do I file a complaint?,submit_complaint,"You can report a problem by going to Settings > Support > Submit Complaint. Fill in the complaint form, and our team will review it shortly."
d6dc767c-f112-4540-94d0-dda942647901,8751,"I’m done, thanks.",goodbye,Goodbye! I hope I was able to help you today.
9b663100-a838-40aa-a2a2-d64a9e934818,5499,How can I leave a review for my order?,review_order,"To review your order, head over to My Account > Reviews > Write Review. Select the order and leave your feedback."
703c4ad4-84ae-494c-8cd7-28b6accf8c44,6048,Why was my card declined?,payment_issue,"For payment issues, navigate to My Account > Billing > Payment Help. You will find tools to resolve failed or pending transactions."
b35c3d5e-a916-4453-bae7-f0845d21bf92,3525,Where is my order in the process?,order_status,You can check your order status by going to My Account > Purchases > Track Progress. It will display the current progress of your order.
3051d097-3442-4ace-8b22-10ed273466c8,8053,"Hey, how are you?",greeting,Hi! Welcome back. What can I help you with?
b9dc6e91-a206-4e71-bba4-2965f756eacb,1914,Please cancel my recent purchase.,cancel_order,You can cancel by navigating to My Account > Purchases > Cancel. Choose the order you wish to cancel and follow the prompts.
e77b1adf-46e0-42e5-9f7f-834d7bb96b4b,8247,I want to complain about a product.,submit_complaint,"You can report a problem by going to Settings > Support > Submit Complaint. Fill in the complaint form, and our team will review it shortly."
edbef962-6887-47ac-b20f-bcb585860d8f,3558,Can you show me tracking details for my order?,order_tracking,"To track your shipment, please go to Orders > Track Shipment. Enter your tracking ID for more details."
e064b9c7-8202-4b1a-a538-97817c09518d,7467,"Hi, I need some help.",greeting,Hello there! How can I assist you with your orders today?
4d6ed654-d156-432f-9c63-fd813db1645e,5229,Where is my order in the process?,order_status,Head over to Orders > Select Order > View Status to see where your order is in the fulfillment process.
d3a48142-1f53-4278-8fcd-d6a3bef71ec1,9337,Can you write me an essay?,out_of_scope,"I’m sorry, but I can’t help with that request. Could you please rephrase or ask something else?"
774fa066-f328-44df-9834-2b840dad01e3,8533,Track my shipment please.,order_tracking,"To track your shipment, please go to Purchases > Delivery > Tracking Info. Enter your tracking ID for more details."
3878f53e-e691-4bcc-8dc2-637d522f97ab,1979,How do I request money back for my purchase?,demand_refund,"Refund requests can be placed through My Account > Refunds > Initiate. Select your order, choose 'Request Refund', and submit your reason."
062c8f6e-2c96-4a32-9ffe-9a50b00531fb,6200,How do I check if my order is confirmed?,order_status,You can check your order status by going to Profile > Orders > Check Status. It will display the current progress of your order.
385d498f-2223-4e10-a531-949eb90c86b3,1618,I need a refund on my last order.,demand_refund,"Refund requests can be placed through My Account > Refunds > Initiate. Select your order, choose 'Request Refund', and submit your reason."
46940b77-fa1f-4447-b341-2d47ab917862,5829,Hi there!,greeting,Hi! Welcome back. What can I help you with?
af90974f-2739-40ba-af79-c35eaf6a5f38,8525,Can you tell me the refund steps?,demand_refund,"Refund requests can be placed through My Account > Refunds > Initiate. Select your order, choose 'Request Refund', and submit your reason."
ef809cd2-4766-471b-a781-a0319c49b95d,2330,What’s the weather like today?,out_of_scope,This seems outside my current support scope. Please check our help center for more information.
dab33250-5336-45d5-9375-4c6eb5048987,7833,Where do I go to cancel an order?,cancel_order,You can cancel by navigating to Profile > Order History > Cancel Order. Choose the order you wish to cancel and follow the prompts.
ee0cfb9a-670f-42b3-a1a9-8fbac3ab6773,9816,I need the courier information for my order.,order_tracking,"To track your shipment, please go to Purchases > Delivery > Tracking Info. Enter your tracking ID for more details."
77024d53-8ec1-421a-bb9e-4d988958c36d,5245,Please provide shipment tracking updates.,order_tracking,"To track your shipment, please go to Purchases > Delivery > Tracking Info. Enter your tracking ID for more details."
668e2092-31bc-4586-9d01-ac3527aeab76,5617,How can I leave a review for my order?,review_order,"You can add a review by navigating to My Account > Reviews > Write Review. Once there, you’ll be able to write and submit your review."
cb7f5802-117f-49da-b393-0a3b60a58a55,1466,Can you help me undo an order I placed?,cancel_order,You can cancel by navigating to Settings > Orders > Cancel Order. Choose the order you wish to cancel and follow the prompts.
574b7a19-2e21-4e1f-b1d5-85acf9dd254b,2009,How do I request money back for my purchase?,demand_refund,"Refund requests can be placed through Settings > Orders > Refund Order. Select your order, choose 'Request Refund', and submit your reason."
fcb6d772-d7e2-46d5-8b50-52d57c3745ee,6922,"Hey, how are you?",greeting,Hello there! How can I assist you with your orders today?
2271493f-3085-49fa-a70a-32196ab6ac47,7909,How do I request money back for my purchase?,demand_refund,"To get a refund, please visit My Account > Refunds > Initiate. Choose the respective order and complete the refund form."
f847b6c9-a43e-4908-b82c-592d92b5abd3,6041,Hi there!,greeting,Hi! Welcome back. What can I help you with?
d7aaa50e-218b-4e7f-9d81-e15bc969dfdf,8764,I want to complain about a product.,submit_complaint,"To submit a complaint, please visit Settings > Support > Submit Complaint. Provide your order details and a description of the issue."
c48e6361-cb79-4b89-904d-c7b4ba76e40c,9976,Can you connect me to support staff?,talk_to_human,"Sure, let me transfer you to one of our human representatives right away."
752c2f2d-3a1a-49fd-943a-fb83d53b5640,6934,Please provide shipment tracking updates.,order_tracking,Tracking details are available under Purchases > Delivery > Tracking Info. It will show you real-time updates about your package location.
c1cb63df-4b03-4b3c-a088-49aaf5a73c1f,7132,See you next time.,goodbye,Thank you for reaching out! Have a great day.
f2f9187c-3aeb-46c3-89de-01b1e591a440,7799,Goodbye!,goodbye,Thank you for reaching out! Have a great day.
da243c11-c9d9-45f7-9519-4cfabc01532f,2895,Goodbye!,goodbye,Thank you for reaching out! Have a great day.
7f788fa0-5f1f-4ead-909d-e5a678de28be,4908,Where do I go to cancel an order?,cancel_order,You can cancel by navigating to Profile > Order History > Cancel Order. Choose the order you wish to cancel and follow the prompts.
7daf536b-e737-4e4e-bbf0-d2b2403fc7c9,7553,I want to talk to a real person.,talk_to_human,I’ll connect you with a support agent shortly. Please hold on.
50e31450-71e6-4298-9b40-0c416fd347d4,7183,I need to speak to a human agent.,talk_to_human,I’ll connect you with a support agent shortly. Please hold on.
884538b6-c3f1-4ed6-a050-7ce6ce1e0e79,5124,I want to cancel my last order.,cancel_order,"To cancel your order, please go to My Account > Purchases > Cancel. After selecting the order, confirm the cancellation. If you face any issues, let me know."
56870f1f-b886-4426-a538-e3b0e97d5c93,5047,I want to share feedback about my purchase.,review_order,"To review your order, head over to Orders > Select Order > Leave Review. Select the order and leave your feedback."
4ed517ed-5fd3-4a41-b480-0d877a19f851,8500,Can I chat with someone from support?,talk_to_human,I’ll connect you with a support agent shortly. Please hold on.
1827e31b-0dba-483b-9406-948b121cd953,7282,Please transfer me to a representative.,talk_to_human,I’ll connect you with a support agent shortly. Please hold on.
4b4d68ec-2472-468c-ae14-9c879eaa0b65,2217,Help me post a review for my completed purchase.,review_order,"You can add a review by navigating to My Account > Reviews > Write Review. Once there, you’ll be able to write and submit your review."
2dc0e86c-21e0-48f3-98a5-426ff9c8a723,7796,See you next time.,goodbye,Goodbye! I hope I was able to help you today.
ce7ae19f-26f7-46ad-94c3-a2e9a9a251c7,9791,My payment didn’t go through.,payment_issue,You can manage and fix your payment issues at Profile > Wallet > Payment Issues. Select the relevant transaction to proceed.
19aade30-a409-4b0d-91bd-bbee86047251,2555,Can I chat with someone from support?,talk_to_human,I’ll connect you with a support agent shortly. Please hold on.
bbf1802a-7403-4b6e-bde5-7185175c5bbc,2959,How do I request money back for my purchase?,demand_refund,"Refund requests can be placed through Settings > Orders > Refund Order. Select your order, choose 'Request Refund', and submit your reason."
c02a4283-1b93-4fed-83a3-b8fb2ffe9790,5479,Can you tell me the refund steps?,demand_refund,"To get a refund, please visit Profile > Order History > Request Refund. Choose the respective order and complete the refund form."
63e09a78-d58e-4e48-bf97-982798143878,2563,There’s a billing issue with my purchase.,payment_issue,"For payment issues, navigate to Profile > Wallet > Payment Issues. You will find tools to resolve failed or pending transactions."
da13db96-1ea1-4642-ac98-1d86d4afc4fe,3560,How do I check if my order is confirmed?,order_status,You can check your order status by going to My Account > Purchases > Track Progress. It will display the current progress of your order.
be34ac8b-9fee-4a84-9240-47638dc4367e,8289,Please provide shipment tracking updates.,order_tracking,"To track your shipment, please go to Orders > Track Shipment. Enter your tracking ID for more details."
f3cdf0dd-93a4-4486-a974-3ccc28d74d8e,6476,"My payment is pending, what should I do?",payment_issue,You can manage and fix your payment issues at My Account > Billing > Payment Help. Select the relevant transaction to proceed.
b43e3218-81a3-43fe-9de3-c8a3b13dbbe6,9690,I need to speak to a human agent.,talk_to_human,I’ll connect you with a support agent shortly. Please hold on.
8b9f14de-cf1b-4bc4-becf-817d692a6879,2757,Where can I request a refund?,demand_refund,"Refund requests can be placed through My Account > Refunds > Initiate. Select your order, choose 'Request Refund', and submit your reason."
32be5546-d0a6-4979-abda-25aab32065cc,6737,Why was my card declined?,payment_issue,You can manage and fix your payment issues at Profile > Wallet > Payment Issues. Select the relevant transaction to proceed.
ce241b74-c474-430b-883a-ec1d74e4c740,3183,Tell me the progress of my recent order.,order_status,Head over to Profile > Orders > Check Status to see where your order is in the fulfillment process.
4fd4b976-a9d8-4bac-8586-e3a45dff48aa,2732,See you next time.,goodbye,Goodbye! I hope I was able to help you today.
521b3855-908c-49e5-b27f-af13892229f8,3337,Please guide me to initiate a refund.,demand_refund,"To get a refund, please visit My Account > Refunds > Initiate. Choose the respective order and complete the refund form."
7898d284-7587-4bbc-aa3c-916e0cd431b8,9574,"I’m done, thanks.",goodbye,Thank you for reaching out! Have a great day.
4722b0c0-8852-44fa-bc5c-9ed45692b40a,3254,Help me post a review for my completed purchase.,review_order,"To review your order, head over to My Account > Reviews > Write Review. Select the order and leave your feedback."
82fbe54f-9aa8-4d6a-985c-65fd26954e3a,5210,Can I chat with someone from support?,talk_to_human,I’ll connect you with a support agent shortly. Please hold on.
88758f88-05f6-4e0c-8666-efab3c346eb7,2225,Track my shipment please.,order_tracking,"To track your shipment, please go to Purchases > Delivery > Tracking Info. Enter your tracking ID for more details."
23849c70-40d3-403f-896e-1b16f2a3c99d,8452,Goodbye!,goodbye,Goodbye! I hope I was able to help you today.
667a2864-49e7-4ad2-82ef-f4fd2af78fc0,5238,Has my order been shipped yet?,order_status,Head over to Profile > Orders > Check Status to see where your order is in the fulfillment process.
0272fa67-3642-49c3-b4f9-2af35101674d,6689,Please transfer me to a representative.,talk_to_human,I’ll connect you with a support agent shortly. Please hold on.
b5601c94-b39e-429a-9266-e59d935e2056,2290,Can you write me an essay?,out_of_scope,This seems outside my current support scope. Please check our help center for more information.
d1a14f19-2b63-452f-9e96-94100664431e,7015,Catch you later.,goodbye,Goodbye! I hope I was able to help you today.
5f1a35e5-17f6-4ae9-bef0-2c7384ee8ddd,5432,How do I request money back for my purchase?,demand_refund,"Refund requests can be placed through Settings > Orders > Refund Order. Select your order, choose 'Request Refund', and submit your reason."
5c1b1f02-5b5a-4bdc-83cf-1f0ea4fb7a8e,9884,Please guide me to initiate a refund.,demand_refund,"To get a refund, please visit My Account > Refunds > Initiate. Choose the respective order and complete the refund form."
a8d0ae3f-a5d2-40e7-8bc9-1a6987a49476,1025,"Thanks, bye!",goodbye,Thank you for reaching out! Have a great day.
7b9e512d-1fe2-4a52-94c4-cff115dd08c2,1632,I need a refund on my last order.,demand_refund,"To get a refund, please visit Settings > Orders > Refund Order. Choose the respective order and complete the refund form."
3437f0ff-fc5b-45ad-8779-a37319f95d78,7413,I need help with a failed transaction.,payment_issue,You can manage and fix your payment issues at My Account > Billing > Payment Help. Select the relevant transaction to proceed.
d46dc2a1-6cf6-400d-9944-90b19083097f,2973,I need a refund on my last order.,demand_refund,"To get a refund, please visit Settings > Orders > Refund Order. Choose the respective order and complete the refund form."
520b0233-7328-4ebe-bf20-32c234e2dd62,5880,Please cancel my recent purchase.,cancel_order,You can cancel by navigating to My Account > Purchases > Cancel. Choose the order you wish to cancel and follow the prompts.
808adb43-4780-4189-9531-11cbc3d60aca,2051,I need to speak to a human agent.,talk_to_human,"Sure, let me transfer you to one of our human representatives right away."
3ca951ee-6e1a-4a8e-a61c-379308b24aa7,4402,Please cancel my recent purchase.,cancel_order,"To cancel your order, please go to My Account > Purchases > Cancel. After selecting the order, confirm the cancellation. If you face any issues, let me know."
9bccec16-7097-4881-88dc-b77c1eadd7af,9924,Has my order been shipped yet?,order_status,Head over to My Account > Purchases > Track Progress to see where your order is in the fulfillment process.
e42ffd9c-d5dd-4385-ac40-7eaa56c44243,9553,See you next time.,goodbye,Goodbye! I hope I was able to help you today.
2ffd475f-5f0d-42c4-878b-c82367b62cf8,1774,Where is my order in the process?,order_status,You can check your order status by going to Profile > Orders > Check Status. It will display the current progress of your order.
d8ba8e22-6dce-4f4b-8490-a310dd203e55,2280,Hello!,greeting,Hello there! How can I assist you with your orders today?
dc7b509a-c141-4e69-8de8-0d3ee30035d0,7991,I need to speak to a human agent.,talk_to_human,I’ll connect you with a support agent shortly. Please hold on.
60f820a7-b817-4667-a0f5-6a6f33836e51,2435,Hello!,greeting,Hi! Welcome back. What can I help you with?
6130b712-96c1-4812-beda-e956a6038379,3452,Please transfer me to a representative.,talk_to_human,I’ll connect you with a support agent shortly. Please hold on.
b4c3dc72-f1d9-46de-abf5-d2e0d77271c1,1775,Hello!,greeting,Hello there! How can I assist you with your orders today?
d0fb2ca2-b78e-4ce0-b9b4-e6af2203f2de,6995,Please help me submit a problem report.,submit_complaint,"You can report a problem by going to Settings > Support > Submit Complaint. Fill in the complaint form, and our team will review it shortly."
0c47a9ce-8c18-4d17-9fe7-af72b31b1c7c,2265,Hello!,greeting,Hi! Welcome back. What can I help you with?
19b21b0c-d9c2-425f-a091-bd04bfd219be,8347,Why was my card declined?,payment_issue,"For payment issues, navigate to Settings > Payments > Resolve Issue. You will find tools to resolve failed or pending transactions."
18d30732-12f6-4072-97fd-802497e6fd19,3946,Tell me a joke.,out_of_scope,"I’m sorry, but I can’t help with that request. Could you please rephrase or ask something else?"
e39be697-43d0-414f-a267-b8f4e4b606f5,3352,Has my order been shipped yet?,order_status,Head over to Profile > Orders > Check Status to see where your order is in the fulfillment process.
87a11d59-9df6-4292-a72c-960e05fd7621,3672,Can you write me an essay?,out_of_scope,This seems outside my current support scope. Please check our help center for more information.
d80e72bd-7d81-4548-9100-f8de929f58be,9714,Why was my card declined?,payment_issue,You can manage and fix your payment issues at Settings > Payments > Resolve Issue. Select the relevant transaction to proceed.
63376af9-e6bb-4965-9e44-461a6c84e4ef,8256,Where do I go to cancel an order?,cancel_order,You can cancel by navigating to Profile > Order History > Cancel Order. Choose the order you wish to cancel and follow the prompts.
95b55934-febc-4ce5-9f0a-7cf9251350db,1055,I need the courier information for my order.,order_tracking,"To track your shipment, please go to Purchases > Delivery > Tracking Info. Enter your tracking ID for more details."
67fc5b20-0aa4-4f0b-8b04-9eaf358e989e,6330,Can you connect me to support staff?,talk_to_human,"Sure, let me transfer you to one of our human representatives right away."
985573ad-1dda-4e0f-9b57-46fd9ee9c74e,4464,"Hey, how are you?",greeting,Hello there! How can I assist you with your orders today?
d6f89a70-f989-4c51-8685-671345ea293c,6307,I want to share feedback about my purchase.,review_order,"You can add a review by navigating to Purchases > Feedback > Review Order. Once there, you’ll be able to write and submit your review."
7b0d3b16-09bb-4474-8078-ead43c616877,2256,Please cancel my recent purchase.,cancel_order,You can cancel by navigating to My Account > Purchases > Cancel. Choose the order you wish to cancel and follow the prompts.
061e77a1-27e9-4ae8-9b51-1c86e168edcf,6307,Can you connect me to support staff?,talk_to_human,"Sure, let me transfer you to one of our human representatives right away."
6e14d2a7-c27f-4283-8419-e2d9de790986,7792,Can you write me an essay?,out_of_scope,This seems outside my current support scope. Please check our help center for more information.
47b1d75e-5515-40e5-9318-634b8ada19a3,3925,I want to cancel my last order.,cancel_order,"To cancel your order, please go to Profile > Order History > Cancel Order. After selecting the order, confirm the cancellation. If you face any issues, let me know."
1c743c5a-2e1b-4c5e-9aaa-d506fca90f34,7571,What’s the weather like today?,out_of_scope,This seems outside my current support scope. Please check our help center for more information.
b03ba36b-bade-4c6c-90e6-ac7bb2e7419a,2698,How can I leave a review for my order?,review_order,"To review your order, head over to Purchases > Feedback > Review Order. Select the order and leave your feedback."
efc27522-2ae8-4291-b75e-67abddd969be,2391,I need a refund on my last order.,demand_refund,"Refund requests can be placed through Settings > Orders > Refund Order. Select your order, choose 'Request Refund', and submit your reason."
e2c9d0d8-361f-4e66-a5cc-80bca5cc3324,1552,Is there a way to stop processing on my order?,cancel_order,You can cancel by navigating to Settings > Orders > Cancel Order. Choose the order you wish to cancel and follow the prompts.
10e5f95c-fc16-4bf3-8fa0-1e2913372e08,5489,Good morning!,greeting,Hello there! How can I assist you with your orders today?
e94b8784-a6a8-41f6-be77-1f0841f830b4,6552,How do I check if my order is confirmed?,order_status,Head over to Orders > Select Order > View Status to see where your order is in the fulfillment process.
e745eb59-a70e-43fb-b6ca-6a1095ca84af,7649,Has my order been shipped yet?,order_status,You can check your order status by going to Orders > Select Order > View Status. It will display the current progress of your order.
07e3e9ac-b1f8-43fd-9adb-a14a4a6c5f7c,7068,Can you write me an essay?,out_of_scope,"I’m sorry, but I can’t help with that request. Could you please rephrase or ask something else?"
e36ceb25-c864-4b78-9667-af55d4633f94,6370,How can I leave a review for my order?,review_order,"To review your order, head over to My Account > Reviews > Write Review. Select the order and leave your feedback."
c21418e2-b568-40d6-81bb-e89b441e1ac2,2626,Please guide me to initiate a refund.,demand_refund,"Refund requests can be placed through Settings > Orders > Refund Order. Select your order, choose 'Request Refund', and submit your reason."
a0705f93-9238-481e-bb1d-895fd3e06686,4814,There’s an issue I need to report.,submit_complaint,"To submit a complaint, please visit Settings > Support > Submit Complaint. Provide your order details and a description of the issue."
02e7afbe-784a-4699-8693-090aa097e73c,8845,I want to complain about a product.,submit_complaint,"You can report a problem by going to Profile > Feedback > Report Problem. Fill in the complaint form, and our team will review it shortly."
b9bd2ec4-5544-4adf-960a-43495538bdac,3805,Help me post a review for my completed purchase.,review_order,"You can add a review by navigating to My Account > Reviews > Write Review. Once there, you’ll be able to write and submit your review."
3b196752-2f1c-403c-8d21-46d45a872046,4371,What’s 2+2?,out_of_scope,This seems outside my current support scope. Please check our help center for more information.
5847f178-fd31-496d-94c6-5cdace3e759c,5939,Can I chat with someone from support?,talk_to_human,"Sure, let me transfer you to one of our human representatives right away."
fad8d86f-10cf-4935-9d5c-3dd1cf0ee0f1,4407,Please provide shipment tracking updates.,order_tracking,Tracking details are available under My Account > Shipping > Track Package. It will show you real-time updates about your package location.
121167de-984c-4cb4-b8dd-cd28da9ee2c7,4597,Can you tell me the refund steps?,demand_refund,"Refund requests can be placed through My Account > Refunds > Initiate. Select your order, choose 'Request Refund', and submit your reason."
43d17e00-8077-4c4e-966a-5ecd5526b458,1453,How do I request money back for my purchase?,demand_refund,"Refund requests can be placed through Settings > Orders > Refund Order. Select your order, choose 'Request Refund', and submit your reason."
09b747b9-e6ed-4526-bfd0-dbe19e0e56df,6573,Please help me submit a problem report.,submit_complaint,"To submit a complaint, please visit Help Center > Complaints > File Issue. Provide your order details and a description of the issue."
aa1b8448-fcd6-43af-897b-b09250d7ac3a,5846,"I’m done, thanks.",goodbye,Goodbye! I hope I was able to help you today.
7b79643e-a28c-465d-9f74-423e7d194b3b,6857,"Hey, how are you?",greeting,Hello there! How can I assist you with your orders today?
a5cfd236-7b59-4a17-b604-7346957885fc,9456,Help me post a review for my completed purchase.,review_order,"You can add a review by navigating to Orders > Select Order > Leave Review. Once there, you’ll be able to write and submit your review."
b6aea8fe-e7ec-4a87-b1c6-fad0f0fba5a2,5008,Who won the football game yesterday?,out_of_scope,This seems outside my current support scope. Please check our help center for more information.
1510e104-10af-406d-8135-5bbf4f2fa9a7,2825,Where do I go to cancel an order?,cancel_order,You can cancel by navigating to Settings > Orders > Cancel Order. Choose the order you wish to cancel and follow the prompts.
737f27c8-7a5f-4ed3-9645-702816a843de,9597,Can I rate the product I bought?,review_order,"You can add a review by navigating to My Account > Reviews > Write Review. Once there, you’ll be able to write and submit your review."
7811d250-b2fe-4247-b735-a27df345bf3e,8373,Please provide shipment tracking updates.,order_tracking,Tracking details are available under Orders > Track Shipment. It will show you real-time updates about your package location.
939478d7-7fd4-4559-a9c4-7d370e8320f3,2541,There’s an issue I need to report.,submit_complaint,"To submit a complaint, please visit Help Center > Complaints > File Issue. Provide your order details and a description of the issue."
9132ddd1-6c14-4d60-b5b1-6e119ddfd551,6700,There’s an issue I need to report.,submit_complaint,"You can report a problem by going to Settings > Support > Submit Complaint. Fill in the complaint form, and our team will review it shortly."
a5454e40-92fe-4e54-9116-305fcaeac4da,8495,"Hi, I need some help.",greeting,Hi! Welcome back. What can I help you with?
848b3587-55a5-4269-b475-89d3d982fb98,3369,How do I file a complaint?,submit_complaint,"To submit a complaint, please visit Help Center > Complaints > File Issue. Provide your order details and a description of the issue."
daae0166-4a2d-45ac-996b-e704e25eb9c4,3480,Please transfer me to a representative.,talk_to_human,"Sure, let me transfer you to one of our human representatives right away."
3d9cc1d4-1940-4dfa-aaa6-f45369bd2958,9044,I want to cancel my last order.,cancel_order,You can cancel by navigating to Settings > Orders > Cancel Order. Choose the order you wish to cancel and follow the prompts.
cbae4774-7a39-45b7-820a-c7cb8d67bb26,7271,"Thanks, bye!",goodbye,Thank you for reaching out! Have a great day.
f8493343-4088-4070-9df9-aebfe27cc76e,3355,Where do I go to raise a complaint?,submit_complaint,"You can report a problem by going to Help Center > Complaints > File Issue. Fill in the complaint form, and our team will review it shortly."
9c6ac24e-38fc-4749-8383-ac72631637d9,9406,Can you tell me the refund steps?,demand_refund,"To get a refund, please visit Profile > Order History > Request Refund. Choose the respective order and complete the refund form."
69a04242-50be-4907-ab01-9362c779b1f7,4686,"I’m done, thanks.",goodbye,Goodbye! I hope I was able to help you today.
9a612c57-262f-4348-8d7c-4462290d58e3,6695,Is there a way to stop processing on my order?,cancel_order,"To cancel your order, please go to My Account > Purchases > Cancel. After selecting the order, confirm the cancellation. If you face any issues, let me know."
ce5c928b-0ab5-4a09-b9f4-f70e6d5841e2,4071,"Thanks, bye!",goodbye,Goodbye! I hope I was able to help you today.
dd3067b1-8434-4a1e-9156-d8aedca99b52,7603,Who won the football game yesterday?,out_of_scope,"I’m sorry, but I can’t help with that request. Could you please rephrase or ask something else?"
ae3d2068-4b1d-4ffe-8080-06137a63704f,4559,Why was my card declined?,payment_issue,"For payment issues, navigate to Profile > Wallet > Payment Issues. You will find tools to resolve failed or pending transactions."
f3de209c-5272-4d41-93f9-a274694567a0,3538,There’s a billing issue with my purchase.,payment_issue,"For payment issues, navigate to Profile > Wallet > Payment Issues. You will find tools to resolve failed or pending transactions."
3a16b0d7-7fe1-4100-80ee-dd5769dd2567,3568,Hi there!,greeting,Hi! Welcome back. What can I help you with?
a73dc251-3359-4630-ab05-713b80bfac27,8566,Please provide shipment tracking updates.,order_tracking,"To track your shipment, please go to Orders > Track Shipment. Enter your tracking ID for more details."
b4fe5661-4cb6-4370-b43c-1d5a79d65cff,2812,What’s the current status of my order?,order_status,You can check your order status by going to My Account > Purchases > Track Progress. It will display the current progress of your order.
a2cbccee-43f9-4240-b4ca-5ba938926935,6204,Tell me a joke.,out_of_scope,This seems outside my current support scope. Please check our help center for more information.
0cedd07d-49b2-403a-9a11-fe9e394816ed,4240,"My payment is pending, what should I do?",payment_issue,You can manage and fix your payment issues at My Account > Billing > Payment Help. Select the relevant transaction to proceed.
0d66045a-a815-45b4-aebd-31bfd6b6018e,6313,Please transfer me to a representative.,talk_to_human,"Sure, let me transfer you to one of our human representatives right away."
058d558a-927c-4dba-bd62-312adb44125f,3823,Track my shipment please.,order_tracking,Tracking details are available under Orders > Track Shipment. It will show you real-time updates about your package location.
86761072-7b08-4488-a9dc-f5f723798ad1,2036,Hi there!,greeting,Hello there! How can I assist you with your orders today?
70d51248-6828-4b49-9f93-39c0867c4499,9253,"My payment is pending, what should I do?",payment_issue,"For payment issues, navigate to Profile > Wallet > Payment Issues. You will find tools to resolve failed or pending transactions."
e68e58a1-97c2-46c5-a5f5-4424c4ca1400,9168,I want to complain about a product.,submit_complaint,"You can report a problem by going to Settings > Support > Submit Complaint. Fill in the complaint form, and our team will review it shortly."
a9f32308-eb0d-4bc4-9226-6e406ba67bfa,7964,I want to complain about a product.,submit_complaint,"You can report a problem by going to Profile > Feedback > Report Problem. Fill in the complaint form, and our team will review it shortly."
90385253-d096-4329-811e-1ead151b33f0,4432,Hi there!,greeting,Hi! Welcome back. What can I help you with?
1180bb9a-ef56-4f87-9ee0-cf6c5d89f5c9,8988,My payment didn’t go through.,payment_issue,"For payment issues, navigate to My Account > Billing > Payment Help. You will find tools to resolve failed or pending transactions."
1fa6256d-4b28-47f6-8a53-1bec7abea4a6,3589,Please provide shipment tracking updates.,order_tracking,Tracking details are available under Purchases > Delivery > Tracking Info. It will show you real-time updates about your package location.
34cd89cb-7105-48f7-993f-06ed34ccde04,2279,Tell me a joke.,out_of_scope,This seems outside my current support scope. Please check our help center for more information.
41e989f8-2f5f-4500-b5a6-ddef59480a38,4654,Hello!,greeting,Hello there! How can I assist you with your orders today?
148e428f-6250-42b7-9dd9-2786c11e2173,5118,Can you help me undo an order I placed?,cancel_order,You can cancel by navigating to Profile > Order History > Cancel Order. Choose the order you wish to cancel and follow the prompts.
3ff520d1-9c28-4fa6-9407-c0acb35d2291,5286,Good morning!,greeting,Hi! Welcome back. What can I help you with?
94733ab6-5705-4afd-b017-0cc223228a65,4090,Please transfer me to a representative.,talk_to_human,I’ll connect you with a support agent shortly. Please hold on.
38053f17-3fe6-441f-9f39-405dfe044b10,7123,"My payment is pending, what should I do?",payment_issue,You can manage and fix your payment issues at Profile > Wallet > Payment Issues. Select the relevant transaction to proceed.
f56a4011-f857-406c-a8a7-e677a25268d9,1189,Please guide me to initiate a refund.,demand_refund,"To get a refund, please visit My Account > Refunds > Initiate. Choose the respective order and complete the refund form."
ca5cd0bf-9aab-4adc-b88f-ac7e95c0d23e,4921,I need to speak to a human agent.,talk_to_human,"Sure, let me transfer you to one of our human representatives right away."
192ce9d3-970c-4347-af29-fc45b219f4b9,3114,Good morning!,greeting,Hello there! How can I assist you with your orders today?
ec80f27e-d8ac-48e3-84fd-73d6c9b42ebe,5610,Where do I go to raise a complaint?,submit_complaint,"To submit a complaint, please visit Help Center > Complaints > File Issue. Provide your order details and a description of the issue."
8479957a-37f0-429c-9fab-4091a6ec4b4a,7557,Good morning!,greeting,Hello there! How can I assist you with your orders today?
daa30ac8-22f4-47ab-be04-8f58406c6d39,1194,I want to complain about a product.,submit_complaint,"To submit a complaint, please visit Settings > Support > Submit Complaint. Provide your order details and a description of the issue."
ac5bdf9d-de13-43be-85a3-0645308e6842,8143,Goodbye!,goodbye,Goodbye! I hope I was able to help you today.
5e0287e8-9428-4de8-b88a-76cded68f3b2,6123,"Hi, I need some help.",greeting,Hi! Welcome back. What can I help you with?
62b99162-f59e-4342-af7e-b998496ad488,6268,Where do I write a review for my last order?,review_order,"To review your order, head over to My Account > Reviews > Write Review. Select the order and leave your feedback."
58821817-bd65-4e53-aacf-ea871e0fa5c6,1536,Where do I go to cancel an order?,cancel_order,You can cancel by navigating to My Account > Purchases > Cancel. Choose the order you wish to cancel and follow the prompts.
33bfeb80-2c8f-4c06-8ddc-e3c37e16e91f,2174,"Hey, how are you?",greeting,Hi! Welcome back. What can I help you with?
957e75b8-20da-43f1-bb29-b17c159c525f,8960,What’s the weather like today?,out_of_scope,This seems outside my current support scope. Please check our help center for more information.
cff93ce8-7076-48ea-8a96-662eee1b244d,4829,Can you show me tracking details for my order?,order_tracking,Tracking details are available under Orders > Track Shipment. It will show you real-time updates about your package location.
19640321-257f-4bcf-a3c3-b323ef113eea,3741,Can you show me tracking details for my order?,order_tracking,Tracking details are available under My Account > Shipping > Track Package. It will show you real-time updates about your package location.
ea7b0912-4b8d-4109-aa7e-d7f96fc39152,5067,Where is my order in the process?,order_status,You can check your order status by going to Profile > Orders > Check Status. It will display the current progress of your order.
8ae08a57-6ded-4f6e-a940-b333af71e04e,9960,Please transfer me to a representative.,talk_to_human,I’ll connect you with a support agent shortly. Please hold on.
6e1f640d-6f90-466a-9867-7e85b044a066,9727,Please cancel my recent purchase.,cancel_order,You can cancel by navigating to Profile > Order History > Cancel Order. Choose the order you wish to cancel and follow the prompts.
473748a6-70e4-4493-8826-90545c187cad,3959,Hi there!,greeting,Hello there! How can I assist you with your orders today?
36343f25-da34-4c90-a69e-b40982d57669,1127,"Hey, how are you?",greeting,Hi! Welcome back. What can I help you with?
de9b6181-f6f4-4b48-8764-1736196867d1,5778,What’s 2+2?,out_of_scope,"I’m sorry, but I can’t help with that request. Could you please rephrase or ask something else?"
cc9a1289-e207-480c-b975-5fdb6d217beb,5004,Catch you later.,goodbye,Goodbye! I hope I was able to help you today.
cba690b6-f53e-4f52-9980-1f769493687b,5116,See you next time.,goodbye,Thank you for reaching out! Have a great day.
46ebed0d-ac3d-4ca8-8e1d-e3320a5dade9,5306,How do I request money back for my purchase?,demand_refund,"Refund requests can be placed through Profile > Order History > Request Refund. Select your order, choose 'Request Refund', and submit your reason."
76a40f12-d7fd-47f2-843e-a3916c25fdf9,6441,Please cancel my recent purchase.,cancel_order,"To cancel your order, please go to Profile > Order History > Cancel Order. After selecting the order, confirm the cancellation. If you face any issues, let me know."
b96829a8-f87d-43c1-813b-a8056c344fab,1943,I want to complain about a product.,submit_complaint,"To submit a complaint, please visit Help Center > Complaints > File Issue. Provide your order details and a description of the issue."
066f603d-eeaf-4d1a-8d60-86c2ff0d4dac,1701,There’s an issue I need to report.,submit_complaint,"You can report a problem by going to Profile > Feedback > Report Problem. Fill in the complaint form, and our team will review it shortly."
d992f74a-d69e-49d7-afac-a95fb25ad52a,5617,Please guide me to initiate a refund.,demand_refund,"Refund requests can be placed through Profile > Order History > Request Refund. Select your order, choose 'Request Refund', and submit your reason."
bf35ef17-a7e8-4ce9-b331-c1d5a5fa93b7,6996,Tell me the progress of my recent order.,order_status,You can check your order status by going to Profile > Orders > Check Status. It will display the current progress of your order.
06d1a27e-0d06-4c46-a8f1-494721d61f11,7972,Where do I go to cancel an order?,cancel_order,"To cancel your order, please go to My Account > Purchases > Cancel. After selecting the order, confirm the cancellation. If you face any issues, let me know."
003934e5-733a-46aa-9d27-d632cb704da3,1411,Why was my card declined?,payment_issue,"For payment issues, navigate to My Account > Billing > Payment Help. You will find tools to resolve failed or pending transactions."
c90b1dad-95cf-4758-8025-602d7cc3d9da,8375,There’s a billing issue with my purchase.,payment_issue,"For payment issues, navigate to Settings > Payments > Resolve Issue. You will find tools to resolve failed or pending transactions."
26f2399b-3003-408a-a54a-c7714c6f9ade,3742,Good morning!,greeting,Hi! Welcome back. What can I help you with?
ff1ffc47-9484-4e71-9421-fe45409f1875,9204,Can you show me tracking details for my order?,order_tracking,Tracking details are available under Orders > Track Shipment. It will show you real-time updates about your package location.
80ea4e8c-04d5-436a-8c4e-fe02b347433c,9718,Where do I write a review for my last order?,review_order,"To review your order, head over to My Account > Reviews > Write Review. Select the order and leave your feedback."
2089318d-e659-4324-8eb3-4aed04b09f3e,1528,Hello!,greeting,Hi! Welcome back. What can I help you with?
312c7684-bb7d-4ed5-aa72-90a2bcdaa098,9349,Please cancel my recent purchase.,cancel_order,"To cancel your order, please go to Profile > Order History > Cancel Order. After selecting the order, confirm the cancellation. If you face any issues, let me know."
4798487c-e510-45be-91c2-ef8e898387f1,8583,There’s a billing issue with my purchase.,payment_issue,"For payment issues, navigate to Settings > Payments > Resolve Issue. You will find tools to resolve failed or pending transactions."
c949b99b-36a0-4b82-9319-5eb21f56c151,8772,Please help me submit a problem report.,submit_complaint,"To submit a complaint, please visit Profile > Feedback > Report Problem. Provide your order details and a description of the issue."
2874fee3-31bf-4f65-9b77-991dae1f9c6b,8065,Please guide me to initiate a refund.,demand_refund,"To get a refund, please visit Settings > Orders > Refund Order. Choose the respective order and complete the refund form."
0394f958-9432-4e96-a311-29457586ed6c,6254,There’s a billing issue with my purchase.,payment_issue,"For payment issues, navigate to Settings > Payments > Resolve Issue. You will find tools to resolve failed or pending transactions."
81525fba-493d-4515-8a77-b708fc2af00d,2561,Why was my card declined?,payment_issue,You can manage and fix your payment issues at My Account > Billing > Payment Help. Select the relevant transaction to proceed.
87ef73c2-844f-4942-a290-67250af59744,7861,"Thanks, bye!",goodbye,Goodbye! I hope I was able to help you today.
a14e6d63-548a-481b-9f4b-b3f37fcb9555,9091,I need help with a failed transaction.,payment_issue,"For payment issues, navigate to Settings > Payments > Resolve Issue. You will find tools to resolve failed or pending transactions."
5593f6df-ac84-4807-ad41-69c05af73236,9903,Help me post a review for my completed purchase.,review_order,"To review your order, head over to My Account > Reviews > Write Review. Select the order and leave your feedback."
48049846-bea2-411d-9bfa-2be744d36b46,1502,Has my order been shipped yet?,order_status,Head over to Profile > Orders > Check Status to see where your order is in the fulfillment process.
bdfe6096-f0d0-4cf2-b757-9ba4e0ecc1a1,5799,Where do I go to raise a complaint?,submit_complaint,"You can report a problem by going to Help Center > Complaints > File Issue. Fill in the complaint form, and our team will review it shortly."
b5439958-3936-4f72-826c-84c2baeaf719,5209,Tell me the progress of my recent order.,order_status,You can check your order status by going to Profile > Orders > Check Status. It will display the current progress of your order.
07964b0c-3f70-4934-917a-b448020d2171,1447,Can you connect me to support staff?,talk_to_human,I’ll connect you with a support agent shortly. Please hold on.
be22a619-1f93-46d9-8dd8-0c1714246847,6227,Where is my delivery right now?,order_tracking,Tracking details are available under My Account > Shipping > Track Package. It will show you real-time updates about your package location.
3e015081-25b7-42c8-804d-da7aab6d163e,7513,Where is my order in the process?,order_status,You can check your order status by going to My Account > Purchases > Track Progress. It will display the current progress of your order.
9096a0be-39dc-47ab-9970-7ccc73ba4a55,5236,I need a refund on my last order.,demand_refund,"Refund requests can be placed through Settings > Orders > Refund Order. Select your order, choose 'Request Refund', and submit your reason."
624d0778-6cc1-44cf-be96-d614c1c545d6,1651,Can I rate the product I bought?,review_order,"You can add a review by navigating to My Account > Reviews > Write Review. Once there, you’ll be able to write and submit your review."
4fae9266-0e36-4513-a161-2af47f814d52,6561,Has my order been shipped yet?,order_status,You can check your order status by going to Orders > Select Order > View Status. It will display the current progress of your order.
a363bce4-652a-49e9-ad63-f308d33efd30,3530,I want to share feedback about my purchase.,review_order,"To review your order, head over to My Account > Reviews > Write Review. Select the order and leave your feedback."
93fe2f4e-dda7-4704-a50f-4d600e3740d5,9415,"I’m done, thanks.",goodbye,Thank you for reaching out! Have a great day.
8a8066f1-de2a-4215-9bb8-18eb15b6d82a,9707,Where do I go to raise a complaint?,submit_complaint,"You can report a problem by going to Help Center > Complaints > File Issue. Fill in the complaint form, and our team will review it shortly."
b4492d13-5f17-42ec-bcae-1e34f888b16c,5119,Hi there!,greeting,Hi! Welcome back. What can I help you with?
df884feb-8e69-4c74-868d-e6a3b2649a18,3836,What’s 2+2?,out_of_scope,"I’m sorry, but I can’t help with that request. Could you please rephrase or ask something else?"
cd94cac2-1207-47a6-8c1d-ed55195ab30c,6910,Help me post a review for my completed purchase.,review_order,"You can add a review by navigating to Orders > Select Order > Leave Review. Once there, you’ll be able to write and submit your review."
7b3a860d-25e4-4c67-980c-8310de9fdeb8,4956,Can I rate the product I bought?,review_order,"To review your order, head over to My Account > Reviews > Write Review. Select the order and leave your feedback."
b07dc141-d11b-4095-becb-8f9be4d2188c,9102,Can I chat with someone from support?,talk_to_human,I’ll connect you with a support agent shortly. Please hold on.
fdca9346-504a-458a-b5ba-c475a05ba307,4479,There’s a billing issue with my purchase.,payment_issue,You can manage and fix your payment issues at Profile > Wallet > Payment Issues. Select the relevant transaction to proceed.
c559270a-61c6-4a76-bd82-f6967c001950,3217,Please guide me to initiate a refund.,demand_refund,"To get a refund, please visit My Account > Refunds > Initiate. Choose the respective order and complete the refund form."
81872ea1-9a6f-4d1a-b216-82a66acf1787,1748,Has my order been shipped yet?,order_status,Head over to Profile > Orders > Check Status to see where your order is in the fulfillment process.
bfde5ffd-451c-4b02-92cf-b0035d3711d7,7531,Can you show me tracking details for my order?,order_tracking,Tracking details are available under Purchases > Delivery > Tracking Info. It will show you real-time updates about your package location.
eeef33bd-663d-404c-b544-d9c6ef46dadc,1338,Can you connect me to support staff?,talk_to_human,I’ll connect you with a support agent shortly. Please hold on.
d2f82f10-e55c-49a5-9782-98e888c2d1c1,2308,I want to share feedback about my purchase.,review_order,"You can add a review by navigating to Purchases > Feedback > Review Order. Once there, you’ll be able to write and submit your review."
952881c0-7259-4146-ae70-5e30072f632d,7127,Can you help me undo an order I placed?,cancel_order,You can cancel by navigating to My Account > Purchases > Cancel. Choose the order you wish to cancel and follow the prompts.
2d132408-db64-44ca-a21a-0781b4bf60c9,1321,Can you show me tracking details for my order?,order_tracking,Tracking details are available under Orders > Track Shipment. It will show you real-time updates about your package location.
90310931-5abc-48ff-b620-2b6ed13a2650,1603,I want to cancel my last order.,cancel_order,"To cancel your order, please go to Settings > Orders > Cancel Order. After selecting the order, confirm the cancellation. If you face any issues, let me know."
f3c999a6-d496-4986-ad59-38c145e3f8bc,9856,Can you write me an essay?,out_of_scope,This seems outside my current support scope. Please check our help center for more information.
8ab56256-059d-4725-bbdb-aa96987c2715,7240,Can you show me tracking details for my order?,order_tracking,Tracking details are available under My Account > Shipping > Track Package. It will show you real-time updates about your package location.
d4cf59b1-9a65-43fe-9225-402b768071a0,9526,Good morning!,greeting,Hello there! How can I assist you with your orders today?
9f0b28ee-db55-451e-b4ae-a877c96b7dd5,1480,How do I file a complaint?,submit_complaint,"You can report a problem by going to Help Center > Complaints > File Issue. Fill in the complaint form, and our team will review it shortly."
b1cb0222-1c62-46d9-a8f9-a597bb79a2fc,7319,How do I request money back for my purchase?,demand_refund,"Refund requests can be placed through Profile > Order History > Request Refund. Select your order, choose 'Request Refund', and submit your reason."
5ac73e55-dad5-4480-91bb-576e9c2cdeea,7324,What’s the weather like today?,out_of_scope,"I’m sorry, but I can’t help with that request. Could you please rephrase or ask something else?"
3a90ec69-7685-4f02-91a7-52e43b92e498,9205,What’s the current status of my order?,order_status,Head over to Orders > Select Order > View Status to see where your order is in the fulfillment process.
5ec5c54a-d8da-449e-b139-361cd48a98da,6717,Catch you later.,goodbye,Goodbye! I hope I was able to help you today.
09e941b5-8da2-4ca0-9b60-ace1fdebff34,9217,My payment didn’t go through.,payment_issue,"For payment issues, navigate to Settings > Payments > Resolve Issue. You will find tools to resolve failed or pending transactions."
816d37d2-93b1-4dec-b61b-8174b64e5b20,4501,Catch you later.,goodbye,Thank you for reaching out! Have a great day.
7dda7f91-09c6-4305-aa21-09d9e7238602,1986,Please provide shipment tracking updates.,order_tracking,"To track your shipment, please go to Purchases > Delivery > Tracking Info. Enter your tracking ID for more details."
da1a0265-8e87-40e0-9e6a-5eea048d1c15,1041,Help me post a review for my completed purchase.,review_order,"You can add a review by navigating to Orders > Select Order > Leave Review. Once there, you’ll be able to write and submit your review."
4769a477-ac98-4db0-baa5-43b2c123f205,6378,Good morning!,greeting,Hi! Welcome back. What can I help you with?
c91bc1e5-7952-40dd-8255-a342119ce593,2494,Where is my order in the process?,order_status,Head over to Profile > Orders > Check Status to see where your order is in the fulfillment process.
38c360f2-5578-424a-b005-1cf309bfda94,6931,"Thanks, bye!",goodbye,Goodbye! I hope I was able to help you today.
1ff92539-7268-4a5c-ba93-4a453a7a4e31,2371,Tell me a joke.,out_of_scope,"I’m sorry, but I can’t help with that request. Could you please rephrase or ask something else?"
f1e260dd-0f3f-47e7-910f-5c1ba4543c80,9471,How do I request money back for my purchase?,demand_refund,"To get a refund, please visit Profile > Order History > Request Refund. Choose the respective order and complete the refund form."
368d5cd6-69b8-410e-8890-472deef8a44b,3951,What’s the weather like today?,out_of_scope,"I’m sorry, but I can’t help with that request. Could you please rephrase or ask something else?"
b0b57bbb-819f-407b-a52c-df78db032c38,9269,I need a refund on my last order.,demand_refund,"Refund requests can be placed through Profile > Order History > Request Refund. Select your order, choose 'Request Refund', and submit your reason."
ad07d4d0-e9c4-4444-a74d-039517829fff,9268,Where is my order in the process?,order_status,Head over to Profile > Orders > Check Status to see where your order is in the fulfillment process.
4efe840a-da99-4cca-8dc9-c9483f63f4e5,9470,Can you write me an essay?,out_of_scope,"I’m sorry, but I can’t help with that request. Could you please rephrase or ask something else?"
f63eb6d3-0513-45b2-9faf-7fdf8d5a4d0a,7236,Good morning!,greeting,Hello there! How can I assist you with your orders today?
b30cf721-b3b3-4c45-9b33-d6ac4762c105,4091,Please guide me to initiate a refund.,demand_refund,"Refund requests can be placed through Profile > Order History > Request Refund. Select your order, choose 'Request Refund', and submit your reason."
89fbd216-dcc9-4a92-b68f-9555177b060a,5816,Please guide me to initiate a refund.,demand_refund,"Refund requests can be placed through My Account > Refunds > Initiate. Select your order, choose 'Request Refund', and submit your reason."
5f3e90c2-390a-43f4-92b2-dd3e47286dba,6451,There’s a billing issue with my purchase.,payment_issue,"For payment issues, navigate to Profile > Wallet > Payment Issues. You will find tools to resolve failed or pending transactions."
61734f04-3e30-40f6-8ff0-596cebf1c485,8301,Who won the football game yesterday?,out_of_scope,This seems outside my current support scope. Please check our help center for more information.
13c9dfb3-0be4-4687-9db0-359e76c75e65,7532,"My payment is pending, what should I do?",payment_issue,You can manage and fix your payment issues at Settings > Payments > Resolve Issue. Select the relevant transaction to proceed.
45d5182c-113e-4b7d-b191-f038e3167f5a,7815,I need to speak to a human agent.,talk_to_human,"Sure, let me transfer you to one of our human representatives right away."
0a2ae9c1-91a6-4a3c-bfce-4f04d9d7a1b4,9386,Can you help me undo an order I placed?,cancel_order,"To cancel your order, please go to Profile > Order History > Cancel Order. After selecting the order, confirm the cancellation. If you face any issues, let me know."
d64daa16-d5d0-41bf-8454-c9df18c14bf5,6138,Catch you later.,goodbye,Thank you for reaching out! Have a great day.
d4e8ce95-bbfa-4ea9-a2c8-3b00b61c9685,7229,Can you write me an essay?,out_of_scope,This seems outside my current support scope. Please check our help center for more information.
41a87323-5c75-4329-ba93-9ee90d280728,1090,Where do I go to cancel an order?,cancel_order,"To cancel your order, please go to Settings > Orders > Cancel Order. After selecting the order, confirm the cancellation. If you face any issues, let me know."
139ff950-737b-42de-85b3-57b17fb13eec,8976,Please cancel my recent purchase.,cancel_order,You can cancel by navigating to My Account > Purchases > Cancel. Choose the order you wish to cancel and follow the prompts.
b4d88dc3-13b1-4db7-bcf1-590891e39fff,3787,Good morning!,greeting,Hello there! How can I assist you with your orders today?
3389f5e8-525e-48d8-b642-a721f845ae9a,3691,Where do I go to cancel an order?,cancel_order,"To cancel your order, please go to Profile > Order History > Cancel Order. After selecting the order, confirm the cancellation. If you face any issues, let me know."
99840904-b056-4a29-a103-1e439c3872f8,2546,Help me post a review for my completed purchase.,review_order,"To review your order, head over to My Account > Reviews > Write Review. Select the order and leave your feedback."
08f7a0ab-e0dc-4fb1-b023-513879f8616c,3089,Who won the football game yesterday?,out_of_scope,This seems outside my current support scope. Please check our help center for more information.
b0820e5f-7666-49f3-82dc-35d18c8c6b00,1854,Can you connect me to support staff?,talk_to_human,"Sure, let me transfer you to one of our human representatives right away."
d970ef85-811b-4a77-8993-5de13b6ab471,9515,I need the courier information for my order.,order_tracking,"To track your shipment, please go to Orders > Track Shipment. Enter your tracking ID for more details."
650ef672-3c48-4642-b4b4-09a6d80b441a,1057,There’s an issue I need to report.,submit_complaint,"You can report a problem by going to Help Center > Complaints > File Issue. Fill in the complaint form, and our team will review it shortly."
ae9d89ac-2768-4227-bc83-a2acac930b4c,8367,"Thanks, bye!",goodbye,Thank you for reaching out! Have a great day.
9d4fb50b-7dc3-4d3d-831c-ebaf0ea81f2b,6683,"Hey, how are you?",greeting,Hi! Welcome back. What can I help you with?
7b83c15f-053d-4b94-9fe9-dd6ce20049ff,6744,Has my order been shipped yet?,order_status,You can check your order status by going to Orders > Select Order > View Status. It will display the current progress of your order.
010efef0-2365-4663-9b9c-a495416de577,7398,Where is my delivery right now?,order_tracking,"To track your shipment, please go to Orders > Track Shipment. Enter your tracking ID for more details."
25ddd0bc-cbd1-4635-af5c-ecf927d0f233,8171,Where do I write a review for my last order?,review_order,"To review your order, head over to Purchases > Feedback > Review Order. Select the order and leave your feedback."
985516eb-0a7f-4f85-85cd-56e5663a542d,2730,I want to talk to a real person.,talk_to_human,I’ll connect you with a support agent shortly. Please hold on.
284d21c8-64e9-4493-8634-f3d8e776a5e3,9380,How do I check if my order is confirmed?,order_status,You can check your order status by going to Profile > Orders > Check Status. It will display the current progress of your order.
f9695d6b-41cc-40c0-95a4-bfa8f694b557,9348,I want to complain about a product.,submit_complaint,"You can report a problem by going to Profile > Feedback > Report Problem. Fill in the complaint form, and our team will review it shortly."
709a4bc6-3aac-4e60-9501-7083fba03fb5,4105,Catch you later.,goodbye,Goodbye! I hope I was able to help you today.
44364c46-2fc5-42a5-bfc4-769a248f7643,4256,Can you help me undo an order I placed?,cancel_order,"To cancel your order, please go to Settings > Orders > Cancel Order. After selecting the order, confirm the cancellation. If you face any issues, let me know."
732b9cd8-e74c-4bc2-9d84-73c01283e422,3582,Please help me submit a problem report.,submit_complaint,"To submit a complaint, please visit Profile > Feedback > Report Problem. Provide your order details and a description of the issue."
4c8a7b97-313a-49e4-aa8b-199e48a7f235,3808,I need a refund on my last order.,demand_refund,"To get a refund, please visit Profile > Order History > Request Refund. Choose the respective order and complete the refund form."
6ea20889-477c-417b-8318-393b41f111d5,3945,Where is my order in the process?,order_status,Head over to My Account > Purchases > Track Progress to see where your order is in the fulfillment process.
a6c3b849-3738-4448-af11-d99f8b1047a3,8556,Can you show me tracking details for my order?,order_tracking,Tracking details are available under Purchases > Delivery > Tracking Info. It will show you real-time updates about your package location.
80f60454-c3a4-4583-8275-dab24d702422,5700,Hi there!,greeting,Hi! Welcome back. What can I help you with?
c0123d85-fd79-4440-b7e2-15a68941b1a2,9478,I want to talk to a real person.,talk_to_human,"Sure, let me transfer you to one of our human representatives right away."
b2ed86ee-d04e-414d-ad97-72e65e024d52,2465,I want to talk to a real person.,talk_to_human,"Sure, let me transfer you to one of our human representatives right away."
c9ce5061-d571-477e-9e93-af51d00304b1,7934,Can you tell me the refund steps?,demand_refund,"Refund requests can be placed through My Account > Refunds > Initiate. Select your order, choose 'Request Refund', and submit your reason."
35795548-e494-4fa4-b770-fc429d75f172,9284,I want to share feedback about my purchase.,review_order,"To review your order, head over to Purchases > Feedback > Review Order. Select the order and leave your feedback."
606e88ba-28d1-4db9-9130-eca2cd35400a,2370,Please cancel my recent purchase.,cancel_order,"To cancel your order, please go to Settings > Orders > Cancel Order. After selecting the order, confirm the cancellation. If you face any issues, let me know."
04c65559-85c9-4347-aa28-4b9504c8ce0c,1932,How do I check if my order is confirmed?,order_status,Head over to My Account > Purchases > Track Progress to see where your order is in the fulfillment process.
05fd7170-e18c-4eca-a5a8-ed98c4d3ee65,5714,I need a refund on my last order.,demand_refund,"To get a refund, please visit Settings > Orders > Refund Order. Choose the respective order and complete the refund form."
b6813bf9-1f0f-423a-949e-4add897a28c5,7791,Please provide shipment tracking updates.,order_tracking,Tracking details are available under Purchases > Delivery > Tracking Info. It will show you real-time updates about your package location.
b8a9c42d-61b1-4bcb-b3c5-422102aabc0a,2784,Track my shipment please.,order_tracking,Tracking details are available under Orders > Track Shipment. It will show you real-time updates about your package location.
6a1407f3-b325-49f3-a6ce-0e26c4361e37,3763,Goodbye!,goodbye,Thank you for reaching out! Have a great day.
9b09f992-d66c-41a0-a897-47b37337b11f,7534,Catch you later.,goodbye,Goodbye! I hope I was able to help you today.
b0394669-1e45-4a46-afb9-7c7d870ed9f0,4330,Where do I go to cancel an order?,cancel_order,You can cancel by navigating to Settings > Orders > Cancel Order. Choose the order you wish to cancel and follow the prompts.
06cb7d5b-8198-47a8-bf73-8146bb54a906,2415,See you next time.,goodbye,Goodbye! I hope I was able to help you today.
80cb4b58-f5e0-46da-ab45-18a42e0f9819,1864,What’s the current status of my order?,order_status,You can check your order status by going to Orders > Select Order > View Status. It will display the current progress of your order.
2cedfa45-e4d2-42e4-9c6e-733aa034fa0d,6773,How do I request money back for my purchase?,demand_refund,"To get a refund, please visit Settings > Orders > Refund Order. Choose the respective order and complete the refund form."
bb07b69b-c10a-46f1-8c57-6e7ae5808045,4853,Has my order been shipped yet?,order_status,Head over to My Account > Purchases > Track Progress to see where your order is in the fulfillment process.
8910a70f-01ea-48bc-9ec4-37da805e702a,6751,Where do I go to raise a complaint?,submit_complaint,"You can report a problem by going to Profile > Feedback > Report Problem. Fill in the complaint form, and our team will review it shortly."
de5e1514-5c26-412a-affd-07430adfb43b,2456,Where do I go to raise a complaint?,submit_complaint,"You can report a problem by going to Profile > Feedback > Report Problem. Fill in the complaint form, and our team will review it shortly."
12139516-ffec-4be7-a68e-cca312da283a,3535,"Hi, I need some help.",greeting,Hi! Welcome back. What can I help you with?
90c865f1-812b-4b96-9b30-821e261c4338,7303,Tell me the progress of my recent order.,order_status,You can check your order status by going to Profile > Orders > Check Status. It will display the current progress of your order.
9da55a83-99a4-433c-bf55-9fab9b9ef7c3,8883,Can I rate the product I bought?,review_order,"You can add a review by navigating to My Account > Reviews > Write Review. Once there, you’ll be able to write and submit your review."
65d5984b-a64a-4600-b27f-0d681dfa119a,7709,I need a refund on my last order.,demand_refund,"Refund requests can be placed through My Account > Refunds > Initiate. Select your order, choose 'Request Refund', and submit your reason."
25aa9782-3b68-45bf-832a-c4d8dfa994e1,7088,"I’m done, thanks.",goodbye,Goodbye! I hope I was able to help you today.
10110cf4-94f5-4ede-888c-94f76979ce0e,1120,Where is my order in the process?,order_status,You can check your order status by going to My Account > Purchases > Track Progress. It will display the current progress of your order.
ee6806ab-bf22-46d9-bd2a-b3b5eeee735d,9598,Track my shipment please.,order_tracking,"To track your shipment, please go to Purchases > Delivery > Tracking Info. Enter your tracking ID for more details."
840c3fc1-b187-41a7-93b6-6f2304933604,3856,Where do I write a review for my last order?,review_order,"To review your order, head over to My Account > Reviews > Write Review. Select the order and leave your feedback."
6e4f030a-fdf6-461a-8d97-282cea6b7426,7155,What’s 2+2?,out_of_scope,This seems outside my current support scope. Please check our help center for more information.
cecca80b-24ad-47fa-9e7f-6c9b0d791c6d,1780,"Hi, I need some help.",greeting,Hi! Welcome back. What can I help you with?
82c156c9-30c8-4a91-905f-6bdc9d72fd1c,2643,"Hi, I need some help.",greeting,Hello there! How can I assist you with your orders today?
c3f53430-9485-49ef-b621-4f4189ea6987,4632,Please cancel my recent purchase.,cancel_order,You can cancel by navigating to Settings > Orders > Cancel Order. Choose the order you wish to cancel and follow the prompts.
82354b65-3f9c-4775-8703-a4a6af825617,5546,Where can I request a refund?,demand_refund,"Refund requests can be placed through Profile > Order History > Request Refund. Select your order, choose 'Request Refund', and submit your reason."
2417f342-de86-4500-a759-a1db79761de4,9487,See you next time.,goodbye,Goodbye! I hope I was able to help you today.
c8be6dba-03f0-4f4c-b9b1-b032a751bd9c,7467,I need the courier information for my order.,order_tracking,"To track your shipment, please go to Orders > Track Shipment. Enter your tracking ID for more details."
f5940848-6f92-4be6-b461-9974568ca524,7157,How do I request money back for my purchase?,demand_refund,"Refund requests can be placed through My Account > Refunds > Initiate. Select your order, choose 'Request Refund', and submit your reason."
a27e6fe1-5c20-467b-9294-a27aa5bb9c83,7589,I need help with a failed transaction.,payment_issue,You can manage and fix your payment issues at Settings > Payments > Resolve Issue. Select the relevant transaction to proceed.
d1260bbe-f5b1-4700-9cdf-6dff19dbbaba,7084,Where do I write a review for my last order?,review_order,"You can add a review by navigating to My Account > Reviews > Write Review. Once there, you’ll be able to write and submit your review."
eee529aa-f46a-4e5b-a141-0fc89aaeb845,1771,Can you show me tracking details for my order?,order_tracking,"To track your shipment, please go to Orders > Track Shipment. Enter your tracking ID for more details."
ab0aa323-204f-445b-b8d7-315bacc2d598,1552,How do I request money back for my purchase?,demand_refund,"Refund requests can be placed through My Account > Refunds > Initiate. Select your order, choose 'Request Refund', and submit your reason."
4f0af282-4ee6-474e-b927-4c96cd44d8b9,9615,Can you tell me the refund steps?,demand_refund,"Refund requests can be placed through My Account > Refunds > Initiate. Select your order, choose 'Request Refund', and submit your reason."
0d61e963-e03c-4c9f-97c3-592061953556,9947,I need help with a failed transaction.,payment_issue,"For payment issues, navigate to My Account > Billing > Payment Help. You will find tools to resolve failed or pending transactions."
d5e4a172-1468-4ab1-a577-6957dc3e500c,1894,Why was my card declined?,payment_issue,You can manage and fix your payment issues at My Account > Billing > Payment Help. Select the relevant transaction to proceed.
f002ac3f-07a3-42f1-b955-88d6f366b3ce,3770,Tell me a joke.,out_of_scope,"I’m sorry, but I can’t help with that request. Could you please rephrase or ask something else?"
df13f563-b406-4e50-9d91-7731b7b0cd57,6322,"My payment is pending, what should I do?",payment_issue,You can manage and fix your payment issues at My Account > Billing > Payment Help. Select the relevant transaction to proceed.
1cf229b3-e49a-4f02-8ddd-d6d79decc37c,7766,Has my order been shipped yet?,order_status,Head over to Profile > Orders > Check Status to see where your order is in the fulfillment process.
e3159c89-b7c4-446b-9d5d-42a38c017069,7265,Where do I write a review for my last order?,review_order,"To review your order, head over to Purchases > Feedback > Review Order. Select the order and leave your feedback."
12b30999-456e-4f9b-a9a8-d8da4528dcbc,7198,I want to share feedback about my purchase.,review_order,"To review your order, head over to Purchases > Feedback > Review Order. Select the order and leave your feedback."
d15a0b73-cf56-43d7-8c8f-b65dc04d2979,1705,My payment didn’t go through.,payment_issue,You can manage and fix your payment issues at My Account > Billing > Payment Help. Select the relevant transaction to proceed.
1b49e082-2526-4f33-8507-9e43a92d7dd4,9935,Who won the football game yesterday?,out_of_scope,This seems outside my current support scope. Please check our help center for more information.
70422db3-3653-4d01-a77d-f182014ad0bf,5827,How can I leave a review for my order?,review_order,"You can add a review by navigating to Purchases > Feedback > Review Order. Once there, you’ll be able to write and submit your review."
a1e40fe4-15c6-4f3b-95ba-6676222bd6b9,7372,Please guide me to initiate a refund.,demand_refund,"Refund requests can be placed through Settings > Orders > Refund Order. Select your order, choose 'Request Refund', and submit your reason."
e5d30af3-e15c-4e56-a9ea-aca4a24fc2b6,1593,What’s 2+2?,out_of_scope,"I’m sorry, but I can’t help with that request. Could you please rephrase or ask something else?"
71f9ae96-893e-44a5-9d5c-25a849079a9e,7110,What’s the weather like today?,out_of_scope,"I’m sorry, but I can’t help with that request. Could you please rephrase or ask something else?"
eb0d30f9-0e8d-4bbf-b682-e7713bd25b22,2493,Where can I request a refund?,demand_refund,"Refund requests can be placed through Settings > Orders > Refund Order. Select your order, choose 'Request Refund', and submit your reason."
0085e026-6acb-44db-8f55-947091ed3b80,7147,Tell me a joke.,out_of_scope,"I’m sorry, but I can’t help with that request. Could you please rephrase or ask something else?"
94cc1a82-036a-48e2-baf1-94a5b43f5796,4416,"I’m done, thanks.",goodbye,Goodbye! I hope I was able to help you today.
586ca5c6-42da-4c10-85e8-9bf26b9127ff,7522,Can you tell me the refund steps?,demand_refund,"Refund requests can be placed through My Account > Refunds > Initiate. Select your order, choose 'Request Refund', and submit your reason."
97394533-6e3a-48ad-8469-52e7595f6089,8679,See you next time.,goodbye,Goodbye! I hope I was able to help you today.
b577fa7e-c38c-4016-91a4-9df26690db9e,5377,Where is my order in the process?,order_status,You can check your order status by going to Profile > Orders > Check Status. It will display the current progress of your order.
4828ba06-2281-422e-8f73-82aab848e5da,8355,Where is my delivery right now?,order_tracking,Tracking details are available under My Account > Shipping > Track Package. It will show you real-time updates about your package location.
0cc02cff-5e06-4bbb-8008-1dffc37fc8c4,3974,How do I check if my order is confirmed?,order_status,You can check your order status by going to Orders > Select Order > View Status. It will display the current progress of your order.
697bb7c8-8c3f-4a87-8ed0-0e325f1c7406,5646,I need a refund on my last order.,demand_refund,"To get a refund, please visit Profile > Order History > Request Refund. Choose the respective order and complete the refund form."
c3193a34-f536-4a57-bd1e-ba7c2ac04258,4203,Can you help me undo an order I placed?,cancel_order,"To cancel your order, please go to Settings > Orders > Cancel Order. After selecting the order, confirm the cancellation. If you face any issues, let me know."
989715e6-abe8-4cab-bc82-e2ea305f515d,1701,My payment didn’t go through.,payment_issue,You can manage and fix your payment issues at Profile > Wallet > Payment Issues. Select the relevant transaction to proceed.
f3d7361d-9579-482f-b75e-16f7d0624658,5267,Goodbye!,goodbye,Thank you for reaching out! Have a great day.
6965d4e5-3dc6-47f4-8220-3dc4355b0633,4080,Help me post a review for my completed purchase.,review_order,"To review your order, head over to My Account > Reviews > Write Review. Select the order and leave your feedback."
6230bf13-9b27-4f50-a478-04d29fb8854c,6399,I need to speak to a human agent.,talk_to_human,"Sure, let me transfer you to one of our human representatives right away."
659e3a59-8922-4dbc-b741-4d4e90c35493,7305,Can you write me an essay?,out_of_scope,This seems outside my current support scope. Please check our help center for more information.
7acafb4d-50ea-4b87-83df-93e683cdd20c,2783,What’s the weather like today?,out_of_scope,"I’m sorry, but I can’t help with that request. Could you please rephrase or ask something else?"
c245de8c-65bf-46c6-91ae-0e00b64e4b62,1110,How do I file a complaint?,submit_complaint,"To submit a complaint, please visit Settings > Support > Submit Complaint. Provide your order details and a description of the issue."
e2cc6e4a-5f9e-4ab7-873e-d23401446e70,1718,What’s 2+2?,out_of_scope,"I’m sorry, but I can’t help with that request. Could you please rephrase or ask something else?"
41d4e5cd-04ed-42a2-93c7-9caff1ad7bc0,7565,How do I file a complaint?,submit_complaint,"You can report a problem by going to Settings > Support > Submit Complaint. Fill in the complaint form, and our team will review it shortly."
bc491698-5692-4ca7-9a88-1f550db0352e,6231,Tell me a joke.,out_of_scope,This seems outside my current support scope. Please check our help center for more information.
6ac549cc-3419-4967-9d13-dd91b8548517,1974,Can you show me tracking details for my order?,order_tracking,"To track your shipment, please go to My Account > Shipping > Track Package. Enter your tracking ID for more details."
ed016e19-dcff-4bd5-b534-239fbb89839d,8510,Can you tell me the refund steps?,demand_refund,"To get a refund, please visit Profile > Order History > Request Refund. Choose the respective order and complete the refund form."
42a08697-e545-4c4b-9b64-4068b6026688,2002,Where do I write a review for my last order?,review_order,"To review your order, head over to Orders > Select Order > Leave Review. Select the order and leave your feedback."
2f2ffa63-1140-405f-9c42-8e11b6bf55de,4868,Can I chat with someone from support?,talk_to_human,I’ll connect you with a support agent shortly. Please hold on.
6462b565-a775-424f-acfd-99899477aa59,6816,I need a refund on my last order.,demand_refund,"To get a refund, please visit Profile > Order History > Request Refund. Choose the respective order and complete the refund form."
b160e11d-d9c7-4b5d-a64f-c6f07f1730ec,5438,I want to talk to a real person.,talk_to_human,"Sure, let me transfer you to one of our human representatives right away."
700f4cb0-8c66-4c86-9daf-f75db6f6d2ce,7960,What’s 2+2?,out_of_scope,This seems outside my current support scope. Please check our help center for more information.
5273eb06-15bd-4cb9-961c-8607a6e0eeed,6916,Why was my card declined?,payment_issue,"For payment issues, navigate to My Account > Billing > Payment Help. You will find tools to resolve failed or pending transactions."
bae4c87f-6d15-452b-ad6a-772a91c5e52e,4481,Where is my order in the process?,order_status,You can check your order status by going to My Account > Purchases > Track Progress. It will display the current progress of your order.
a7a698a5-73a7-4b6f-824b-bad463720018,5293,What’s 2+2?,out_of_scope,This seems outside my current support scope. Please check our help center for more information.
102fb87f-2bf9-4065-9b3b-26a089c3bb4e,4799,Goodbye!,goodbye,Goodbye! I hope I was able to help you today.
3ea2cdfb-a5ce-49ce-ba97-47a4203f98fd,3439,What’s 2+2?,out_of_scope,"I’m sorry, but I can’t help with that request. Could you please rephrase or ask something else?"
78298a2a-0bdd-4422-80c9-667c57c9bf30,4675,Please cancel my recent purchase.,cancel_order,"To cancel your order, please go to My Account > Purchases > Cancel. After selecting the order, confirm the cancellation. If you face any issues, let me know."
eaffd661-0b39-427c-b232-94ee6167b395,4963,"Thanks, bye!",goodbye,Thank you for reaching out! Have a great day.
e557fbd3-0d58-4399-aa10-1402f19775ae,3391,Can you write me an essay?,out_of_scope,This seems outside my current support scope. Please check our help center for more information.
adfe18dc-575b-409e-85ab-ba3f204aaf3d,8731,Can I rate the product I bought?,review_order,"You can add a review by navigating to Orders > Select Order > Leave Review. Once there, you’ll be able to write and submit your review."
f33933a6-00f8-4bf7-b383-5ebaacc9cfb6,4856,Please transfer me to a representative.,talk_to_human,I’ll connect you with a support agent shortly. Please hold on.
dfd8fd6f-58e5-422c-854a-c35cdf8c11a3,3777,How do I file a complaint?,submit_complaint,"To submit a complaint, please visit Profile > Feedback > Report Problem. Provide your order details and a description of the issue."
7e916f34-7a4a-45a5-b539-f3f7ed8fa409,3283,I need the courier information for my order.,order_tracking,Tracking details are available under Orders > Track Shipment. It will show you real-time updates about your package location.
0681488a-31cc-40ad-8a8c-9d1e28930c19,5233,Can you show me tracking details for my order?,order_tracking,"To track your shipment, please go to Orders > Track Shipment. Enter your tracking ID for more details."
ab75af59-4fc5-4c64-af0a-9e2d73c804c0,6263,I need the courier information for my order.,order_tracking,Tracking details are available under Orders > Track Shipment. It will show you real-time updates about your package location.
aabc79a5-c52f-4a8d-94ea-3c9ba2347b6b,1597,What’s the current status of my order?,order_status,You can check your order status by going to Orders > Select Order > View Status. It will display the current progress of your order.
ee9157f1-8624-4627-b6e8-ff03b25f8975,7937,Can you write me an essay?,out_of_scope,This seems outside my current support scope. Please check our help center for more information.
bdbf31aa-75dd-4c63-901d-1e9433078c81,3836,There’s a billing issue with my purchase.,payment_issue,You can manage and fix your payment issues at My Account > Billing > Payment Help. Select the relevant transaction to proceed.
8bb12647-2651-4b61-b79d-663cb492e991,9478,Can I rate the product I bought?,review_order,"To review your order, head over to Orders > Select Order > Leave Review. Select the order and leave your feedback."
07483c5a-8321-40ed-8f23-cdb4de7b4bb2,3940,Where do I write a review for my last order?,review_order,"To review your order, head over to Orders > Select Order > Leave Review. Select the order and leave your feedback."
d70a8205-3907-4bc8-a86d-daf5782c9ae2,5610,Where can I request a refund?,demand_refund,"Refund requests can be placed through My Account > Refunds > Initiate. Select your order, choose 'Request Refund', and submit your reason."
67497d4f-4f7e-40ea-afa1-1b158bc9fdd2,9482,Who won the football game yesterday?,out_of_scope,"I’m sorry, but I can’t help with that request. Could you please rephrase or ask something else?"
8ecb1695-2905-4986-b8b3-8cf08835a661,4937,Please provide shipment tracking updates.,order_tracking,Tracking details are available under Orders > Track Shipment. It will show you real-time updates about your package location.
4f6b78ae-65c1-4d7d-b45a-02cbf23e6bdc,7849,My payment didn’t go through.,payment_issue,You can manage and fix your payment issues at My Account > Billing > Payment Help. Select the relevant transaction to proceed.
28d66132-5f24-4cd7-9a87-4235177fcb72,6388,What’s the weather like today?,out_of_scope,This seems outside my current support scope. Please check our help center for more information.
1e00f76d-e285-411d-9010-93f19ead9a59,7647,"Hey, how are you?",greeting,Hi! Welcome back. What can I help you with?
dd27c384-ba6d-4959-abf4-f2cb3af63ba8,5656,Where is my delivery right now?,order_tracking,"To track your shipment, please go to Orders > Track Shipment. Enter your tracking ID for more details."
408e8a3f-8103-4519-a885-3b8a32ddbb13,7349,Help me post a review for my completed purchase.,review_order,"To review your order, head over to Purchases > Feedback > Review Order. Select the order and leave your feedback."
f2263cf3-9a25-48af-9b30-790c8626fe36,5753,Can you show me tracking details for my order?,order_tracking,"To track your shipment, please go to Orders > Track Shipment. Enter your tracking ID for more details."
6b5ed3f1-f368-4e14-b01a-d5f4c037405c,1919,Can I chat with someone from support?,talk_to_human,"Sure, let me transfer you to one of our human representatives right away."
60208c0a-d903-4672-a7cf-f9fa3994fe93,8231,Where is my order in the process?,order_status,Head over to My Account > Purchases > Track Progress to see where your order is in the fulfillment process.
68ccfe7b-05ef-43f8-b0bd-fbbb47f0fae6,1773,I want to cancel my last order.,cancel_order,"To cancel your order, please go to Settings > Orders > Cancel Order. After selecting the order, confirm the cancellation. If you face any issues, let me know."
90b1b47b-cb08-49a5-ada2-f88475dfda58,6983,Can I chat with someone from support?,talk_to_human,I’ll connect you with a support agent shortly. Please hold on.
7d4f05e6-2c05-4144-9666-03a73b30225a,5880,Please guide me to initiate a refund.,demand_refund,"Refund requests can be placed through Profile > Order History > Request Refund. Select your order, choose 'Request Refund', and submit your reason."
a356bbb2-35b3-47a3-a064-cb54d8d75497,1648,What’s the weather like today?,out_of_scope,This seems outside my current support scope. Please check our help center for more information.
84a034c9-bdef-4664-b4ed-45f821f21834,9129,Can I chat with someone from support?,talk_to_human,I’ll connect you with a support agent shortly. Please hold on.
f6059422-6f32-4fa4-8c53-28a3d48da43b,8731,Hello!,greeting,Hi! Welcome back. What can I help you with?
54eee4a4-f1f7-420f-8a03-33435fed8a59,7015,Where do I write a review for my last order?,review_order,"To review your order, head over to My Account > Reviews > Write Review. Select the order and leave your feedback."
3ac69817-0d81-4103-bf44-2593e0d7acbd,4643,Track my shipment please.,order_tracking,Tracking details are available under Orders > Track Shipment. It will show you real-time updates about your package location.
ea28d115-b96c-43e6-b6a6-df469dcc7a30,9396,Where is my order in the process?,order_status,You can check your order status by going to Profile > Orders > Check Status. It will display the current progress of your order.
25fa8dd6-026e-4057-a5fe-162730991780,8693,Can you show me tracking details for my order?,order_tracking,Tracking details are available under Purchases > Delivery > Tracking Info. It will show you real-time updates about your package location.
bdcf94e0-35d5-4e68-b7e9-3479b0575d5d,1733,Why was my card declined?,payment_issue,You can manage and fix your payment issues at Profile > Wallet > Payment Issues. Select the relevant transaction to proceed.
31a51de5-4759-4e27-92f2-5f1f10fd380a,9652,Can I chat with someone from support?,talk_to_human,"Sure, let me transfer you to one of our human representatives right away."
186f6949-ede2-470b-8d76-21c0ed474716,7962,Can you help me undo an order I placed?,cancel_order,You can cancel by navigating to My Account > Purchases > Cancel. Choose the order you wish to cancel and follow the prompts.
3a79fb22-264d-4605-abd5-5a4819acf6f3,6853,"Hey, how are you?",greeting,Hello there! How can I assist you with your orders today?
a502be1b-20d1-437d-ad7d-8162b95e202b,9680,I need a refund on my last order.,demand_refund,"Refund requests can be placed through Profile > Order History > Request Refund. Select your order, choose 'Request Refund', and submit your reason."
3c0d7e44-ec7a-4016-85a7-f281970ce04e,2590,Where is my order in the process?,order_status,You can check your order status by going to My Account > Purchases > Track Progress. It will display the current progress of your order.
fe99161f-2673-4831-9bd3-c38902bd67f5,5783,I want to cancel my last order.,cancel_order,You can cancel by navigating to Settings > Orders > Cancel Order. Choose the order you wish to cancel and follow the prompts.
8625185e-ecbf-4961-b2b7-162ee6db6106,5839,See you next time.,goodbye,Goodbye! I hope I was able to help you today.
894b7dde-ce7e-46a4-85f3-d06ad6e42e60,6677,Where is my order in the process?,order_status,Head over to Profile > Orders > Check Status to see where your order is in the fulfillment process.
ba4b55c4-7dee-4777-9942-d0ddd9e760dc,4485,Please guide me to initiate a refund.,demand_refund,"To get a refund, please visit Profile > Order History > Request Refund. Choose the respective order and complete the refund form."
4188f25b-1ed2-4b15-999f-098df15a85b5,6648,There’s a billing issue with my purchase.,payment_issue,"For payment issues, navigate to My Account > Billing > Payment Help. You will find tools to resolve failed or pending transactions."
759b4f47-ce34-4d3b-b1d1-eb958fa676d5,6630,There’s an issue I need to report.,submit_complaint,"You can report a problem by going to Profile > Feedback > Report Problem. Fill in the complaint form, and our team will review it shortly."
1df13ec7-5aa2-4888-a271-1582fbad89a4,2348,"Thanks, bye!",goodbye,Goodbye! I hope I was able to help you today.
7686fc78-4a09-4567-93fd-20fc67c88596,1766,Where do I write a review for my last order?,review_order,"To review your order, head over to Purchases > Feedback > Review Order. Select the order and leave your feedback."
2083cfcd-5fb6-4938-b46c-9e188ddb966c,4337,Why was my card declined?,payment_issue,"For payment issues, navigate to My Account > Billing > Payment Help. You will find tools to resolve failed or pending transactions."
6af3b68c-8bae-486f-a6f8-11e09324cadd,3319,How do I check if my order is confirmed?,order_status,You can check your order status by going to My Account > Purchases > Track Progress. It will display the current progress of your order.
160a20ca-e0d5-4f5b-b1ee-d10230bb9d3b,3794,Please transfer me to a representative.,talk_to_human,I’ll connect you with a support agent shortly. Please hold on.
3c9fe907-3873-4a07-b462-cb85c0eac2a5,1449,Why was my card declined?,payment_issue,You can manage and fix your payment issues at Settings > Payments > Resolve Issue. Select the relevant transaction to proceed.
be9e7838-371b-4c1f-9c6e-3370917206fd,7139,How can I leave a review for my order?,review_order,"You can add a review by navigating to Purchases > Feedback > Review Order. Once there, you’ll be able to write and submit your review."
8863e59e-18d8-47fe-ab90-48b781149258,7134,Can I chat with someone from support?,talk_to_human,"Sure, let me transfer you to one of our human representatives right away."
3a77be11-25a4-4f8d-a9a8-0aaa4371382a,6170,Please provide shipment tracking updates.,order_tracking,"To track your shipment, please go to Purchases > Delivery > Tracking Info. Enter your tracking ID for more details."
f28aa120-ea80-420b-9966-cfc699a8a267,8342,I need a refund on my last order.,demand_refund,"Refund requests can be placed through Settings > Orders > Refund Order. Select your order, choose 'Request Refund', and submit your reason."
9921c1fc-a0f3-4737-a892-87182370dba3,3906,Can you write me an essay?,out_of_scope,This seems outside my current support scope. Please check our help center for more information.
000e36d2-51b5-4b08-ac97-036162893d81,7436,Please help me submit a problem report.,submit_complaint,"You can report a problem by going to Settings > Support > Submit Complaint. Fill in the complaint form, and our team will review it shortly."
461b079b-a5f2-4efd-b375-4e07c1d754a8,4236,How do I check if my order is confirmed?,order_status,Head over to My Account > Purchases > Track Progress to see where your order is in the fulfillment process.
70e08403-2021-4598-9459-9fa580195818,8545,Can you connect me to support staff?,talk_to_human,"Sure, let me transfer you to one of our human representatives right away."
4cce5c2c-cf22-4f7d-9f75-5df8e5f058ef,1288,How do I file a complaint?,submit_complaint,"To submit a complaint, please visit Profile > Feedback > Report Problem. Provide your order details and a description of the issue."
f88fa5e6-cc20-451e-a7b2-c261551e99aa,3287,Tell me a joke.,out_of_scope,"I’m sorry, but I can’t help with that request. Could you please rephrase or ask something else?"
be721146-0bf5-4166-9002-a9ae2c7ea0ce,2536,Hello!,greeting,Hi! Welcome back. What can I help you with?
bc0968df-dd5b-4138-ad7c-d18471f9566e,3499,How do I file a complaint?,submit_complaint,"You can report a problem by going to Settings > Support > Submit Complaint. Fill in the complaint form, and our team will review it shortly."
374dc5f3-86ac-4521-8f4a-e6bbe2152210,2667,There’s a billing issue with my purchase.,payment_issue,"For payment issues, navigate to Settings > Payments > Resolve Issue. You will find tools to resolve failed or pending transactions."
88ad8903-5124-4a5f-a9a6-0afb02974b24,2824,Can you write me an essay?,out_of_scope,This seems outside my current support scope. Please check our help center for more information.
417920f8-65ec-44e8-8a39-ae20c663bbb0,7647,See you next time.,goodbye,Thank you for reaching out! Have a great day.
05ba2947-4a06-4003-95ea-4d2c37919c7f,6791,How do I check if my order is confirmed?,order_status,You can check your order status by going to Profile > Orders > Check Status. It will display the current progress of your order.
a20bf832-0210-4d7c-9582-1846fe12b5b2,7454,I need to speak to a human agent.,talk_to_human,I’ll connect you with a support agent shortly. Please hold on.
89ca4668-97c3-487b-8d35-6f39dd5707a6,4622,See you next time.,goodbye,Thank you for reaching out! Have a great day.
b3b2d6c0-27e1-4b5f-a4f2-5748037689a8,7027,Where is my order in the process?,order_status,Head over to Orders > Select Order > View Status to see where your order is in the fulfillment process.
468ab9d7-977e-4ea8-8874-286d49441862,6638,Can you help me undo an order I placed?,cancel_order,You can cancel by navigating to My Account > Purchases > Cancel. Choose the order you wish to cancel and follow the prompts.
3bbeb0c9-3132-4eaf-8f05-16074c3c2ca2,5928,Can I chat with someone from support?,talk_to_human,I’ll connect you with a support agent shortly. Please hold on.
4382b619-6e8f-43b6-8c66-f0cb42ddbdec,3784,There’s an issue I need to report.,submit_complaint,"You can report a problem by going to Help Center > Complaints > File Issue. Fill in the complaint form, and our team will review it shortly."
385a63c4-9536-497c-821e-564c0fd16a37,6265,Good morning!,greeting,Hi! Welcome back. What can I help you with?
e89279c0-a445-4e8b-aa2b-e5e9fbfa3bbf,5123,Catch you later.,goodbye,Goodbye! I hope I was able to help you today.
b9ea0ccb-d585-4ce4-816f-4dfdb48d9da8,3458,Hello!,greeting,Hello there! How can I assist you with your orders today?
37b90574-ef0f-4e5a-9fca-0b27b372b28f,6755,Can you help me undo an order I placed?,cancel_order,You can cancel by navigating to My Account > Purchases > Cancel. Choose the order you wish to cancel and follow the prompts.
43e6c115-d9e6-4337-bcfe-3fb120ba0208,7261,Where is my delivery right now?,order_tracking,Tracking details are available under Orders > Track Shipment. It will show you real-time updates about your package location.
e77ae7f2-031b-43e8-a741-35e1c8fa49a0,9484,"My payment is pending, what should I do?",payment_issue,You can manage and fix your payment issues at Settings > Payments > Resolve Issue. Select the relevant transaction to proceed.
5c8999c9-65bb-4708-8cb1-85165c8d7687,7829,Can you connect me to support staff?,talk_to_human,"Sure, let me transfer you to one of our human representatives right away."
47b39742-d104-4bf4-901b-2e6e75a07c73,4616,Can you tell me the refund steps?,demand_refund,"Refund requests can be placed through My Account > Refunds > Initiate. Select your order, choose 'Request Refund', and submit your reason."
6c37ee2b-266c-4d49-a6b2-299c5719cfe8,6725,There’s a billing issue with my purchase.,payment_issue,You can manage and fix your payment issues at Settings > Payments > Resolve Issue. Select the relevant transaction to proceed.
51a4c8a9-bc7e-4e54-97e1-9a1878bbb04c,5285,See you next time.,goodbye,Thank you for reaching out! Have a great day.
ef2f16fa-bbf7-4567-8984-b1b2463f505c,6096,See you next time.,goodbye,Goodbye! I hope I was able to help you today.
ddbd99ab-3b50-462d-a88a-8ccd8f995954,1047,I want to share feedback about my purchase.,review_order,"To review your order, head over to My Account > Reviews > Write Review. Select the order and leave your feedback."
6ce2c901-31b6-4317-82a0-7667394f55ca,5151,I want to cancel my last order.,cancel_order,"To cancel your order, please go to Profile > Order History > Cancel Order. After selecting the order, confirm the cancellation. If you face any issues, let me know."
6ddf8c17-355c-441a-8f6f-2e7a444bf144,4894,I want to share feedback about my purchase.,review_order,"To review your order, head over to Orders > Select Order > Leave Review. Select the order and leave your feedback."
b1c8d925-be06-44ec-a1ab-7e200dd0d737,9833,Hello!,greeting,Hello there! How can I assist you with your orders today?
33b4287b-6370-4cdc-8217-0bec5538122c,7069,Can you connect me to support staff?,talk_to_human,"Sure, let me transfer you to one of our human representatives right away."
4084b440-6ce0-46a2-a20c-e823cb9f6ea4,8290,Has my order been shipped yet?,order_status,Head over to My Account > Purchases > Track Progress to see where your order is in the fulfillment process.
ed6c9cfa-e998-4522-94b5-61726196f15e,5145,How do I request money back for my purchase?,demand_refund,"To get a refund, please visit Profile > Order History > Request Refund. Choose the respective order and complete the refund form."
e7cea825-b193-4366-9d45-bfaa62a18e63,1702,Has my order been shipped yet?,order_status,You can check your order status by going to Orders > Select Order > View Status. It will display the current progress of your order.
a94954ad-3b11-4d4f-9a82-0ef86325bd63,7683,I want to complain about a product.,submit_complaint,"To submit a complaint, please visit Settings > Support > Submit Complaint. Provide your order details and a description of the issue."
b062ffe6-ec4b-4505-b3b5-ed325dbb81d1,9469,Can you connect me to support staff?,talk_to_human,I’ll connect you with a support agent shortly. Please hold on.
d526941b-6b59-4013-92a2-de3bb96ee021,1465,Hello!,greeting,Hi! Welcome back. What can I help you with?
111eff98-3127-40ab-8c7c-66a170283198,4498,Can I rate the product I bought?,review_order,"To review your order, head over to Orders > Select Order > Leave Review. Select the order and leave your feedback."
4f3f81bd-7c21-40ee-a775-6e74de0e66b1,7003,How do I request money back for my purchase?,demand_refund,"Refund requests can be placed through Profile > Order History > Request Refund. Select your order, choose 'Request Refund', and submit your reason."
48b6933b-6f06-4b78-b006-e57b8a6c9047,2368,Can I rate the product I bought?,review_order,"You can add a review by navigating to My Account > Reviews > Write Review. Once there, you’ll be able to write and submit your review."
dcd31b3a-527f-4869-905c-f80d804c4822,5123,What’s 2+2?,out_of_scope,This seems outside my current support scope. Please check our help center for more information.
2efa0b7d-bd37-4825-a3fc-d290003880fc,3251,"Thanks, bye!",goodbye,Goodbye! I hope I was able to help you today.
46ab5376-55b9-4e64-8a11-709670095e1e,4950,See you next time.,goodbye,Thank you for reaching out! Have a great day.
6c278e43-3ece-49be-831b-b7904520dfad,4002,See you next time.,goodbye,Goodbye! I hope I was able to help you today.
f5546e4a-7453-40d9-90e5-88dcde293ffa,2829,Why was my card declined?,payment_issue,"For payment issues, navigate to Settings > Payments > Resolve Issue. You will find tools to resolve failed or pending transactions."
3e39e1aa-2e73-4075-84ba-fd0869f94e17,6599,Good morning!,greeting,Hi! Welcome back. What can I help you with?
e925267c-355b-4d7b-80e1-d03d26f79669,3452,Can I rate the product I bought?,review_order,"You can add a review by navigating to My Account > Reviews > Write Review. Once there, you’ll be able to write and submit your review."
aceffb96-88d7-4abe-8571-22039417e8b8,7745,I need the courier information for my order.,order_tracking,Tracking details are available under Orders > Track Shipment. It will show you real-time updates about your package location.
df9dbf9b-498a-4abb-a80f-97910a814325,7149,I need to speak to a human agent.,talk_to_human,I’ll connect you with a support agent shortly. Please hold on.
778a7e9e-57c0-4ff1-a2fb-8314123bced2,4470,I want to talk to a real person.,talk_to_human,I’ll connect you with a support agent shortly. Please hold on.
ae700b92-c4bb-4589-b2c4-02e993c12245,7264,Can you tell me the refund steps?,demand_refund,"Refund requests can be placed through Profile > Order History > Request Refund. Select your order, choose 'Request Refund', and submit your reason."
585c5e04-9242-4f9e-8a52-2a9c3d25c48e,4187,Where can I request a refund?,demand_refund,"To get a refund, please visit Profile > Order History > Request Refund. Choose the respective order and complete the refund form."
ff2b097c-7c1a-4218-9650-38ef587753c8,6036,I need a refund on my last order.,demand_refund,"Refund requests can be placed through Settings > Orders > Refund Order. Select your order, choose 'Request Refund', and submit your reason."
64a6f79b-ee7e-4dbc-8431-fabd5552cfa3,4252,Tell me the progress of my recent order.,order_status,Head over to My Account > Purchases > Track Progress to see where your order is in the fulfillment process.
9d0d4306-8dd5-428f-8f15-e223d5c4e9ea,3601,Good morning!,greeting,Hello there! How can I assist you with your orders today?
a2a0efd9-48b7-4eed-b898-cd4fe65f7595,4818,I need to speak to a human agent.,talk_to_human,"Sure, let me transfer you to one of our human representatives right away."
b5bd9d48-5573-447e-94d2-7302eac7198f,5243,Where is my delivery right now?,order_tracking,"To track your shipment, please go to Orders > Track Shipment. Enter your tracking ID for more details."
ea575817-f69f-4ab5-9342-0b241d2fca44,8273,I need help with a failed transaction.,payment_issue,"For payment issues, navigate to My Account > Billing > Payment Help. You will find tools to resolve failed or pending transactions."
dc3c0d2d-bb41-43da-ae0a-8441103c1e41,1837,There’s a billing issue with my purchase.,payment_issue,You can manage and fix your payment issues at My Account > Billing > Payment Help. Select the relevant transaction to proceed.
abb0b99a-fa2a-48af-bef9-6bb5351297a2,7523,Please provide shipment tracking updates.,order_tracking,"To track your shipment, please go to Purchases > Delivery > Tracking Info. Enter your tracking ID for more details."
3808d0ba-aec5-481c-aab5-e1c0254ce5ed,8959,How do I file a complaint?,submit_complaint,"To submit a complaint, please visit Profile > Feedback > Report Problem. Provide your order details and a description of the issue."
c9dae84f-1f13-42b9-94b3-774d5d370a11,5444,Is there a way to stop processing on my order?,cancel_order,You can cancel by navigating to My Account > Purchases > Cancel. Choose the order you wish to cancel and follow the prompts.
b85d504f-d5eb-47e8-a140-c42abcaa80c7,4932,Catch you later.,goodbye,Goodbye! I hope I was able to help you today.
480f81df-7e14-427b-a062-ab29fdd8c817,3240,"Thanks, bye!",goodbye,Goodbye! I hope I was able to help you today.
db267683-c4e3-4e6e-99a9-60d915daaf87,6817,Please cancel my recent purchase.,cancel_order,"To cancel your order, please go to Profile > Order History > Cancel Order. After selecting the order, confirm the cancellation. If you face any issues, let me know."
c5d061f2-2056-49f9-99b9-39d573f73d9b,4667,Please transfer me to a representative.,talk_to_human,"Sure, let me transfer you to one of our human representatives right away."
71fc4fd8-f7c1-421d-8e83-83b45ee570d0,3454,Please provide shipment tracking updates.,order_tracking,Tracking details are available under My Account > Shipping > Track Package. It will show you real-time updates about your package location.
c2593075-ac34-42d3-934c-60db83cb58d8,5923,Where can I request a refund?,demand_refund,"Refund requests can be placed through Profile > Order History > Request Refund. Select your order, choose 'Request Refund', and submit your reason."
59e51baa-3a6b-40b8-9539-e9c44659a5aa,6403,I want to share feedback about my purchase.,review_order,"To review your order, head over to My Account > Reviews > Write Review. Select the order and leave your feedback."
ffe02024-05e9-41fa-9acd-97541ff90cd8,3632,Please cancel my recent purchase.,cancel_order,"To cancel your order, please go to Profile > Order History > Cancel Order. After selecting the order, confirm the cancellation. If you face any issues, let me know."
059dced5-1280-4a47-b10c-f0260397f70e,2830,Please guide me to initiate a refund.,demand_refund,"To get a refund, please visit Profile > Order History > Request Refund. Choose the respective order and complete the refund form."
b68d4848-67cc-4dea-a055-1b7db8edbd84,1043,Please guide me to initiate a refund.,demand_refund,"Refund requests can be placed through Settings > Orders > Refund Order. Select your order, choose 'Request Refund', and submit your reason."
a570b27a-d1c9-41d8-9ade-f408bcaeda62,3157,Is there a way to stop processing on my order?,cancel_order,You can cancel by navigating to My Account > Purchases > Cancel. Choose the order you wish to cancel and follow the prompts.
94dd7c1b-8613-4d98-a0d5-523150e8b774,6055,I need help with a failed transaction.,payment_issue,You can manage and fix your payment issues at My Account > Billing > Payment Help. Select the relevant transaction to proceed.
8c0165f9-1216-4ea5-9b7f-ca58f0c166b2,6198,I want to talk to a real person.,talk_to_human,I’ll connect you with a support agent shortly. Please hold on.
49972ac9-022b-41d5-a70e-5a1d520b5c5e,2547,Can I rate the product I bought?,review_order,"You can add a review by navigating to Purchases > Feedback > Review Order. Once there, you’ll be able to write and submit your review."
1553400a-b75c-428f-8c18-5c96adc5b3a8,7452,Tell me a joke.,out_of_scope,"I’m sorry, but I can’t help with that request. Could you please rephrase or ask something else?"
09351f46-0e44-4f52-bd7e-28f8a8a3f470,2311,My payment didn’t go through.,payment_issue,"For payment issues, navigate to Profile > Wallet > Payment Issues. You will find tools to resolve failed or pending transactions."
fe63141e-ce5f-411b-8cfe-1fe78978df41,4018,I need help with a failed transaction.,payment_issue,You can manage and fix your payment issues at My Account > Billing > Payment Help. Select the relevant transaction to proceed.
c54bb224-0ace-476f-9801-473f320656e1,3204,Has my order been shipped yet?,order_status,Head over to Orders > Select Order > View Status to see where your order is in the fulfillment process.
674aadd0-c386-4826-b839-89ce4cfebf8d,1724,I need to speak to a human agent.,talk_to_human,"Sure, let me transfer you to one of our human representatives right away."
2a616de0-5472-47bc-adcf-d354a3235e72,8388,There’s a billing issue with my purchase.,payment_issue,You can manage and fix your payment issues at Profile > Wallet > Payment Issues. Select the relevant transaction to proceed.
09148e42-afbe-4f91-afb3-4b293ac673ec,8154,My payment didn’t go through.,payment_issue,You can manage and fix your payment issues at Settings > Payments > Resolve Issue. Select the relevant transaction to proceed.
3bcf3996-0710-484c-ae00-f4a5673b97ab,6334,Please help me submit a problem report.,submit_complaint,"You can report a problem by going to Help Center > Complaints > File Issue. Fill in the complaint form, and our team will review it shortly."
522be166-3b93-4fc7-85db-e16cd852d952,4181,Good morning!,greeting,Hi! Welcome back. What can I help you with?
95e5132f-f035-453f-8a49-361accb6a4e3,9893,Hello!,greeting,Hello there! How can I assist you with your orders today?
5a53fa7a-a9bd-4fd9-ac15-f7de0ae3530c,6356,Can I rate the product I bought?,review_order,"To review your order, head over to Orders > Select Order > Leave Review. Select the order and leave your feedback."
ab668f94-bb62-49c3-a4ce-8be81aa36ed5,4352,See you next time.,goodbye,Goodbye! I hope I was able to help you today.
9991ec17-9245-4b48-bf21-dab3616a13ef,9199,How do I request money back for my purchase?,demand_refund,"To get a refund, please visit Settings > Orders > Refund Order. Choose the respective order and complete the refund form."
8f461353-d67e-4f03-8129-b425e99c3adb,2603,I need a refund on my last order.,demand_refund,"To get a refund, please visit My Account > Refunds > Initiate. Choose the respective order and complete the refund form."
4d40d31c-e790-43a0-9b2b-0b2f7ced962d,5186,How do I check if my order is confirmed?,order_status,You can check your order status by going to My Account > Purchases > Track Progress. It will display the current progress of your order.
a2a7373f-c4cf-4faf-b0fb-80411543ed94,2879,How can I leave a review for my order?,review_order,"To review your order, head over to Orders > Select Order > Leave Review. Select the order and leave your feedback."
1e3a7b28-a5de-4a50-bb19-69f7ad2df0ec,9633,Goodbye!,goodbye,Thank you for reaching out! Have a great day.
cfbc6a6b-c1f9-45e2-b7be-1e4fc101fb8f,6239,There’s a billing issue with my purchase.,payment_issue,You can manage and fix your payment issues at My Account > Billing > Payment Help. Select the relevant transaction to proceed.
a56caffd-c5af-45d2-85ab-f1fd74d12eef,5374,Can you write me an essay?,out_of_scope,"I’m sorry, but I can’t help with that request. Could you please rephrase or ask something else?"
89ed475f-2d8d-428f-a0ba-f73bbd6e96a5,1629,Where do I write a review for my last order?,review_order,"To review your order, head over to Purchases > Feedback > Review Order. Select the order and leave your feedback."
288c4a92-dff7-4562-a722-f18f8cc139c7,3919,I want to complain about a product.,submit_complaint,"You can report a problem by going to Settings > Support > Submit Complaint. Fill in the complaint form, and our team will review it shortly."
d39de8b3-a994-4bab-9e3a-1a598b636050,9805,Can you connect me to support staff?,talk_to_human,I’ll connect you with a support agent shortly. Please hold on.
6a23b708-1586-4f21-aac8-6c5dda0d9eac,8232,Can you show me tracking details for my order?,order_tracking,Tracking details are available under Orders > Track Shipment. It will show you real-time updates about your package location.
fdece570-46de-4e79-ab61-fed2dfd3b2e2,7094,Where is my order in the process?,order_status,Head over to Profile > Orders > Check Status to see where your order is in the fulfillment process.
ba718c21-6595-4497-8636-6277544c0834,8853,Good morning!,greeting,Hello there! How can I assist you with your orders today?
f42ee352-3369-4fd2-b2fb-83fb274c0bd3,5223,I need help with a failed transaction.,payment_issue,You can manage and fix your payment issues at Profile > Wallet > Payment Issues. Select the relevant transaction to proceed.
f3517c8a-a86b-4fb3-9606-7e18b66519f7,6221,Where do I go to cancel an order?,cancel_order,You can cancel by navigating to Settings > Orders > Cancel Order. Choose the order you wish to cancel and follow the prompts.
02f17f48-8e2e-4eae-a940-43317c4be0eb,2588,Where do I go to raise a complaint?,submit_complaint,"To submit a complaint, please visit Settings > Support > Submit Complaint. Provide your order details and a description of the issue."
699cb754-984c-4ce9-8762-3c6a236c6f9f,7959,What’s the current status of my order?,order_status,You can check your order status by going to Orders > Select Order > View Status. It will display the current progress of your order.
4aa813c9-1ce8-48de-a19c-ebd616b950fb,9312,See you next time.,goodbye,Thank you for reaching out! Have a great day.
cfdaff5f-2a86-485e-b9d7-eb4e11e3dbe1,4911,Where do I go to cancel an order?,cancel_order,"To cancel your order, please go to My Account > Purchases > Cancel. After selecting the order, confirm the cancellation. If you face any issues, let me know."
f7c25292-cba9-400a-8d0f-35d735d3352d,7015,"I’m done, thanks.",goodbye,Goodbye! I hope I was able to help you today.
0d2277ff-5bcb-4883-b2eb-01ef6b6a994d,2302,See you next time.,goodbye,Goodbye! I hope I was able to help you today.
f53292bc-2732-4474-9140-3def317ff9ca,8206,Please help me submit a problem report.,submit_complaint,"You can report a problem by going to Help Center > Complaints > File Issue. Fill in the complaint form, and our team will review it shortly."
36e38075-0176-42aa-ac30-45bfbd956916,9439,"Hey, how are you?",greeting,Hello there! How can I assist you with your orders today?
96f1abac-7aa7-42fc-92fa-6dc25c437190,2432,I want to cancel my last order.,cancel_order,You can cancel by navigating to Profile > Order History > Cancel Order. Choose the order you wish to cancel and follow the prompts.
4cdb0fd4-83e2-4d73-a65b-1c8a3edcbe46,9462,How can I leave a review for my order?,review_order,"To review your order, head over to Orders > Select Order > Leave Review. Select the order and leave your feedback."
d873c981-0969-466e-a6a2-e44a7408c8de,6652,How do I request money back for my purchase?,demand_refund,"To get a refund, please visit My Account > Refunds > Initiate. Choose the respective order and complete the refund form."
97159a5f-91f5-4a07-b27b-0babd9f097d0,6887,Tell me the progress of my recent order.,order_status,You can check your order status by going to Profile > Orders > Check Status. It will display the current progress of your order.
f720fa2c-e246-49e5-9a38-9aa10f8afc07,3622,Who won the football game yesterday?,out_of_scope,This seems outside my current support scope. Please check our help center for more information.
18a36150-589f-48b4-9569-dc53ef14ed2a,2127,Can I chat with someone from support?,talk_to_human,I’ll connect you with a support agent shortly. Please hold on.
b2598029-9844-4586-8c70-299f5747ef90,1484,I need help with a failed transaction.,payment_issue,"For payment issues, navigate to Profile > Wallet > Payment Issues. You will find tools to resolve failed or pending transactions."
fb875125-39ef-486d-a969-e7734886e2d0,8929,I want to share feedback about my purchase.,review_order,"You can add a review by navigating to My Account > Reviews > Write Review. Once there, you’ll be able to write and submit your review."
95122b8c-7bfd-4573-a3f9-4f9f7c864956,3511,There’s an issue I need to report.,submit_complaint,"You can report a problem by going to Profile > Feedback > Report Problem. Fill in the complaint form, and our team will review it shortly."
3914c998-a675-48b6-8dd9-facb6565d6d4,6316,Why was my card declined?,payment_issue,"For payment issues, navigate to My Account > Billing > Payment Help. You will find tools to resolve failed or pending transactions."
83af8fbd-0ecf-41c9-8112-ff20e4b90471,6588,Has my order been shipped yet?,order_status,Head over to Orders > Select Order > View Status to see where your order is in the fulfillment process.
0e54651e-7ae7-4b38-a8b0-5951328c8780,3158,Tell me the progress of my recent order.,order_status,You can check your order status by going to Profile > Orders > Check Status. It will display the current progress of your order.
78f66930-7d52-400c-991d-efcd014f880f,2995,"Hi, I need some help.",greeting,Hi! Welcome back. What can I help you with?
58d428e8-acc8-49c0-bf4c-a0c5bda1093d,8127,Who won the football game yesterday?,out_of_scope,"I’m sorry, but I can’t help with that request. Could you please rephrase or ask something else?"
82314e42-cf77-4706-9902-c06e3ee59322,4067,I need help with a failed transaction.,payment_issue,You can manage and fix your payment issues at Profile > Wallet > Payment Issues. Select the relevant transaction to proceed.
c3ec701a-9c94-4f81-8276-bac8e9d7fea2,4183,Please cancel my recent purchase.,cancel_order,You can cancel by navigating to Profile > Order History > Cancel Order. Choose the order you wish to cancel and follow the prompts.
e887f080-f61a-477b-8e2e-b404dde66e43,6527,How do I request money back for my purchase?,demand_refund,"To get a refund, please visit My Account > Refunds > Initiate. Choose the respective order and complete the refund form."
2807b709-a524-4348-a617-904c32d6face,4317,"My payment is pending, what should I do?",payment_issue,You can manage and fix your payment issues at Profile > Wallet > Payment Issues. Select the relevant transaction to proceed.
82a8e517-aa95-4611-9d91-d9bc1e2cef22,1694,I need a refund on my last order.,demand_refund,"To get a refund, please visit Settings > Orders > Refund Order. Choose the respective order and complete the refund form."
ace06910-ecf6-470e-b928-f1c11eb8b8b2,6952,What’s the weather like today?,out_of_scope,"I’m sorry, but I can’t help with that request. Could you please rephrase or ask something else?"
e6bedcb2-1d51-4b1a-994b-7591ea10e023,4573,Where do I go to raise a complaint?,submit_complaint,"You can report a problem by going to Help Center > Complaints > File Issue. Fill in the complaint form, and our team will review it shortly."
2dd9a406-dc72-4a42-9890-042166bcc24f,9642,Where is my delivery right now?,order_tracking,Tracking details are available under My Account > Shipping > Track Package. It will show you real-time updates about your package location.
00c1fb9a-88e0-4475-a165-99079fa497ed,3739,My payment didn’t go through.,payment_issue,You can manage and fix your payment issues at Profile > Wallet > Payment Issues. Select the relevant transaction to proceed.
d09d85a6-d1a7-4204-b1d3-c47f198660b9,4455,Where can I request a refund?,demand_refund,"To get a refund, please visit Profile > Order History > Request Refund. Choose the respective order and complete the refund form."
e73ece03-be2b-4027-bc50-314cfad82bbb,4956,Tell me a joke.,out_of_scope,"I’m sorry, but I can’t help with that request. Could you please rephrase or ask something else?"
71a9cbf7-ccd4-4786-a8c5-b0d397c9e767,9306,Tell me a joke.,out_of_scope,"I’m sorry, but I can’t help with that request. Could you please rephrase or ask something else?"
5a250cd5-3874-4f4b-ac4e-f659567fe82f,5694,Can you write me an essay?,out_of_scope,This seems outside my current support scope. Please check our help center for more information.
878d1a66-fb67-41ef-9c31-f1a1b6a4f564,9746,What’s 2+2?,out_of_scope,This seems outside my current support scope. Please check our help center for more information.
39ecef98-5bb6-40e7-a35e-daa278a206f5,6138,Help me post a review for my completed purchase.,review_order,"To review your order, head over to Orders > Select Order > Leave Review. Select the order and leave your feedback."
a7f442c3-5929-42b7-a16d-5370002ee9ca,6570,Is there a way to stop processing on my order?,cancel_order,You can cancel by navigating to My Account > Purchases > Cancel. Choose the order you wish to cancel and follow the prompts.
97b43d85-61b1-4bc6-9ce6-2f8274bcfc03,4973,Please provide shipment tracking updates.,order_tracking,"To track your shipment, please go to Purchases > Delivery > Tracking Info. Enter your tracking ID for more details."
7fe86cbe-a973-4070-a5c1-3b3dcb40c2bd,9339,Catch you later.,goodbye,Thank you for reaching out! Have a great day.
85439947-96b8-46a8-b3ce-cd6fb50a1264,9724,Can you write me an essay?,out_of_scope,This seems outside my current support scope. Please check our help center for more information.
a018c722-06ea-4e81-b14f-16a83eda2278,4304,How do I request money back for my purchase?,demand_refund,"Refund requests can be placed through Settings > Orders > Refund Order. Select your order, choose 'Request Refund', and submit your reason."
10c21a95-f0e9-4a25-a0fb-1fa096847915,2201,What’s 2+2?,out_of_scope,This seems outside my current support scope. Please check our help center for more information.
965af6c0-7c8c-4c3f-b847-ca3e4e3d8f9b,3785,Where do I go to cancel an order?,cancel_order,"To cancel your order, please go to Profile > Order History > Cancel Order. After selecting the order, confirm the cancellation. If you face any issues, let me know."
85fed5ee-9a8c-45ef-80fa-ad8869be734d,2689,Goodbye!,goodbye,Thank you for reaching out! Have a great day.
7c0728c0-ae4e-4efb-acc6-fe7753e4daf7,7499,Can you help me undo an order I placed?,cancel_order,"To cancel your order, please go to Settings > Orders > Cancel Order. After selecting the order, confirm the cancellation. If you face any issues, let me know."
62e02985-2ded-405d-9605-25c83517b60f,7936,I want to cancel my last order.,cancel_order,You can cancel by navigating to Profile > Order History > Cancel Order. Choose the order you wish to cancel and follow the prompts.
e001c63e-4283-4e0c-ae7b-74472049133b,3260,Is there a way to stop processing on my order?,cancel_order,"To cancel your order, please go to My Account > Purchases > Cancel. After selecting the order, confirm the cancellation. If you face any issues, let me know."
668794d5-6683-42a7-ab9b-d502652609e4,9879,What’s the current status of my order?,order_status,Head over to Profile > Orders > Check Status to see where your order is in the fulfillment process.
bb0a8361-42b1-4457-a439-841cb3018dac,5443,Can you write me an essay?,out_of_scope,"I’m sorry, but I can’t help with that request. Could you please rephrase or ask something else?"
46072fb6-57e0-41ac-9e22-d89329b22238,5416,"My payment is pending, what should I do?",payment_issue,"For payment issues, navigate to Profile > Wallet > Payment Issues. You will find tools to resolve failed or pending transactions."
715e13c9-3f7c-46cf-b8ad-95e69a699c11,5524,"I’m done, thanks.",goodbye,Goodbye! I hope I was able to help you today.
c02b123b-36e2-4e68-a96b-127aec00f6bb,6777,What’s 2+2?,out_of_scope,"I’m sorry, but I can’t help with that request. Could you please rephrase or ask something else?"
0312dab8-0063-4611-be4b-fc55622d7377,1969,Can you tell me the refund steps?,demand_refund,"To get a refund, please visit Settings > Orders > Refund Order. Choose the respective order and complete the refund form."
92e094f2-1c5a-4f93-9b5e-12463af2c1a7,4496,Where do I go to raise a complaint?,submit_complaint,"To submit a complaint, please visit Settings > Support > Submit Complaint. Provide your order details and a description of the issue."
0a3c23bb-4375-4309-bec7-871eb2f87750,7144,I want to complain about a product.,submit_complaint,"To submit a complaint, please visit Help Center > Complaints > File Issue. Provide your order details and a description of the issue."
870df0ac-e1e9-4da9-a4a9-320485e6e118,4225,I need help with a failed transaction.,payment_issue,"For payment issues, navigate to Profile > Wallet > Payment Issues. You will find tools to resolve failed or pending transactions."
a5f812bc-b7be-4676-a40b-118ece00d16c,4087,Can you show me tracking details for my order?,order_tracking,Tracking details are available under Orders > Track Shipment. It will show you real-time updates about your package location.
9980130a-12bf-41ed-89a6-e872e3297fa5,3302,"Hey, how are you?",greeting,Hi! Welcome back. What can I help you with?
463b9f24-4d76-4eaf-8e01-2bf66ba75407,7692,I want to talk to a real person.,talk_to_human,I’ll connect you with a support agent shortly. Please hold on.
718255ab-0f6f-4e20-a61a-b956ba6b8b2e,8159,"My payment is pending, what should I do?",payment_issue,"For payment issues, navigate to Settings > Payments > Resolve Issue. You will find tools to resolve failed or pending transactions."
e1f75564-b876-40d7-9d63-d1240f42be7f,4813,Can you help me undo an order I placed?,cancel_order,"To cancel your order, please go to My Account > Purchases > Cancel. After selecting the order, confirm the cancellation. If you face any issues, let me know."
bfe5b375-f9e5-42f1-a9e6-32f836f0d7f8,9006,"My payment is pending, what should I do?",payment_issue,"For payment issues, navigate to My Account > Billing > Payment Help. You will find tools to resolve failed or pending transactions."
b2d40863-e77c-4ea0-bf5a-0001bb51e389,5465,Help me post a review for my completed purchase.,review_order,"To review your order, head over to Orders > Select Order > Leave Review. Select the order and leave your feedback."
62e16279-737e-411e-9e82-7df05d53c0f1,7387,See you next time.,goodbye,Thank you for reaching out! Have a great day.
221b329b-2862-4be6-9da1-66958b37c401,2669,Can you write me an essay?,out_of_scope,This seems outside my current support scope. Please check our help center for more information.
3ae4bd72-cc5a-4a4e-97db-7f5f019e3bcc,4748,Can you write me an essay?,out_of_scope,"I’m sorry, but I can’t help with that request. Could you please rephrase or ask something else?"
a4cf865c-203a-4383-88a1-09004b2622a4,1072,Can you help me undo an order I placed?,cancel_order,"To cancel your order, please go to Settings > Orders > Cancel Order. After selecting the order, confirm the cancellation. If you face any issues, let me know."
b5bf8321-d201-4de8-96d9-89537e288055,6099,Why was my card declined?,payment_issue,You can manage and fix your payment issues at My Account > Billing > Payment Help. Select the relevant transaction to proceed.
876ed075-61ec-4ce4-af2d-7ae5441ba942,3989,Can you show me tracking details for my order?,order_tracking,Tracking details are available under Orders > Track Shipment. It will show you real-time updates about your package location.
8b2aa38d-529b-48b8-ac03-e41b62d16a06,6023,Please guide me to initiate a refund.,demand_refund,"To get a refund, please visit My Account > Refunds > Initiate. Choose the respective order and complete the refund form."
0dc13e0e-ef9a-48c2-947b-05ac182107ca,1115,Can I rate the product I bought?,review_order,"You can add a review by navigating to Orders > Select Order > Leave Review. Once there, you’ll be able to write and submit your review."
ad55de11-86ab-40aa-be78-c741c9f21ce1,7192,There’s an issue I need to report.,submit_complaint,"To submit a complaint, please visit Settings > Support > Submit Complaint. Provide your order details and a description of the issue."
1c7b5e20-6c58-4b12-867a-51c3aa920fb4,4924,Tell me the progress of my recent order.,order_status,You can check your order status by going to My Account > Purchases > Track Progress. It will display the current progress of your order.
0fd58c50-1901-455b-be09-fce8fd877c2f,9586,How do I request money back for my purchase?,demand_refund,"Refund requests can be placed through Settings > Orders > Refund Order. Select your order, choose 'Request Refund', and submit your reason."
3cb66659-6c41-4eb2-b2ec-1e81583e39b3,5254,Can I rate the product I bought?,review_order,"To review your order, head over to My Account > Reviews > Write Review. Select the order and leave your feedback."
41931fe7-4ab4-451e-8423-0dc406e1f929,2845,I need a refund on my last order.,demand_refund,"To get a refund, please visit Profile > Order History > Request Refund. Choose the respective order and complete the refund form."
6ee75c4e-6b33-4fbc-aaca-efb22bc27334,7550,Is there a way to stop processing on my order?,cancel_order,You can cancel by navigating to My Account > Purchases > Cancel. Choose the order you wish to cancel and follow the prompts.
8cae4f82-4459-43ba-ba28-906782acfcd4,3607,I want to talk to a real person.,talk_to_human,"Sure, let me transfer you to one of our human representatives right away."
ec8d3d51-5c77-4aa3-b137-fab4552bd662,2317,Is there a way to stop processing on my order?,cancel_order,You can cancel by navigating to Settings > Orders > Cancel Order. Choose the order you wish to cancel and follow the prompts.
fa1c82ac-8867-49af-b44f-cf4947c5f121,4549,Who won the football game yesterday?,out_of_scope,This seems outside my current support scope. Please check our help center for more information.
2d36bfe4-09bc-4e5c-8d13-6fb939370c8a,8470,Please help me submit a problem report.,submit_complaint,"To submit a complaint, please visit Help Center > Complaints > File Issue. Provide your order details and a description of the issue."
513b6468-051d-4959-bbf4-ac9fa249829f,2297,Tell me a joke.,out_of_scope,This seems outside my current support scope. Please check our help center for more information.
f8d95000-1103-4875-859e-783893cb1b35,4151,"Hey, how are you?",greeting,Hi! Welcome back. What can I help you with?
8884e93e-eb08-442b-a4aa-87561b4c5d78,8460,I want to cancel my last order.,cancel_order,You can cancel by navigating to Profile > Order History > Cancel Order. Choose the order you wish to cancel and follow the prompts.
d3eeed98-ca5e-4ed8-a065-fd05e54846ce,5883,Where do I go to cancel an order?,cancel_order,"To cancel your order, please go to Profile > Order History > Cancel Order. After selecting the order, confirm the cancellation. If you face any issues, let me know."
ca54881c-2c9b-4e7f-a156-c242410e62a6,5551,Can you help me undo an order I placed?,cancel_order,"To cancel your order, please go to Settings > Orders > Cancel Order. After selecting the order, confirm the cancellation. If you face any issues, let me know."
edcd4c2f-65ed-4566-af72-0ebbb44efc67,4275,Hello!,greeting,Hi! Welcome back. What can I help you with?
3d935245-5f37-45e6-9ae4-128bf0669d97,4271,I want to share feedback about my purchase.,review_order,"You can add a review by navigating to Purchases > Feedback > Review Order. Once there, you’ll be able to write and submit your review."
19af948a-6083-450f-b3a2-e6770ab9ad61,4076,Has my order been shipped yet?,order_status,Head over to Orders > Select Order > View Status to see where your order is in the fulfillment process.
6e7c734a-1d21-4e84-8f8b-40b6dbb600d5,1534,I need a refund on my last order.,demand_refund,"Refund requests can be placed through My Account > Refunds > Initiate. Select your order, choose 'Request Refund', and submit your reason."
756b255d-fd01-497c-a517-e807f541b42b,3210,Catch you later.,goodbye,Thank you for reaching out! Have a great day.
39b29316-ecf4-482a-910f-1d8da91e4a69,5332,Can you help me undo an order I placed?,cancel_order,You can cancel by navigating to Settings > Orders > Cancel Order. Choose the order you wish to cancel and follow the prompts.
a48a41c8-adfa-447d-b7d9-e6ec632a3cdc,8962,Goodbye!,goodbye,Goodbye! I hope I was able to help you today.
e726ea5c-c7c0-4699-b5d6-ecea37b31180,2269,Please transfer me to a representative.,talk_to_human,"Sure, let me transfer you to one of our human representatives right away."
5bb19dd7-3012-4c16-bd87-7f434d95b886,1776,What’s the weather like today?,out_of_scope,"I’m sorry, but I can’t help with that request. Could you please rephrase or ask something else?"
85b4d244-c336-4194-8a93-a80463a4782d,5203,How do I file a complaint?,submit_complaint,"To submit a complaint, please visit Settings > Support > Submit Complaint. Provide your order details and a description of the issue."
a076b2be-8325-4613-8a72-1315b2009193,7277,I need a refund on my last order.,demand_refund,"Refund requests can be placed through My Account > Refunds > Initiate. Select your order, choose 'Request Refund', and submit your reason."
73f93105-06ef-4bed-a72f-f9f7677ea226,3065,Where is my delivery right now?,order_tracking,"To track your shipment, please go to Purchases > Delivery > Tracking Info. Enter your tracking ID for more details."
03928351-359c-4e75-8322-7388476c35c3,4180,Where is my order in the process?,order_status,Head over to Orders > Select Order > View Status to see where your order is in the fulfillment process.
399a7437-17af-4b34-8aa3-ba820591c318,8102,I want to talk to a real person.,talk_to_human,I’ll connect you with a support agent shortly. Please hold on.
fa0378f5-7a65-4d60-adfa-b28e6c1176c4,7127,How can I leave a review for my order?,review_order,"To review your order, head over to Orders > Select Order > Leave Review. Select the order and leave your feedback."
204e3e89-2d3e-4c90-959f-ad05d1d0da56,5687,Where do I go to cancel an order?,cancel_order,You can cancel by navigating to Settings > Orders > Cancel Order. Choose the order you wish to cancel and follow the prompts.
8c6e5158-defa-40be-8e3f-0fd9d166c0e6,6304,Where do I go to cancel an order?,cancel_order,"To cancel your order, please go to Settings > Orders > Cancel Order. After selecting the order, confirm the cancellation. If you face any issues, let me know."
359e1613-fb28-4d16-8ec5-7c8da3c03621,4746,I need to speak to a human agent.,talk_to_human,"Sure, let me transfer you to one of our human representatives right away."
d5773d22-8409-4871-a44c-370d59131bd4,4299,I want to cancel my last order.,cancel_order,You can cancel by navigating to Profile > Order History > Cancel Order. Choose the order you wish to cancel and follow the prompts.
e657bb8c-521b-4ac7-9e38-6c5fc963e3d4,1113,Tell me the progress of my recent order.,order_status,Head over to Profile > Orders > Check Status to see where your order is in the fulfillment process.
85c900e0-541a-419c-a0c2-d5a6dcdfff40,2307,"Thanks, bye!",goodbye,Goodbye! I hope I was able to help you today.
5ee8817d-4442-4612-b225-8102ba68c81d,1772,What’s 2+2?,out_of_scope,This seems outside my current support scope. Please check our help center for more information.
98a15317-5f4a-413d-8ac6-5c50e9f4ec30,2007,Who won the football game yesterday?,out_of_scope,"I’m sorry, but I can’t help with that request. Could you please rephrase or ask something else?"
4779760f-9883-4ef8-afce-dd0d5c5f4002,8719,Please help me submit a problem report.,submit_complaint,"To submit a complaint, please visit Help Center > Complaints > File Issue. Provide your order details and a description of the issue."
53e97d04-4a5c-41b4-90e3-37b1340f9fe4,6136,What’s 2+2?,out_of_scope,This seems outside my current support scope. Please check our help center for more information.
cb2a6a56-ce0c-4e6b-a30c-74fd09d05991,2194,I need help with a failed transaction.,payment_issue,You can manage and fix your payment issues at My Account > Billing > Payment Help. Select the relevant transaction to proceed.
2d388bbd-92e6-43b0-9eb4-2287d1616be7,1101,"I’m done, thanks.",goodbye,Thank you for reaching out! Have a great day.
f567febc-b995-471e-9f97-166ad8d3e480,4694,"My payment is pending, what should I do?",payment_issue,"For payment issues, navigate to My Account > Billing > Payment Help. You will find tools to resolve failed or pending transactions."
63853f9c-dd12-4483-8bba-13abd2535d89,6162,"Thanks, bye!",goodbye,Thank you for reaching out! Have a great day.
f3bdc042-61e6-4f05-9258-bdc4748bab58,4964,I need to speak to a human agent.,talk_to_human,"Sure, let me transfer you to one of our human representatives right away."
954ea44c-63e3-4e36-8484-54c918917278,5600,What’s the weather like today?,out_of_scope,This seems outside my current support scope. Please check our help center for more information.
904c3bab-97c9-4c72-98fd-f78432a8e308,4807,Where do I go to raise a complaint?,submit_complaint,"To submit a complaint, please visit Profile > Feedback > Report Problem. Provide your order details and a description of the issue."
0e846a40-78e0-40f0-a815-e04d05d15946,5175,What’s the current status of my order?,order_status,Head over to My Account > Purchases > Track Progress to see where your order is in the fulfillment process.
43162acc-7476-4ff1-8d07-143d660e221e,8335,I want to complain about a product.,submit_complaint,"You can report a problem by going to Help Center > Complaints > File Issue. Fill in the complaint form, and our team will review it shortly."
c242bc00-02b8-4981-86a6-5b03726c16ae,3037,Good morning!,greeting,Hello there! How can I assist you with your orders today?
b0827f22-bb1b-4b9a-bb2e-8ba73bc5dadb,7107,Where do I write a review for my last order?,review_order,"You can add a review by navigating to Purchases > Feedback > Review Order. Once there, you’ll be able to write and submit your review."
54063820-bf87-436a-bdef-ddb20a2039a4,7923,There’s a billing issue with my purchase.,payment_issue,You can manage and fix your payment issues at My Account > Billing > Payment Help. Select the relevant transaction to proceed.
5f37668b-6cb3-482b-8b0e-70d71a1e5fff,8572,Goodbye!,goodbye,Goodbye! I hope I was able to help you today.
8d4ac5b1-c971-4abd-a545-d9edc2321295,9423,"My payment is pending, what should I do?",payment_issue,You can manage and fix your payment issues at Profile > Wallet > Payment Issues. Select the relevant transaction to proceed.
e4fff034-1827-438a-b9e5-754ca0b0d20e,8500,Please provide shipment tracking updates.,order_tracking,"To track your shipment, please go to Orders > Track Shipment. Enter your tracking ID for more details."
d7909a4f-c905-4a0d-87a6-bad2190e6deb,5730,What’s the current status of my order?,order_status,You can check your order status by going to Orders > Select Order > View Status. It will display the current progress of your order.
bd88314b-9cd7-4e0c-ad26-1ab4fd128b75,3034,Goodbye!,goodbye,Goodbye! I hope I was able to help you today.
31f47e8b-1f0a-485a-a3f2-8b5f2465c9bc,2280,I need to speak to a human agent.,talk_to_human,"Sure, let me transfer you to one of our human representatives right away."
96d943f0-c56a-4996-80a6-3186858fb89d,7071,Where do I go to raise a complaint?,submit_complaint,"You can report a problem by going to Help Center > Complaints > File Issue. Fill in the complaint form, and our team will review it shortly."
7adf9aa3-4ad6-4edf-8da1-6a89d107a3ca,1765,I want to talk to a real person.,talk_to_human,"Sure, let me transfer you to one of our human representatives right away."
7aef01e9-2ae2-4189-baf1-f18a881698d9,7217,I need a refund on my last order.,demand_refund,"To get a refund, please visit My Account > Refunds > Initiate. Choose the respective order and complete the refund form."
9654bc94-122c-43c0-beb8-ec14307eebc2,8769,"My payment is pending, what should I do?",payment_issue,"For payment issues, navigate to Settings > Payments > Resolve Issue. You will find tools to resolve failed or pending transactions."
8bcfe1be-8e81-432a-bb11-23bcbfb6e95c,8757,Can I rate the product I bought?,review_order,"You can add a review by navigating to My Account > Reviews > Write Review. Once there, you’ll be able to write and submit your review."
fc51a4da-63f7-4416-a7ca-f92474bbf8ce,2829,What’s the current status of my order?,order_status,You can check your order status by going to Orders > Select Order > View Status. It will display the current progress of your order.
c2c91827-7443-489e-a690-9734fac53435,9100,There’s an issue I need to report.,submit_complaint,"You can report a problem by going to Help Center > Complaints > File Issue. Fill in the complaint form, and our team will review it shortly."
eb2b8cd8-b98f-44d9-8a5b-fff759468651,3110,Please cancel my recent purchase.,cancel_order,You can cancel by navigating to My Account > Purchases > Cancel. Choose the order you wish to cancel and follow the prompts.
35b1a6d8-1eb5-4dbd-bb81-4bddf8e560e5,8375,How do I request money back for my purchase?,demand_refund,"To get a refund, please visit My Account > Refunds > Initiate. Choose the respective order and complete the refund form."
624316ee-f110-4e0e-9c3f-0412404c79bf,1446,There’s a billing issue with my purchase.,payment_issue,You can manage and fix your payment issues at Profile > Wallet > Payment Issues. Select the relevant transaction to proceed.
8956cb62-4d9e-4b21-b874-940987978419,3897,Hello!,greeting,Hi! Welcome back. What can I help you with?
b87d0e1b-0560-42cd-94d9-7ec816c05fb6,7680,Good morning!,greeting,Hi! Welcome back. What can I help you with?
d70ca958-33ef-44c2-aa1d-c8b3896c293c,7303,Can you tell me the refund steps?,demand_refund,"To get a refund, please visit Profile > Order History > Request Refund. Choose the respective order and complete the refund form."
0afe97bc-3653-4639-bcbb-2ddeb63b8694,7075,Where do I go to cancel an order?,cancel_order,You can cancel by navigating to Profile > Order History > Cancel Order. Choose the order you wish to cancel and follow the prompts.
0e57026a-45f8-4fd6-8d96-ec0177b8c826,6361,Can you show me tracking details for my order?,order_tracking,"To track your shipment, please go to Purchases > Delivery > Tracking Info. Enter your tracking ID for more details."
64e3cdcb-a867-4ecf-a179-5a3fb5db5a29,9027,Is there a way to stop processing on my order?,cancel_order,You can cancel by navigating to Settings > Orders > Cancel Order. Choose the order you wish to cancel and follow the prompts.
2245aa1c-a62d-4129-83d6-7f73f71a723e,2464,Can you connect me to support staff?,talk_to_human,"Sure, let me transfer you to one of our human representatives right away."
ff9724a8-cf49-42be-8d8b-ff57df1f4508,7551,I need to speak to a human agent.,talk_to_human,I’ll connect you with a support agent shortly. Please hold on.
66ac0613-0070-40a6-9942-466abe3cd295,3443,I want to talk to a real person.,talk_to_human,I’ll connect you with a support agent shortly. Please hold on.
becfd9f1-d0b1-4b29-9b74-b5da58d74e62,8183,I want to complain about a product.,submit_complaint,"You can report a problem by going to Settings > Support > Submit Complaint. Fill in the complaint form, and our team will review it shortly."
c6b2a1cc-f3cc-42ce-9e31-5388b12985e8,9222,How do I request money back for my purchase?,demand_refund,"Refund requests can be placed through My Account > Refunds > Initiate. Select your order, choose 'Request Refund', and submit your reason."
94220256-1fcb-4651-87db-28e6e35a1f1a,1717,I need help with a failed transaction.,payment_issue,You can manage and fix your payment issues at Settings > Payments > Resolve Issue. Select the relevant transaction to proceed.
0234593f-08ae-4590-81cb-7603786a2824,6422,I need the courier information for my order.,order_tracking,"To track your shipment, please go to Purchases > Delivery > Tracking Info. Enter your tracking ID for more details."
fd058c20-1941-4492-9067-f1af441791f3,9772,Has my order been shipped yet?,order_status,You can check your order status by going to Orders > Select Order > View Status. It will display the current progress of your order.
baaba687-471a-4127-828f-55e5747aa28b,2889,I need the courier information for my order.,order_tracking,"To track your shipment, please go to Orders > Track Shipment. Enter your tracking ID for more details."
41761a48-8bc8-4645-bddd-bb6d17bc5adc,8000,Tell me a joke.,out_of_scope,"I’m sorry, but I can’t help with that request. Could you please rephrase or ask something else?"
a6c385ae-ebf9-4758-8bdd-5b6b842ac7ef,2315,There’s an issue I need to report.,submit_complaint,"You can report a problem by going to Help Center > Complaints > File Issue. Fill in the complaint form, and our team will review it shortly."
435490ec-4593-4bbd-8d4b-8e7d3f24bcf7,8900,"Hi, I need some help.",greeting,Hi! Welcome back. What can I help you with?
e7188c50-f736-4d09-ba7c-191cdbc7bb4b,1254,"Hi, I need some help.",greeting,Hi! Welcome back. What can I help you with?
b846ae3a-9e0a-40cf-b822-ab959c83a529,9350,How do I request money back for my purchase?,demand_refund,"To get a refund, please visit Profile > Order History > Request Refund. Choose the respective order and complete the refund form."
ba666473-a638-4f7a-8bf1-86206679f0de,8958,Please help me submit a problem report.,submit_complaint,"You can report a problem by going to Help Center > Complaints > File Issue. Fill in the complaint form, and our team will review it shortly."
264e0d47-cbc3-4eac-921f-585217a787bf,4231,Goodbye!,goodbye,Goodbye! I hope I was able to help you today.
e81b0046-d983-4f5b-a0a0-ee56565d135f,9566,There’s an issue I need to report.,submit_complaint,"To submit a complaint, please visit Profile > Feedback > Report Problem. Provide your order details and a description of the issue."
82e26535-7f06-42c7-8bc7-8cb52c56656d,4652,Where do I write a review for my last order?,review_order,"To review your order, head over to Orders > Select Order > Leave Review. Select the order and leave your feedback."
30c691d1-0142-4913-8efb-92cd0ffac3cd,5497,"Thanks, bye!",goodbye,Goodbye! I hope I was able to help you today.
d79a2b12-b3ab-494a-8d4f-9b9c58092135,9068,Good morning!,greeting,Hello there! How can I assist you with your orders today?
125f25d6-2f17-4651-a35b-d398c5bd6218,4665,Please help me submit a problem report.,submit_complaint,"You can report a problem by going to Settings > Support > Submit Complaint. Fill in the complaint form, and our team will review it shortly."
19d3d112-e24b-463c-9718-fabe539d49a9,2213,Where can I request a refund?,demand_refund,"To get a refund, please visit My Account > Refunds > Initiate. Choose the respective order and complete the refund form."
8455d7ad-e96a-4f03-923f-85dbfa386b8d,9018,Can I chat with someone from support?,talk_to_human,"Sure, let me transfer you to one of our human representatives right away."
80440473-cad0-4121-9603-03dcc6f6041c,2025,Tell me a joke.,out_of_scope,"I’m sorry, but I can’t help with that request. Could you please rephrase or ask something else?"
86d1c09f-e7a1-496e-bb4c-59dc6c31688f,9741,Who won the football game yesterday?,out_of_scope,This seems outside my current support scope. Please check our help center for more information.
26efb7e4-fa07-4afe-9157-1ba7ca4c3ee0,2421,Tell me the progress of my recent order.,order_status,You can check your order status by going to My Account > Purchases > Track Progress. It will display the current progress of your order.
9e5ae266-24ec-4a4c-a28b-90d04f6a5cd4,3672,I want to share feedback about my purchase.,review_order,"You can add a review by navigating to My Account > Reviews > Write Review. Once there, you’ll be able to write and submit your review."
eee00d52-61bc-489e-af79-734c43d24c0e,6134,"Hi, I need some help.",greeting,Hello there! How can I assist you with your orders today?
aff23120-c641-4db6-ac79-d30b967eeea0,2255,Is there a way to stop processing on my order?,cancel_order,"To cancel your order, please go to My Account > Purchases > Cancel. After selecting the order, confirm the cancellation. If you face any issues, let me know."
b0a7eb7f-ef4d-48ea-8330-e03f915c1ed1,7610,I want to talk to a real person.,talk_to_human,"Sure, let me transfer you to one of our human representatives right away."
944e1abe-d692-4818-9089-bddf119a03f1,3626,Where is my order in the process?,order_status,Head over to Profile > Orders > Check Status to see where your order is in the fulfillment process.
089ba741-7a92-4d22-9c6b-464233891a67,9668,Hi there!,greeting,Hi! Welcome back. What can I help you with?
4a127007-a015-4b22-8570-b4a09c17f7e1,7945,See you next time.,goodbye,Thank you for reaching out! Have a great day.
4672a038-d5e4-48e1-a9a4-e6efd143c24d,8141,Please transfer me to a representative.,talk_to_human,"Sure, let me transfer you to one of our human representatives right away."
1a65c2f8-a9a9-42b3-835f-0b12897052e4,8203,"Hi, I need some help.",greeting,Hi! Welcome back. What can I help you with?
1df63843-e6cc-4173-93b5-88205509e9d8,9945,Please guide me to initiate a refund.,demand_refund,"To get a refund, please visit Settings > Orders > Refund Order. Choose the respective order and complete the refund form."
a133d6ef-72eb-4100-8b92-bf6d00e8499f,9410,Where is my delivery right now?,order_tracking,"To track your shipment, please go to My Account > Shipping > Track Package. Enter your tracking ID for more details."
b73fbbdc-cc7a-4778-9fd4-bc4772c8578e,3320,Can you write me an essay?,out_of_scope,This seems outside my current support scope. Please check our help center for more information.
4e452d73-9897-4640-88a8-6a8fec7bea38,5329,I want to complain about a product.,submit_complaint,"To submit a complaint, please visit Profile > Feedback > Report Problem. Provide your order details and a description of the issue."
c7fc5558-d75a-4c4a-aa1b-b5c8eea32624,9136,I need help with a failed transaction.,payment_issue,You can manage and fix your payment issues at My Account > Billing > Payment Help. Select the relevant transaction to proceed.
f1de5437-0bed-4a55-8b75-4a5742a42663,7282,Can you help me undo an order I placed?,cancel_order,You can cancel by navigating to Settings > Orders > Cancel Order. Choose the order you wish to cancel and follow the prompts.
aadcbaa6-96ec-4ed5-bf81-e9e0480ab79a,4831,"My payment is pending, what should I do?",payment_issue,"For payment issues, navigate to Settings > Payments > Resolve Issue. You will find tools to resolve failed or pending transactions."
2e97e7c9-adbd-41a4-aab6-e66a5d1e9a94,3446,I want to share feedback about my purchase.,review_order,"You can add a review by navigating to Orders > Select Order > Leave Review. Once there, you’ll be able to write and submit your review."
a36997b7-f555-4f05-9cc5-3d1ad064192e,8774,How can I leave a review for my order?,review_order,"To review your order, head over to Purchases > Feedback > Review Order. Select the order and leave your feedback."
ca027eeb-7bac-4269-b5e7-784e30d42446,1234,How can I leave a review for my order?,review_order,"To review your order, head over to My Account > Reviews > Write Review. Select the order and leave your feedback."
755b4d62-4270-4c8d-94ee-cab6f2852dc7,1734,There’s an issue I need to report.,submit_complaint,"To submit a complaint, please visit Profile > Feedback > Report Problem. Provide your order details and a description of the issue."
85d11080-a676-44c1-80f5-0a9d55d66d06,4921,Good morning!,greeting,Hello there! How can I assist you with your orders today?
b3279623-f28f-435c-9986-04497735b7f6,7977,"I’m done, thanks.",goodbye,Goodbye! I hope I was able to help you today.
4942024a-a716-48c5-9d6c-0ae508fda3b8,3184,Tell me the progress of my recent order.,order_status,Head over to Orders > Select Order > View Status to see where your order is in the fulfillment process.
c7ee8d9d-9df5-4d4d-a767-c9cdf8836156,8383,There’s a billing issue with my purchase.,payment_issue,"For payment issues, navigate to My Account > Billing > Payment Help. You will find tools to resolve failed or pending transactions."
90f95e0c-6f6e-4b00-a7bd-80061865c9e3,3311,I need help with a failed transaction.,payment_issue,"For payment issues, navigate to Profile > Wallet > Payment Issues. You will find tools to resolve failed or pending transactions."
67ef50cf-b256-436b-8d54-3d11314cea4d,4048,Track my shipment please.,order_tracking,"To track your shipment, please go to Purchases > Delivery > Tracking Info. Enter your tracking ID for more details."
2e5914fe-3252-4ec7-a966-d2f5ca5e72e3,7601,Hi there!,greeting,Hello there! How can I assist you with your orders today?
29edfb65-741a-4ee8-ae7b-4dc84c629799,8549,"Thanks, bye!",goodbye,Thank you for reaching out! Have a great day.
31c9b8b5-a1af-47fd-932c-5227b24e59e1,1610,Good morning!,greeting,Hello there! How can I assist you with your orders today?
4c68f989-a7e3-4fa0-8020-d4d95b952076,5681,How can I leave a review for my order?,review_order,"You can add a review by navigating to Purchases > Feedback > Review Order. Once there, you’ll be able to write and submit your review."
231652e1-3533-4baa-8993-0d408f86a184,6129,Has my order been shipped yet?,order_status,Head over to Orders > Select Order > View Status to see where your order is in the fulfillment process.
9ce96d8d-b04c-4d2f-b5bb-9d48a3490740,2379,Goodbye!,goodbye,Thank you for reaching out! Have a great day.
d9656a3e-9043-42f7-8a10-3c4170786c7d,9884,What’s the current status of my order?,order_status,Head over to My Account > Purchases > Track Progress to see where your order is in the fulfillment process.
3fb50628-bbec-49a8-98cb-f33c76f17ca2,2044,"I’m done, thanks.",goodbye,Goodbye! I hope I was able to help you today.
f7f8e05b-bcd6-45ea-8402-81da21976c96,4163,Can I chat with someone from support?,talk_to_human,I’ll connect you with a support agent shortly. Please hold on.
2ebd8fab-34f2-4caf-b8d0-f547de0a961a,6971,Why was my card declined?,payment_issue,"For payment issues, navigate to My Account > Billing > Payment Help. You will find tools to resolve failed or pending transactions."
fdc1a6d6-9194-41cb-9502-3324f069aec1,4110,What’s 2+2?,out_of_scope,This seems outside my current support scope. Please check our help center for more information.
3bfbee49-3c8e-4662-ba3d-8ef525b40681,1034,I need the courier information for my order.,order_tracking,"To track your shipment, please go to My Account > Shipping > Track Package. Enter your tracking ID for more details."
c25c0c91-33f5-4c45-9b59-b1298cf7e25b,7378,I need the courier information for my order.,order_tracking,"To track your shipment, please go to My Account > Shipping > Track Package. Enter your tracking ID for more details."
cc342a4a-0453-42a4-bf02-80b2e3e74425,2170,My payment didn’t go through.,payment_issue,You can manage and fix your payment issues at My Account > Billing > Payment Help. Select the relevant transaction to proceed.
e1bd6581-ebe5-4f98-80e2-d782bc8ff88c,4982,How do I check if my order is confirmed?,order_status,Head over to Profile > Orders > Check Status to see where your order is in the fulfillment process.
4ac84a57-56f4-41e1-bfdb-8bf9759bd666,5199,How do I check if my order is confirmed?,order_status,You can check your order status by going to My Account > Purchases > Track Progress. It will display the current progress of your order.
72f96de7-ef68-41b4-88ca-778768ee1c16,8059,Good morning!,greeting,Hi! Welcome back. What can I help you with?
f841aef9-fbfd-4e0a-a829-1c579f965d20,5954,Tell me a joke.,out_of_scope,"I’m sorry, but I can’t help with that request. Could you please rephrase or ask something else?"
930cff73-22b1-42fe-87b2-e4b4c5bf4c92,6021,What’s the weather like today?,out_of_scope,"I’m sorry, but I can’t help with that request. Could you please rephrase or ask something else?"
f3ee7e1a-f049-4f98-a1b4-f1770ee88e14,3902,Can you connect me to support staff?,talk_to_human,"Sure, let me transfer you to one of our human representatives right away."
63960a8b-1407-4699-9af6-228f602a2f3b,9111,Please provide shipment tracking updates.,order_tracking,Tracking details are available under Orders > Track Shipment. It will show you real-time updates about your package location.
9a81009d-42c4-48b4-bd12-1be866bc6746,7335,Tell me the progress of my recent order.,order_status,Head over to My Account > Purchases > Track Progress to see where your order is in the fulfillment process.
956f0e5b-a339-4a24-8459-f927ff610d4c,9352,Can I chat with someone from support?,talk_to_human,"Sure, let me transfer you to one of our human representatives right away."
23148fdc-82c2-459b-95d3-a58e3f54fcf8,3605,Can you help me undo an order I placed?,cancel_order,"To cancel your order, please go to Settings > Orders > Cancel Order. After selecting the order, confirm the cancellation. If you face any issues, let me know."
1f52934b-d7ef-46d5-bf42-4f45babda7a1,9210,How do I request money back for my purchase?,demand_refund,"Refund requests can be placed through My Account > Refunds > Initiate. Select your order, choose 'Request Refund', and submit your reason."
7c3dbcc3-7ece-4b5f-8c2c-447bae2f1f1a,4487,Why was my card declined?,payment_issue,"For payment issues, navigate to Profile > Wallet > Payment Issues. You will find tools to resolve failed or pending transactions."
b378c196-8cf4-494c-9ae5-b1ceda81aa44,4473,I need help with a failed transaction.,payment_issue,"For payment issues, navigate to Settings > Payments > Resolve Issue. You will find tools to resolve failed or pending transactions."
37d8179c-2188-41d7-8259-aa0a175e6264,5081,What’s 2+2?,out_of_scope,"I’m sorry, but I can’t help with that request. Could you please rephrase or ask something else?"
955d8ba1-792e-481d-9f09-b67856aff92c,4052,See you next time.,goodbye,Goodbye! I hope I was able to help you today.
fc2e41eb-0598-4486-bfb2-d56845b2153d,6578,Please provide shipment tracking updates.,order_tracking,Tracking details are available under Purchases > Delivery > Tracking Info. It will show you real-time updates about your package location.
cddf2a8d-b6fb-4eee-9236-772bb15aa0b1,9724,Please cancel my recent purchase.,cancel_order,You can cancel by navigating to Settings > Orders > Cancel Order. Choose the order you wish to cancel and follow the prompts.
d11b9ffb-15ea-42e7-a5ed-7b8bbc1d2e94,9174,Can you tell me the refund steps?,demand_refund,"To get a refund, please visit My Account > Refunds > Initiate. Choose the respective order and complete the refund form."
343fcaa4-6660-4e6f-a2ad-ac9b5cf864c8,8701,Can you connect me to support staff?,talk_to_human,I’ll connect you with a support agent shortly. Please hold on.
065f7da8-dcd5-460b-9fc2-c02440562639,8778,Please provide shipment tracking updates.,order_tracking,Tracking details are available under My Account > Shipping > Track Package. It will show you real-time updates about your package location.
c9cb02ab-064f-4212-aa84-deb4eee8799b,8782,Goodbye!,goodbye,Thank you for reaching out! Have a great day.
d5a4cf67-3249-43ef-9b9c-b06f4189997f,7216,What’s 2+2?,out_of_scope,"I’m sorry, but I can’t help with that request. Could you please rephrase or ask something else?"
b42d72f3-165a-43d1-9339-38c0833dd32f,1027,There’s a billing issue with my purchase.,payment_issue,You can manage and fix your payment issues at Profile > Wallet > Payment Issues. Select the relevant transaction to proceed.
83ba53c7-086a-4396-b21a-986ec583c270,5970,Please provide shipment tracking updates.,order_tracking,"To track your shipment, please go to My Account > Shipping > Track Package. Enter your tracking ID for more details."
8d906ef1-fecf-4bd4-8f38-0a31eac01655,5305,Can you connect me to support staff?,talk_to_human,I’ll connect you with a support agent shortly. Please hold on.
65c73612-10b0-449a-83bc-1e106dcc40bb,4421,How can I leave a review for my order?,review_order,"To review your order, head over to Purchases > Feedback > Review Order. Select the order and leave your feedback."
d49fa5ee-1768-4de7-9262-e70dc64536b5,1177,Help me post a review for my completed purchase.,review_order,"To review your order, head over to Purchases > Feedback > Review Order. Select the order and leave your feedback."
c54b9ea9-ecf2-4e3a-8aaf-8d75e7fa667b,3975,Help me post a review for my completed purchase.,review_order,"To review your order, head over to Orders > Select Order > Leave Review. Select the order and leave your feedback."
a5fa3ef1-9760-4788-adfb-a641ea7a35dc,5170,How can I leave a review for my order?,review_order,"To review your order, head over to Purchases > Feedback > Review Order. Select the order and leave your feedback."
9b3a8169-4879-4899-8a42-d0d5aebcd2f6,8564,Hi there!,greeting,Hello there! How can I assist you with your orders today?
c0210982-1c63-43ee-9664-002a635b621f,8609,How do I file a complaint?,submit_complaint,"You can report a problem by going to Help Center > Complaints > File Issue. Fill in the complaint form, and our team will review it shortly."
605afd5e-a0a5-4579-9846-85f7dda4cc2e,9904,Goodbye!,goodbye,Goodbye! I hope I was able to help you today.
793ab05a-95ed-47f3-b1fa-6ad0702552d6,4065,I need the courier information for my order.,order_tracking,"To track your shipment, please go to My Account > Shipping > Track Package. Enter your tracking ID for more details."
7288ec6e-6315-4243-aa37-7c648584fe62,7868,Please provide shipment tracking updates.,order_tracking,Tracking details are available under Orders > Track Shipment. It will show you real-time updates about your package location.
32cbeb1d-6974-48f9-9f58-c6acb0e93d83,3057,Tell me a joke.,out_of_scope,"I’m sorry, but I can’t help with that request. Could you please rephrase or ask something else?"
c2c95359-5529-4d48-9589-b9c79bca877b,6071,I need the courier information for my order.,order_tracking,Tracking details are available under Orders > Track Shipment. It will show you real-time updates about your package location.
a0e3cdda-0b8d-49dd-8976-3e29258d2aab,4066,Can you write me an essay?,out_of_scope,"I’m sorry, but I can’t help with that request. Could you please rephrase or ask something else?"
b3bbd00a-ea0b-4464-aa60-df960865cafc,9713,Can you show me tracking details for my order?,order_tracking,Tracking details are available under Purchases > Delivery > Tracking Info. It will show you real-time updates about your package location.
b8df564a-6e32-43d5-bedf-78ed68cd2f05,5754,What’s 2+2?,out_of_scope,"I’m sorry, but I can’t help with that request. Could you please rephrase or ask something else?"
6cdabc6f-fbba-46ec-a817-df7fc049c44b,1544,Hi there!,greeting,Hello there! How can I assist you with your orders today?
6485ab92-36c5-41c8-b08f-a5d1bb580d79,8978,Please transfer me to a representative.,talk_to_human,I’ll connect you with a support agent shortly. Please hold on.
e3017a83-79e5-4f2e-a7a7-bb37491a89be,4169,What’s the weather like today?,out_of_scope,This seems outside my current support scope. Please check our help center for more information.
fad516a1-b804-4e8d-8ca8-00075c70ea03,9798,Please transfer me to a representative.,talk_to_human,I’ll connect you with a support agent shortly. Please hold on.
ccead72d-cb6a-4179-918d-c91eac4a37d3,8922,How do I request money back for my purchase?,demand_refund,"To get a refund, please visit Settings > Orders > Refund Order. Choose the respective order and complete the refund form."
03c81f26-db94-4eaa-bf8b-12010b708712,3540,Good morning!,greeting,Hello there! How can I assist you with your orders today?
e5cd1e8e-7334-441a-a025-739e722ee9c5,3842,I need the courier information for my order.,order_tracking,"To track your shipment, please go to My Account > Shipping > Track Package. Enter your tracking ID for more details."
36511dec-48c0-4e56-9acd-808b9be99af2,5247,Where do I go to cancel an order?,cancel_order,You can cancel by navigating to My Account > Purchases > Cancel. Choose the order you wish to cancel and follow the prompts.
1632cddc-8192-429a-8cba-3aec579edc86,8821,"I’m done, thanks.",goodbye,Goodbye! I hope I was able to help you today.
3f5a0073-af68-471f-9692-f1aa3156dba3,7437,Who won the football game yesterday?,out_of_scope,"I’m sorry, but I can’t help with that request. Could you please rephrase or ask something else?"
ecc126d5-d048-4d25-9b53-cc63cfe1440f,2338,I want to complain about a product.,submit_complaint,"To submit a complaint, please visit Settings > Support > Submit Complaint. Provide your order details and a description of the issue."
c8465863-d4d8-4957-a801-db0b1b7b50c1,3165,Can you connect me to support staff?,talk_to_human,"Sure, let me transfer you to one of our human representatives right away."
5beca4ac-e765-47f4-8fa7-b1307c3ddcf5,9574,Is there a way to stop processing on my order?,cancel_order,You can cancel by navigating to My Account > Purchases > Cancel. Choose the order you wish to cancel and follow the prompts.
f558d95d-bb89-4f6a-bd22-431ac1f50c78,6341,I need help with a failed transaction.,payment_issue,You can manage and fix your payment issues at Settings > Payments > Resolve Issue. Select the relevant transaction to proceed.
71ac7561-7b11-47a1-942b-7e7c0de35b62,9349,How do I check if my order is confirmed?,order_status,Head over to My Account > Purchases > Track Progress to see where your order is in the fulfillment process.
199965a9-34a0-4c10-9ed8-637ab1251cd0,2263,What’s the weather like today?,out_of_scope,"I’m sorry, but I can’t help with that request. Could you please rephrase or ask something else?"
cac21961-cb64-439c-a6e4-3c6aaedf1c85,7322,What’s the weather like today?,out_of_scope,This seems outside my current support scope. Please check our help center for more information.
e7419f0f-b2ef-486f-9458-373d367d86a9,3961,Can you tell me the refund steps?,demand_refund,"To get a refund, please visit My Account > Refunds > Initiate. Choose the respective order and complete the refund form."
0c2e631d-32ce-4c38-a950-a8cd4f52a48d,2466,Can you write me an essay?,out_of_scope,"I’m sorry, but I can’t help with that request. Could you please rephrase or ask something else?"
77482257-8a4a-4e44-b2fa-898ebe7dae49,5584,Can you show me tracking details for my order?,order_tracking,"To track your shipment, please go to My Account > Shipping > Track Package. Enter your tracking ID for more details."
9a27040c-7a30-438b-a431-ebf73a3f1adc,6555,Tell me the progress of my recent order.,order_status,You can check your order status by going to Orders > Select Order > View Status. It will display the current progress of your order.
ca93ab9b-ef4d-4592-b877-5ccfb98c7f17,4289,Where do I go to cancel an order?,cancel_order,"To cancel your order, please go to Settings > Orders > Cancel Order. After selecting the order, confirm the cancellation. If you face any issues, let me know."
7a153687-f69f-468e-b4e7-fa649c8cc2d5,6827,I need to speak to a human agent.,talk_to_human,"Sure, let me transfer you to one of our human representatives right away."
61456c21-cc8a-4667-b8d1-f43afc84f6de,5483,Why was my card declined?,payment_issue,"For payment issues, navigate to My Account > Billing > Payment Help. You will find tools to resolve failed or pending transactions."
0b8432a7-929b-4fc3-9c52-2faa5c9b54aa,7390,Please guide me to initiate a refund.,demand_refund,"To get a refund, please visit Profile > Order History > Request Refund. Choose the respective order and complete the refund form."
e288e827-9ea6-4bdf-a65f-214a6c1699aa,7984,Is there a way to stop processing on my order?,cancel_order,"To cancel your order, please go to Profile > Order History > Cancel Order. After selecting the order, confirm the cancellation. If you face any issues, let me know."
1049ed1b-a769-432e-9668-81862559b477,8443,Can you show me tracking details for my order?,order_tracking,Tracking details are available under My Account > Shipping > Track Package. It will show you real-time updates about your package location.
f4fb7427-3504-4870-8647-c298a15bc27e,9014,What’s the weather like today?,out_of_scope,This seems outside my current support scope. Please check our help center for more information.
007130a0-9157-41d4-89f0-a199df54b89e,2797,Where is my delivery right now?,order_tracking,Tracking details are available under My Account > Shipping > Track Package. It will show you real-time updates about your package location.
e8c4dfec-da8b-4c2c-81ad-e2eb21789d8e,5970,Can you tell me the refund steps?,demand_refund,"Refund requests can be placed through My Account > Refunds > Initiate. Select your order, choose 'Request Refund', and submit your reason."
ffc08d0d-07e7-4d98-bb6b-2c05075946b1,8257,Tell me a joke.,out_of_scope,"I’m sorry, but I can’t help with that request. Could you please rephrase or ask something else?"
6776a4e7-8dd5-4efe-8e74-0a792ed3b796,3169,Can you tell me the refund steps?,demand_refund,"To get a refund, please visit Profile > Order History > Request Refund. Choose the respective order and complete the refund form."
9ea781f3-3196-4738-b0c0-146b45d6c4ff,6503,Help me post a review for my completed purchase.,review_order,"You can add a review by navigating to My Account > Reviews > Write Review. Once there, you’ll be able to write and submit your review."
0df15076-ef79-48b0-8528-a07f3929a1ba,1309,Tell me the progress of my recent order.,order_status,Head over to Orders > Select Order > View Status to see where your order is in the fulfillment process.
dfba7283-7abd-4946-a3db-f1afb8349ed4,9914,Who won the football game yesterday?,out_of_scope,"I’m sorry, but I can’t help with that request. Could you please rephrase or ask something else?"
db98b010-dcfd-4db9-947e-673c60980491,1362,There’s an issue I need to report.,submit_complaint,"You can report a problem by going to Profile > Feedback > Report Problem. Fill in the complaint form, and our team will review it shortly."
b13c92a4-9b52-49d6-bb20-9fef4affc493,9172,Help me post a review for my completed purchase.,review_order,"You can add a review by navigating to Purchases > Feedback > Review Order. Once there, you’ll be able to write and submit your review."
ef0e6852-2418-4982-a192-e3d790e15300,4596,I need help with a failed transaction.,payment_issue,"For payment issues, navigate to My Account > Billing > Payment Help. You will find tools to resolve failed or pending transactions."
b2486a0a-7c46-4da7-aeac-0941768a8dc8,6639,Can you show me tracking details for my order?,order_tracking,Tracking details are available under Purchases > Delivery > Tracking Info. It will show you real-time updates about your package location.
871dca3b-16e3-4690-b7cf-dad5bd804e76,5880,I want to cancel my last order.,cancel_order,"To cancel your order, please go to Settings > Orders > Cancel Order. After selecting the order, confirm the cancellation. If you face any issues, let me know."
579b6daf-5027-4f78-8122-399738ac8e89,5792,"I’m done, thanks.",goodbye,Thank you for reaching out! Have a great day.
ffa830b9-9d28-4b98-b37d-2c22ddf2f8e2,9377,Please provide shipment tracking updates.,order_tracking,"To track your shipment, please go to Orders > Track Shipment. Enter your tracking ID for more details."
30319cd1-bd1d-4125-be4b-bfab86e2f87a,1731,Please help me submit a problem report.,submit_complaint,"You can report a problem by going to Help Center > Complaints > File Issue. Fill in the complaint form, and our team will review it shortly."
b38ded30-063c-4dbb-9d28-1629e7b3c695,3790,How do I file a complaint?,submit_complaint,"You can report a problem by going to Help Center > Complaints > File Issue. Fill in the complaint form, and our team will review it shortly."
078ede4b-7c07-48d9-b8f0-425582a41ed5,9786,Track my shipment please.,order_tracking,Tracking details are available under My Account > Shipping > Track Package. It will show you real-time updates about your package location.
f1ec3920-031e-4591-bb60-eafbc8446900,9379,Can I chat with someone from support?,talk_to_human,I’ll connect you with a support agent shortly. Please hold on.
72be1c66-70ad-4fb6-88df-2adbb49ed868,4083,How can I leave a review for my order?,review_order,"To review your order, head over to Orders > Select Order > Leave Review. Select the order and leave your feedback."
775eec44-0bed-43b5-9dd1-b6dfcae57e36,1845,Where is my order in the process?,order_status,Head over to Profile > Orders > Check Status to see where your order is in the fulfillment process.
7d6cceb2-a308-4937-ad08-33c38f4aceac,7192,Please cancel my recent purchase.,cancel_order,You can cancel by navigating to Profile > Order History > Cancel Order. Choose the order you wish to cancel and follow the prompts.
74a267fc-fca7-40c3-a5af-ea9c6da28b8f,8012,Hello!,greeting,Hello there! How can I assist you with your orders today?
7a691356-4d5b-48c1-bfa8-a758d9cf2412,8863,Hi there!,greeting,Hi! Welcome back. What can I help you with?
f2d9bbfb-25d8-4a26-9bb3-4dac8e60d08e,6539,Can you connect me to support staff?,talk_to_human,"Sure, let me transfer you to one of our human representatives right away."
20b01d0d-f09e-45ad-b1ac-9d51ccba3ced,8417,I need the courier information for my order.,order_tracking,"To track your shipment, please go to My Account > Shipping > Track Package. Enter your tracking ID for more details."
1198e54d-1bf9-4832-bf5f-711cc3e9f297,1993,I want to cancel my last order.,cancel_order,You can cancel by navigating to Settings > Orders > Cancel Order. Choose the order you wish to cancel and follow the prompts.
d0b8e5dc-7672-40ed-9b88-e356e69d1743,6523,I need a refund on my last order.,demand_refund,"Refund requests can be placed through Settings > Orders > Refund Order. Select your order, choose 'Request Refund', and submit your reason."
3ad5be50-6965-41eb-8e51-d449cd780d66,9447,There’s an issue I need to report.,submit_complaint,"To submit a complaint, please visit Help Center > Complaints > File Issue. Provide your order details and a description of the issue."
dc9b6522-7ec4-4c0f-ba4e-725a74acc27e,6413,What’s 2+2?,out_of_scope,"I’m sorry, but I can’t help with that request. Could you please rephrase or ask something else?"
53275ade-fd9e-4850-884e-8405bb12cc11,1099,Where is my delivery right now?,order_tracking,"To track your shipment, please go to Purchases > Delivery > Tracking Info. Enter your tracking ID for more details."
38a4d8ab-3849-49e3-9788-8958eb86d29e,1379,How do I file a complaint?,submit_complaint,"You can report a problem by going to Settings > Support > Submit Complaint. Fill in the complaint form, and our team will review it shortly."
b7401522-6b03-44a2-8233-d4311a30176e,1085,Who won the football game yesterday?,out_of_scope,"I’m sorry, but I can’t help with that request. Could you please rephrase or ask something else?"
80d1dd57-b5d9-4600-b812-6efbd66fefa8,1834,Can I chat with someone from support?,talk_to_human,I’ll connect you with a support agent shortly. Please hold on.
316c06f1-7e07-4eab-94cb-9519f34fc460,4504,Can you help me undo an order I placed?,cancel_order,"To cancel your order, please go to Settings > Orders > Cancel Order. After selecting the order, confirm the cancellation. If you face any issues, let me know."
a264a000-c247-46f7-a7b0-66983d8f06a9,5696,There’s a billing issue with my purchase.,payment_issue,You can manage and fix your payment issues at Profile > Wallet > Payment Issues. Select the relevant transaction to proceed.
701656f4-5820-47d7-aa64-3dc429a35cad,1572,What’s 2+2?,out_of_scope,"I’m sorry, but I can’t help with that request. Could you please rephrase or ask something else?"
60a02e3a-ed71-42ab-bc8c-afa1d2d4364a,1127,Can you help me undo an order I placed?,cancel_order,You can cancel by navigating to My Account > Purchases > Cancel. Choose the order you wish to cancel and follow the prompts.
dc2a5eb5-ffa3-459c-83bf-15dc45e5d0b9,2977,Can you tell me the refund steps?,demand_refund,"Refund requests can be placed through Profile > Order History > Request Refund. Select your order, choose 'Request Refund', and submit your reason."
43ee8433-15bf-40e5-8417-1c4c35e8f189,7732,Can you tell me the refund steps?,demand_refund,"To get a refund, please visit My Account > Refunds > Initiate. Choose the respective order and complete the refund form."
913b5ec6-e606-4ee0-8cf6-6d52c2c58abc,8690,Track my shipment please.,order_tracking,"To track your shipment, please go to Orders > Track Shipment. Enter your tracking ID for more details."
4f6e9bc7-ed7b-4c62-8be6-01f31ce86de4,2239,There’s an issue I need to report.,submit_complaint,"You can report a problem by going to Profile > Feedback > Report Problem. Fill in the complaint form, and our team will review it shortly."
9fdbe5d5-476f-41ab-bb26-8710127b3df8,2775,There’s an issue I need to report.,submit_complaint,"You can report a problem by going to Help Center > Complaints > File Issue. Fill in the complaint form, and our team will review it shortly."
752239bb-cd45-4498-9d0b-316260ee4450,7777,Where do I write a review for my last order?,review_order,"You can add a review by navigating to Orders > Select Order > Leave Review. Once there, you’ll be able to write and submit your review."
193a1c01-dbe4-4712-8002-de88ec6e8400,4281,I need help with a failed transaction.,payment_issue,"For payment issues, navigate to My Account > Billing > Payment Help. You will find tools to resolve failed or pending transactions."
a3df28d4-5e33-4cb2-9d5a-a61e15a50e9a,4291,Where do I go to cancel an order?,cancel_order,You can cancel by navigating to Profile > Order History > Cancel Order. Choose the order you wish to cancel and follow the prompts.
a3fcaf12-7abe-4dde-9af3-8dcfcbcc0ca5,1295,Can I rate the product I bought?,review_order,"To review your order, head over to My Account > Reviews > Write Review. Select the order and leave your feedback."
35493d88-8b04-44e0-ab17-c22ec835e91b,8403,Please cancel my recent purchase.,cancel_order,You can cancel by navigating to Profile > Order History > Cancel Order. Choose the order you wish to cancel and follow the prompts.
5d544f9b-3a22-4448-96e1-0596ef6efe2d,8582,I want to cancel my last order.,cancel_order,You can cancel by navigating to Settings > Orders > Cancel Order. Choose the order you wish to cancel and follow the prompts.
c321674c-aaaa-4ce2-8ba2-c2e55e50ed35,6631,Has my order been shipped yet?,order_status,Head over to Orders > Select Order > View Status to see where your order is in the fulfillment process.
3a167b94-1a5c-4cd3-b350-8baf5ae2a87e,3235,Where do I go to cancel an order?,cancel_order,"To cancel your order, please go to My Account > Purchases > Cancel. After selecting the order, confirm the cancellation. If you face any issues, let me know."
c5c26811-d0c0-403a-a9f8-b14eecebd181,1020,How do I check if my order is confirmed?,order_status,Head over to Orders > Select Order > View Status to see where your order is in the fulfillment process.
e5091a3c-ceec-4769-97a3-65f18876cf27,3920,Hello!,greeting,Hi! Welcome back. What can I help you with?
6eb64a30-7ef5-45c3-aeec-0ab3d58e8934,7108,Please transfer me to a representative.,talk_to_human,I’ll connect you with a support agent shortly. Please hold on.
8b720cac-7d3b-442b-a31f-d73c1bf91944,4002,Hi there!,greeting,Hello there! How can I assist you with your orders today?
6b4751a8-c0f3-4423-9b4b-63792f32ae11,6093,Who won the football game yesterday?,out_of_scope,"I’m sorry, but I can’t help with that request. Could you please rephrase or ask something else?"
fce2f133-aea8-4b51-9ec4-948302c70cc4,7391,I need a refund on my last order.,demand_refund,"To get a refund, please visit Settings > Orders > Refund Order. Choose the respective order and complete the refund form."
66937199-7097-4046-a8a0-b559cdfe32d7,1247,"I’m done, thanks.",goodbye,Goodbye! I hope I was able to help you today.
b8c46de1-9336-4a1c-8b72-20492a0b85a0,6720,Track my shipment please.,order_tracking,Tracking details are available under Orders > Track Shipment. It will show you real-time updates about your package location.
151bbc8c-e3a8-444c-bcf0-8ce34ca9f12e,6401,Can you help me undo an order I placed?,cancel_order,"To cancel your order, please go to Profile > Order History > Cancel Order. After selecting the order, confirm the cancellation. If you face any issues, let me know."
8dfbaf98-473d-4cb6-af6b-49e5b5b1f2b5,2975,What’s 2+2?,out_of_scope,This seems outside my current support scope. Please check our help center for more information.
2368080a-00ae-469e-9397-c3325a990348,3983,There’s a billing issue with my purchase.,payment_issue,"For payment issues, navigate to Settings > Payments > Resolve Issue. You will find tools to resolve failed or pending transactions."
4966c28f-e1a1-406d-8f17-ad68fc31a4a9,9236,Who won the football game yesterday?,out_of_scope,"I’m sorry, but I can’t help with that request. Could you please rephrase or ask something else?"
abec32f0-3361-4f40-8cc2-1bcd5976fa80,4007,How do I request money back for my purchase?,demand_refund,"To get a refund, please visit My Account > Refunds > Initiate. Choose the respective order and complete the refund form."
92c648ed-6e96-48ab-9066-71ed68b0145a,2985,How do I request money back for my purchase?,demand_refund,"Refund requests can be placed through My Account > Refunds > Initiate. Select your order, choose 'Request Refund', and submit your reason."
4405013c-2acd-4dbd-8eee-8003aea6a268,1311,There’s a billing issue with my purchase.,payment_issue,You can manage and fix your payment issues at My Account > Billing > Payment Help. Select the relevant transaction to proceed.
20cc192c-0827-4e67-8ce1-0483a65ecd8d,1683,I need help with a failed transaction.,payment_issue,You can manage and fix your payment issues at My Account > Billing > Payment Help. Select the relevant transaction to proceed.
258c9a19-858d-44d0-95dc-d6accc8fc337,1116,I need a refund on my last order.,demand_refund,"To get a refund, please visit Profile > Order History > Request Refund. Choose the respective order and complete the refund form."
222e3f1c-1fb1-43a8-b6c6-da9a8fe88725,3651,Please provide shipment tracking updates.,order_tracking,"To track your shipment, please go to Purchases > Delivery > Tracking Info. Enter your tracking ID for more details."
bc61927b-f2b5-44d7-9171-5d76cb94ee6e,1532,I need a refund on my last order.,demand_refund,"Refund requests can be placed through Profile > Order History > Request Refund. Select your order, choose 'Request Refund', and submit your reason."
7b7613fb-a31a-419f-8d29-43569bc8305d,2839,Tell me a joke.,out_of_scope,"I’m sorry, but I can’t help with that request. Could you please rephrase or ask something else?"
bf03beca-1b99-4014-b27c-49dafc53d4df,2554,Who won the football game yesterday?,out_of_scope,This seems outside my current support scope. Please check our help center for more information.
11ac55bf-84c6-4fbe-97b2-c84623cbbf2a,2807,I need a refund on my last order.,demand_refund,"Refund requests can be placed through Settings > Orders > Refund Order. Select your order, choose 'Request Refund', and submit your reason."
595080b1-f80f-454b-b3e6-7be5cbdba1de,9590,I want to share feedback about my purchase.,review_order,"You can add a review by navigating to Orders > Select Order > Leave Review. Once there, you’ll be able to write and submit your review."
5cedbd78-4396-4b19-b33e-233604a13ed5,6663,"I’m done, thanks.",goodbye,Goodbye! I hope I was able to help you today.
1f4a2eb7-7b4c-419d-bce1-31c5d0f9bacf,7447,There’s an issue I need to report.,submit_complaint,"To submit a complaint, please visit Help Center > Complaints > File Issue. Provide your order details and a description of the issue."
101e4c90-771a-4b8c-b94e-2f2810c0b488,7224,Can you help me undo an order I placed?,cancel_order,"To cancel your order, please go to Settings > Orders > Cancel Order. After selecting the order, confirm the cancellation. If you face any issues, let me know."
aa8b4d4f-317a-4c9a-8c38-8a0eec17e614,4777,Please provide shipment tracking updates.,order_tracking,"To track your shipment, please go to My Account > Shipping > Track Package. Enter your tracking ID for more details."
c9b0101f-c1ab-4185-b60c-c51e0a477ba7,8599,How do I request money back for my purchase?,demand_refund,"To get a refund, please visit My Account > Refunds > Initiate. Choose the respective order and complete the refund form."
0bb2229c-354f-4e01-9152-6b850924c11c,9907,Where do I write a review for my last order?,review_order,"To review your order, head over to My Account > Reviews > Write Review. Select the order and leave your feedback."
8cead5ae-cd27-4b0f-b818-0ffcbf55fb83,9314,I need help with a failed transaction.,payment_issue,"For payment issues, navigate to Settings > Payments > Resolve Issue. You will find tools to resolve failed or pending transactions."
10b512ee-af36-45bc-95de-afc13a446047,7769,Hi there!,greeting,Hello there! How can I assist you with your orders today?
593c7684-7a41-43ee-a9a6-6780a8343760,1804,I want to cancel my last order.,cancel_order,You can cancel by navigating to My Account > Purchases > Cancel. Choose the order you wish to cancel and follow the prompts.
8471f0e3-0599-4272-97b3-151e503cd7af,2477,Good morning!,greeting,Hello there! How can I assist you with your orders today?
12366fd7-266a-40b5-a199-3d4a48618475,6484,I want to talk to a real person.,talk_to_human,"Sure, let me transfer you to one of our human representatives right away."
5e2b7cf2-f699-469e-950f-3fade4cabd63,7790,What’s the current status of my order?,order_status,You can check your order status by going to Orders > Select Order > View Status. It will display the current progress of your order.
1e98ea36-b5d5-410e-bc9d-0f07067d0c29,5842,I want to cancel my last order.,cancel_order,You can cancel by navigating to Settings > Orders > Cancel Order. Choose the order you wish to cancel and follow the prompts.
eda333e0-127b-48e4-961c-be7e3154b3a0,2753,Is there a way to stop processing on my order?,cancel_order,You can cancel by navigating to Settings > Orders > Cancel Order. Choose the order you wish to cancel and follow the prompts.
834feafd-cda9-4f75-94d6-e03bf6143c4f,9214,Can you connect me to support staff?,talk_to_human,"Sure, let me transfer you to one of our human representatives right away."
d04b8604-0832-461a-84c8-57855dfd0d82,1794,Please help me submit a problem report.,submit_complaint,"You can report a problem by going to Help Center > Complaints > File Issue. Fill in the complaint form, and our team will review it shortly."
6ec55b84-9ad2-4c74-80dc-0c9e0cac0604,7515,Goodbye!,goodbye,Goodbye! I hope I was able to help you today.
950744ef-e60b-455c-b1a9-c8b0fab712bc,6787,Where do I go to cancel an order?,cancel_order,"To cancel your order, please go to Settings > Orders > Cancel Order. After selecting the order, confirm the cancellation. If you face any issues, let me know."
30794e3e-fbc8-4130-9c7b-cafaa30395db,4445,I need the courier information for my order.,order_tracking,"To track your shipment, please go to My Account > Shipping > Track Package. Enter your tracking ID for more details."
027c0543-a568-4611-b2ec-826428197ebf,9862,Why was my card declined?,payment_issue,"For payment issues, navigate to Profile > Wallet > Payment Issues. You will find tools to resolve failed or pending transactions."
832922ec-1e77-43f0-a7a3-e19172779151,9321,Tell me a joke.,out_of_scope,This seems outside my current support scope. Please check our help center for more information.
bc2c8843-beed-4d96-8d6d-c1b0d5b3560a,9137,Track my shipment please.,order_tracking,Tracking details are available under Orders > Track Shipment. It will show you real-time updates about your package location.
c0fadc4d-d94b-497e-aee6-984eb5769c19,5170,Can you tell me the refund steps?,demand_refund,"Refund requests can be placed through Settings > Orders > Refund Order. Select your order, choose 'Request Refund', and submit your reason."
2897015e-c6c5-44d7-ae8f-f96db2f484b0,9051,Where do I write a review for my last order?,review_order,"You can add a review by navigating to Orders > Select Order > Leave Review. Once there, you’ll be able to write and submit your review."
6a3bd70e-eccb-43c6-8ec9-1514e9036167,2447,I want to complain about a product.,submit_complaint,"You can report a problem by going to Profile > Feedback > Report Problem. Fill in the complaint form, and our team will review it shortly."
ca7eda39-ad8a-49cd-b1e0-92aaad8a2cfc,5626,I want to cancel my last order.,cancel_order,You can cancel by navigating to My Account > Purchases > Cancel. Choose the order you wish to cancel and follow the prompts.
50c9d89a-1bed-47a7-a83e-c2a31ec5841c,6977,"My payment is pending, what should I do?",payment_issue,"For payment issues, navigate to My Account > Billing > Payment Help. You will find tools to resolve failed or pending transactions."
31d80bca-43fa-4bcc-92f3-8b9383286553,9450,Can I chat with someone from support?,talk_to_human,I’ll connect you with a support agent shortly. Please hold on.
e1fb68c4-2f58-473f-9824-b3417755158f,6444,I want to share feedback about my purchase.,review_order,"You can add a review by navigating to Orders > Select Order > Leave Review. Once there, you’ll be able to write and submit your review."
d8d3fbbc-4d6f-436e-bcc6-567062846624,2607,How do I request money back for my purchase?,demand_refund,"Refund requests can be placed through Profile > Order History > Request Refund. Select your order, choose 'Request Refund', and submit your reason."
ca0ed8ba-5714-4cae-9757-fbd648ceba11,8133,Please provide shipment tracking updates.,order_tracking,Tracking details are available under Orders > Track Shipment. It will show you real-time updates about your package location.
7cca78b1-802e-453e-a366-577ea044353d,6776,I need help with a failed transaction.,payment_issue,"For payment issues, navigate to Settings > Payments > Resolve Issue. You will find tools to resolve failed or pending transactions."
5f0397ec-3d72-421d-a112-514fda460e5b,5971,Who won the football game yesterday?,out_of_scope,This seems outside my current support scope. Please check our help center for more information.
2b552d5f-3e3a-427e-a741-c4d28da0909b,9644,Please transfer me to a representative.,talk_to_human,"Sure, let me transfer you to one of our human representatives right away."
237c0621-9f0a-4181-9889-a2186326feb9,6016,Hello!,greeting,Hello there! How can I assist you with your orders today?
7d0c3314-37a5-4965-ab37-aaa79d720735,6124,Tell me the progress of my recent order.,order_status,You can check your order status by going to Profile > Orders > Check Status. It will display the current progress of your order.
f3690f79-adc0-4fb2-a2de-455676d7c7c2,3092,Where do I go to raise a complaint?,submit_complaint,"You can report a problem by going to Settings > Support > Submit Complaint. Fill in the complaint form, and our team will review it shortly."
8455d47f-0d64-4d53-ab7d-0898923ecdc7,2401,What’s the weather like today?,out_of_scope,"I’m sorry, but I can’t help with that request. Could you please rephrase or ask something else?"
478838a4-758a-4ebe-bc94-be3d334e89f5,8633,Goodbye!,goodbye,Goodbye! I hope I was able to help you today.
2d723893-ec44-4783-8622-4db45ce7aea7,5734,Tell me a joke.,out_of_scope,This seems outside my current support scope. Please check our help center for more information.
3c50eb8a-e2dc-4463-aa6e-b0964205026c,3088,"Hey, how are you?",greeting,Hello there! How can I assist you with your orders today?
5ccba7a6-afa7-4458-9922-48707b9c8bae,9717,Can I rate the product I bought?,review_order,"To review your order, head over to My Account > Reviews > Write Review. Select the order and leave your feedback."
53b8b3b4-c863-4221-ba6b-eb63979d82da,7151,Where do I go to cancel an order?,cancel_order,You can cancel by navigating to My Account > Purchases > Cancel. Choose the order you wish to cancel and follow the prompts.
ef9a310b-7dd3-49a4-a394-3ff0af936911,7750,Catch you later.,goodbye,Goodbye! I hope I was able to help you today.
6e8f298f-ec18-4ad5-b03a-985fc60a85f1,9338,Can you help me undo an order I placed?,cancel_order,"To cancel your order, please go to Settings > Orders > Cancel Order. After selecting the order, confirm the cancellation. If you face any issues, let me know."
a298db70-e26b-4167-a889-bccbac38323a,9279,How can I leave a review for my order?,review_order,"To review your order, head over to Orders > Select Order > Leave Review. Select the order and leave your feedback."
2335f915-a45d-4953-be47-10958c20bad4,7110,How do I file a complaint?,submit_complaint,"To submit a complaint, please visit Help Center > Complaints > File Issue. Provide your order details and a description of the issue."
4e8475ad-188b-4be3-adae-4052e2a0cc0a,9149,I want to share feedback about my purchase.,review_order,"You can add a review by navigating to Orders > Select Order > Leave Review. Once there, you’ll be able to write and submit your review."
9a5cb4b1-d9b5-4011-b27d-5171b7ff3b13,4877,Please guide me to initiate a refund.,demand_refund,"Refund requests can be placed through Profile > Order History > Request Refund. Select your order, choose 'Request Refund', and submit your reason."
1489a8d7-8a76-4577-a6f0-51c99facd7c9,5353,I want to share feedback about my purchase.,review_order,"To review your order, head over to Purchases > Feedback > Review Order. Select the order and leave your feedback."
c7aafd9e-8f52-4d51-879d-11a34f01485b,6929,"My payment is pending, what should I do?",payment_issue,"For payment issues, navigate to Settings > Payments > Resolve Issue. You will find tools to resolve failed or pending transactions."
af72a3bf-1de4-4776-b6f3-dbaa601ec8a1,8262,Can I chat with someone from support?,talk_to_human,"Sure, let me transfer you to one of our human representatives right away."
e9e9a0a8-76e5-41e9-bdcb-f3e3225dda4f,3748,"I’m done, thanks.",goodbye,Goodbye! I hope I was able to help you today.
d3d47e9f-d8af-4bd6-b6cb-2e725bce6f41,9701,How do I request money back for my purchase?,demand_refund,"To get a refund, please visit Settings > Orders > Refund Order. Choose the respective order and complete the refund form."
420157dd-72a8-4943-8c78-b756459bf103,1607,I want to complain about a product.,submit_complaint,"You can report a problem by going to Profile > Feedback > Report Problem. Fill in the complaint form, and our team will review it shortly."
b9229982-cc0e-4082-a504-24eab54a91ad,5265,I want to complain about a product.,submit_complaint,"You can report a problem by going to Help Center > Complaints > File Issue. Fill in the complaint form, and our team will review it shortly."
236fcf88-8e51-4125-b79d-b33ee96b6639,5476,Can you write me an essay?,out_of_scope,This seems outside my current support scope. Please check our help center for more information.
adb536c0-c3af-4e68-8e87-5d8a30318d4f,1590,Help me post a review for my completed purchase.,review_order,"You can add a review by navigating to My Account > Reviews > Write Review. Once there, you’ll be able to write and submit your review."
639561c6-2e7e-407e-9fc0-e7e14fc8f6bc,4632,Can you tell me the refund steps?,demand_refund,"To get a refund, please visit Settings > Orders > Refund Order. Choose the respective order and complete the refund form."
7f183977-1e37-4e30-9ab7-df79b293d386,4507,I want to talk to a real person.,talk_to_human,"Sure, let me transfer you to one of our human representatives right away."
39ae501c-1d9c-4f18-9ac1-f11b8e7426b3,4786,Can you write me an essay?,out_of_scope,"I’m sorry, but I can’t help with that request. Could you please rephrase or ask something else?"
96a3a3f7-0925-4277-b05a-d59cd8884602,4546,How do I check if my order is confirmed?,order_status,You can check your order status by going to Profile > Orders > Check Status. It will display the current progress of your order.
34c37713-1447-4935-864e-a23aa76a89c1,9376,Please cancel my recent purchase.,cancel_order,"To cancel your order, please go to My Account > Purchases > Cancel. After selecting the order, confirm the cancellation. If you face any issues, let me know."
1194ece3-4db0-43dd-a722-3854d33373e3,1253,Can you tell me the refund steps?,demand_refund,"To get a refund, please visit Profile > Order History > Request Refund. Choose the respective order and complete the refund form."
f28b21e4-8cc8-439e-8954-cd3363e4a0e0,8998,"Hi, I need some help.",greeting,Hello there! How can I assist you with your orders today?
181d458b-fd2b-4e2f-b5f9-9d9fa613cb51,4016,What’s the weather like today?,out_of_scope,This seems outside my current support scope. Please check our help center for more information.
59dc88b7-3737-4714-b273-a20ed6e40c6e,6517,Please cancel my recent purchase.,cancel_order,You can cancel by navigating to Settings > Orders > Cancel Order. Choose the order you wish to cancel and follow the prompts.
3ff4fcbe-edda-4cd9-aa67-51b987cc6f8c,3579,Tell me the progress of my recent order.,order_status,You can check your order status by going to My Account > Purchases > Track Progress. It will display the current progress of your order.
c0ff7cf1-a3cd-4f78-8f6c-063a5e9d15e9,7976,Hello!,greeting,Hello there! How can I assist you with your orders today?
49b0d480-6786-4f57-9f0b-09f268d5e097,9361,Why was my card declined?,payment_issue,You can manage and fix your payment issues at My Account > Billing > Payment Help. Select the relevant transaction to proceed.
874dd38b-536c-417e-8778-cf5bdc7c71f1,8691,Where can I request a refund?,demand_refund,"Refund requests can be placed through My Account > Refunds > Initiate. Select your order, choose 'Request Refund', and submit your reason."
3a13cbe5-3f5d-4a93-887a-51641217672d,8378,Where is my delivery right now?,order_tracking,"To track your shipment, please go to Purchases > Delivery > Tracking Info. Enter your tracking ID for more details."
4ca9636e-d889-459a-bf98-ae34917ca2a0,2857,Where do I go to cancel an order?,cancel_order,"To cancel your order, please go to Profile > Order History > Cancel Order. After selecting the order, confirm the cancellation. If you face any issues, let me know."
2f7e32e7-99f4-4f3a-816d-c0ede6850d97,3486,My payment didn’t go through.,payment_issue,"For payment issues, navigate to My Account > Billing > Payment Help. You will find tools to resolve failed or pending transactions."
fdec053d-10e7-4ac9-b3bc-5d0a7334ef8f,6812,How do I request money back for my purchase?,demand_refund,"To get a refund, please visit Settings > Orders > Refund Order. Choose the respective order and complete the refund form."
1e725d0c-4f2e-4c5b-97fc-8c797c88d8c1,1220,There’s a billing issue with my purchase.,payment_issue,"For payment issues, navigate to Profile > Wallet > Payment Issues. You will find tools to resolve failed or pending transactions."
782a0a67-3479-49aa-b8fa-0c9eb2126351,5618,See you next time.,goodbye,Goodbye! I hope I was able to help you today.
7c2b9ae0-01aa-41da-b8a2-7102f1713719,6078,"Thanks, bye!",goodbye,Goodbye! I hope I was able to help you today.
f4422873-ec02-4918-bf9a-5d256f12b456,4053,Where do I go to cancel an order?,cancel_order,You can cancel by navigating to My Account > Purchases > Cancel. Choose the order you wish to cancel and follow the prompts.
706f7425-e09b-4b4a-91b3-30a429d2e0e5,3139,Can you write me an essay?,out_of_scope,This seems outside my current support scope. Please check our help center for more information.
62bf62e5-fca8-45bc-aca0-cc7139388e74,5168,Please guide me to initiate a refund.,demand_refund,"To get a refund, please visit Settings > Orders > Refund Order. Choose the respective order and complete the refund form."
ca739f5a-25a5-42c1-9671-2c30862d0d21,3122,I need the courier information for my order.,order_tracking,"To track your shipment, please go to Orders > Track Shipment. Enter your tracking ID for more details."
26da85bb-3ed9-4ca1-9591-759e9a9da1e3,4961,Is there a way to stop processing on my order?,cancel_order,You can cancel by navigating to Profile > Order History > Cancel Order. Choose the order you wish to cancel and follow the prompts.
de871a25-303d-4601-a7d8-3bce21510747,5144,How do I request money back for my purchase?,demand_refund,"To get a refund, please visit My Account > Refunds > Initiate. Choose the respective order and complete the refund form."
0793a648-371a-4c41-8c15-86b617115f9b,4642,I need a refund on my last order.,demand_refund,"To get a refund, please visit Profile > Order History > Request Refund. Choose the respective order and complete the refund form."
05a723e4-1779-43c9-a072-75f94f1a73e4,7240,I want to complain about a product.,submit_complaint,"To submit a complaint, please visit Help Center > Complaints > File Issue. Provide your order details and a description of the issue."
7b37a4ed-4e12-4418-8ffe-a823973fc45f,2131,There’s a billing issue with my purchase.,payment_issue,You can manage and fix your payment issues at My Account > Billing > Payment Help. Select the relevant transaction to proceed.
233e5d5e-642b-4878-b7cf-1563a47b0ea1,6606,Where do I write a review for my last order?,review_order,"You can add a review by navigating to My Account > Reviews > Write Review. Once there, you’ll be able to write and submit your review."
8f9c83dd-d6e4-4163-9379-436c064abea0,9278,Help me post a review for my completed purchase.,review_order,"To review your order, head over to Orders > Select Order > Leave Review. Select the order and leave your feedback."
4133dc53-1ceb-4252-81ca-7ad5bd546fb6,5658,Can I chat with someone from support?,talk_to_human,"Sure, let me transfer you to one of our human representatives right away."
cbc31476-ffe3-431b-8f00-ad71a27d40f8,8336,"Thanks, bye!",goodbye,Thank you for reaching out! Have a great day.
ddb06082-4342-4391-8de4-67544459a852,7416,Can you show me tracking details for my order?,order_tracking,"To track your shipment, please go to Purchases > Delivery > Tracking Info. Enter your tracking ID for more details."
ee4fecb2-0167-41ec-abbe-86b4b5e7e161,6639,Tell me the progress of my recent order.,order_status,Head over to Profile > Orders > Check Status to see where your order is in the fulfillment process.
b97ff5cc-6620-4f88-9cce-807018b10e7d,8203,Help me post a review for my completed purchase.,review_order,"You can add a review by navigating to Purchases > Feedback > Review Order. Once there, you’ll be able to write and submit your review."
5216add0-f7ff-4310-9c19-ecd74f196efd,4446,How do I request money back for my purchase?,demand_refund,"Refund requests can be placed through Settings > Orders > Refund Order. Select your order, choose 'Request Refund', and submit your reason."
f0da410b-1c12-4f11-bffa-8394172b3fc8,1678,Can I chat with someone from support?,talk_to_human,"Sure, let me transfer you to one of our human representatives right away."
4315702e-fb1f-455b-b5ce-ee9596d6af8c,1808,Please guide me to initiate a refund.,demand_refund,"To get a refund, please visit Profile > Order History > Request Refund. Choose the respective order and complete the refund form."
f2e9e92e-79ef-476c-98f4-8697e31d692b,4361,How can I leave a review for my order?,review_order,"To review your order, head over to Purchases > Feedback > Review Order. Select the order and leave your feedback."
8c7815f3-8d5a-4391-a685-35042052e91e,3973,Please provide shipment tracking updates.,order_tracking,"To track your shipment, please go to Purchases > Delivery > Tracking Info. Enter your tracking ID for more details."
c5c319f8-abd5-497e-ba07-95c48f7d9669,2549,There’s an issue I need to report.,submit_complaint,"To submit a complaint, please visit Help Center > Complaints > File Issue. Provide your order details and a description of the issue."
ead34478-b556-4dad-aa27-206bee1e5533,4080,Can you tell me the refund steps?,demand_refund,"To get a refund, please visit Settings > Orders > Refund Order. Choose the respective order and complete the refund form."
5dc3dc88-111f-479a-bb1b-3db55844af4e,2742,"Hey, how are you?",greeting,Hello there! How can I assist you with your orders today?
9671c1de-b59a-4da6-8c7f-d6dd4dc9bc67,8676,Catch you later.,goodbye,Thank you for reaching out! Have a great day.
4493eb54-391f-48b1-af03-5b59e38a4367,9463,Tell me the progress of my recent order.,order_status,Head over to My Account > Purchases > Track Progress to see where your order is in the fulfillment process.
3446c214-73ad-4032-b20a-edbdbae23a38,7326,Please transfer me to a representative.,talk_to_human,I’ll connect you with a support agent shortly. Please hold on.
c833263c-e85e-4743-83bf-d48ecdb3a56b,2390,Where is my delivery right now?,order_tracking,"To track your shipment, please go to My Account > Shipping > Track Package. Enter your tracking ID for more details."
ded890db-53f9-4d80-8f62-05bfc11f645b,5301,Goodbye!,goodbye,Thank you for reaching out! Have a great day.
1a250bd6-e950-44aa-9e44-30716c809488,3999,Why was my card declined?,payment_issue,You can manage and fix your payment issues at Profile > Wallet > Payment Issues. Select the relevant transaction to proceed.
650362cf-7c7c-429e-a3d3-b96aab33e79d,2243,Has my order been shipped yet?,order_status,You can check your order status by going to My Account > Purchases > Track Progress. It will display the current progress of your order.
ee85cace-19b2-4ea1-8843-fdec4a4d3c70,6610,How do I request money back for my purchase?,demand_refund,"To get a refund, please visit Profile > Order History > Request Refund. Choose the respective order and complete the refund form."
6c035556-8aca-47b5-91d2-ef1c576bf343,7779,I want to share feedback about my purchase.,review_order,"To review your order, head over to Orders > Select Order > Leave Review. Select the order and leave your feedback."
e9174a48-dbc7-4f70-b7e2-fb2b3d72793b,6086,How do I file a complaint?,submit_complaint,"You can report a problem by going to Settings > Support > Submit Complaint. Fill in the complaint form, and our team will review it shortly."
583677b0-9609-47f6-923e-de42a60a2b79,4144,How do I check if my order is confirmed?,order_status,Head over to Profile > Orders > Check Status to see where your order is in the fulfillment process.
c539947b-333c-49ec-96e0-6bc30b749956,2525,Has my order been shipped yet?,order_status,You can check your order status by going to Orders > Select Order > View Status. It will display the current progress of your order.
0dfac87d-0a12-47cb-9223-a06819bb1a92,1313,"Hi, I need some help.",greeting,Hi! Welcome back. What can I help you with?
060e9273-c005-4985-a29e-5d914bcbf9c7,5924,"My payment is pending, what should I do?",payment_issue,You can manage and fix your payment issues at My Account > Billing > Payment Help. Select the relevant transaction to proceed.
0b9f991b-aea8-42be-9f8f-eff3ee247aeb,3116,Can you show me tracking details for my order?,order_tracking,"To track your shipment, please go to My Account > Shipping > Track Package. Enter your tracking ID for more details."
3754096e-21cc-4ded-a12a-aed7397e470c,5893,Please cancel my recent purchase.,cancel_order,You can cancel by navigating to Settings > Orders > Cancel Order. Choose the order you wish to cancel and follow the prompts.
7d7a8baf-bd2b-48ea-a951-b0ee11f7248e,2762,Who won the football game yesterday?,out_of_scope,This seems outside my current support scope. Please check our help center for more information.
d5c7af78-f500-472b-ac25-58104adb1f94,5793,Where is my order in the process?,order_status,Head over to My Account > Purchases > Track Progress to see where your order is in the fulfillment process.
7022fbe9-d807-4018-be95-b19d18feeec7,3610,Please guide me to initiate a refund.,demand_refund,"To get a refund, please visit Settings > Orders > Refund Order. Choose the respective order and complete the refund form."
273f5292-6423-4502-9c81-d3c60ebcfa8a,2751,See you next time.,goodbye,Goodbye! I hope I was able to help you today.
8a221da7-388d-4403-8e9b-455056cdf88d,1382,Tell me a joke.,out_of_scope,"I’m sorry, but I can’t help with that request. Could you please rephrase or ask something else?"
36f73f5c-1ab0-4b95-b1c1-c7cf72919d64,5324,Hello!,greeting,Hello there! How can I assist you with your orders today?
d3587661-a557-445b-bd06-03116767f082,3709,Can I rate the product I bought?,review_order,"You can add a review by navigating to My Account > Reviews > Write Review. Once there, you’ll be able to write and submit your review."
bccc6e48-e4c2-465b-8c3a-91949e7f06bd,3204,Can you help me undo an order I placed?,cancel_order,"To cancel your order, please go to Profile > Order History > Cancel Order. After selecting the order, confirm the cancellation. If you face any issues, let me know."
5d5eb88a-7f27-402b-8229-7fd74f510f74,8564,Can you tell me the refund steps?,demand_refund,"To get a refund, please visit Settings > Orders > Refund Order. Choose the respective order and complete the refund form."
76986fb0-55b4-4401-863f-02cd3c4d72cb,6300,Please transfer me to a representative.,talk_to_human,"Sure, let me transfer you to one of our human representatives right away."
2b2b2eed-8df0-4811-b84d-3d85bf48cf51,3833,I want to cancel my last order.,cancel_order,"To cancel your order, please go to My Account > Purchases > Cancel. After selecting the order, confirm the cancellation. If you face any issues, let me know."
271031ac-878c-4b23-b92b-ccce533ad8b7,5228,Can you show me tracking details for my order?,order_tracking,Tracking details are available under Purchases > Delivery > Tracking Info. It will show you real-time updates about your package location.
7eb46adb-5618-40ef-994a-3e6b9c437626,6417,"Hey, how are you?",greeting,Hi! Welcome back. What can I help you with?
163463f6-e915-4134-b4d4-eaa9a1e8c6cd,9249,Can you help me undo an order I placed?,cancel_order,You can cancel by navigating to My Account > Purchases > Cancel. Choose the order you wish to cancel and follow the prompts.
4cd38aed-62e3-4f87-888b-e18408515759,2102,I need the courier information for my order.,order_tracking,Tracking details are available under My Account > Shipping > Track Package. It will show you real-time updates about your package location.
b75cf3fc-8472-49e3-a729-070a3ddf463c,3268,Where can I request a refund?,demand_refund,"To get a refund, please visit Profile > Order History > Request Refund. Choose the respective order and complete the refund form."
2bc5820e-11df-4798-a046-2bdaecf9fa63,6764,What’s the current status of my order?,order_status,Head over to Orders > Select Order > View Status to see where your order is in the fulfillment process.
055cfd88-1dcd-4d0b-8343-a4a22d918575,1347,Who won the football game yesterday?,out_of_scope,This seems outside my current support scope. Please check our help center for more information.
05bc256c-64ce-4d81-9fe1-b059b67b52f3,4724,I need to speak to a human agent.,talk_to_human,I’ll connect you with a support agent shortly. Please hold on.
5d2028a8-321d-4166-a9cd-6af10a6a3b29,1176,Please cancel my recent purchase.,cancel_order,You can cancel by navigating to Settings > Orders > Cancel Order. Choose the order you wish to cancel and follow the prompts.
0fabed89-d7ec-4437-9684-67c5bf162879,8679,Why was my card declined?,payment_issue,"For payment issues, navigate to Settings > Payments > Resolve Issue. You will find tools to resolve failed or pending transactions."
90f67c34-073a-4d7f-94c8-44571e1433df,5820,Can you help me undo an order I placed?,cancel_order,You can cancel by navigating to Settings > Orders > Cancel Order. Choose the order you wish to cancel and follow the prompts.
9e1650be-404d-4ede-9541-2da8c5348d9f,1154,Can you write me an essay?,out_of_scope,"I’m sorry, but I can’t help with that request. Could you please rephrase or ask something else?"
cb042bfa-45a2-43ed-84c7-275e98482720,4369,Please provide shipment tracking updates.,order_tracking,Tracking details are available under Orders > Track Shipment. It will show you real-time updates about your package location.
530479b9-d1f7-4193-8d95-538a761e9202,3462,Hi there!,greeting,Hi! Welcome back. What can I help you with?
95d67d08-8c9e-4529-bb56-3bffc2044aa0,8105,Why was my card declined?,payment_issue,You can manage and fix your payment issues at Profile > Wallet > Payment Issues. Select the relevant transaction to proceed.
07bec47a-ccee-4bb8-b7ba-36f721c16ae6,3274,Please transfer me to a representative.,talk_to_human,I’ll connect you with a support agent shortly. Please hold on.
4e4393db-4150-443f-9add-c74b8122399c,8979,Where can I request a refund?,demand_refund,"To get a refund, please visit Settings > Orders > Refund Order. Choose the respective order and complete the refund form."
09e0124d-acf5-47a9-a564-befe29810919,9974,What’s the weather like today?,out_of_scope,This seems outside my current support scope. Please check our help center for more information.
2faad3cb-9eb5-4c45-b306-862ad01140b0,5953,Can you write me an essay?,out_of_scope,This seems outside my current support scope. Please check our help center for more information.
ac1c560a-3106-47ab-8dd6-db67046b484b,5663,I need the courier information for my order.,order_tracking,Tracking details are available under Orders > Track Shipment. It will show you real-time updates about your package location.
240f9663-cff9-4588-bc9b-b61b82db05f8,4115,Tell me the progress of my recent order.,order_status,You can check your order status by going to Orders > Select Order > View Status. It will display the current progress of your order.
c685a027-83e3-42eb-aab6-c2adc174042b,4682,Please cancel my recent purchase.,cancel_order,"To cancel your order, please go to My Account > Purchases > Cancel. After selecting the order, confirm the cancellation. If you face any issues, let me know."
c72a6fb2-83ea-4427-ac0f-724753098272,4783,Can you connect me to support staff?,talk_to_human,I’ll connect you with a support agent shortly. Please hold on.
dcfbe45b-5f96-4d07-9b25-1f5f12610de0,1532,How can I leave a review for my order?,review_order,"To review your order, head over to Purchases > Feedback > Review Order. Select the order and leave your feedback."
87bf154d-95b4-4da5-8732-7619f2e9b679,2939,Tell me the progress of my recent order.,order_status,Head over to Profile > Orders > Check Status to see where your order is in the fulfillment process.
5ef1ca3f-b202-4db5-ae37-5f36abada4a0,3372,Hello!,greeting,Hello there! How can I assist you with your orders today?
ef247a9c-c6a6-4857-a57a-e15abba890c1,8211,I need to speak to a human agent.,talk_to_human,"Sure, let me transfer you to one of our human representatives right away."
63bd3237-8010-4354-b2d7-e0c22ff7b1ef,2767,Tell me the progress of my recent order.,order_status,Head over to Profile > Orders > Check Status to see where your order is in the fulfillment process.
f3be4c28-7581-4c0e-929b-ba61fea6e89c,6870,Catch you later.,goodbye,Goodbye! I hope I was able to help you today.
7de61b8a-913b-4d18-93f3-9798cca0f9fa,7420,Catch you later.,goodbye,Goodbye! I hope I was able to help you today.
2560aa47-5238-401b-8015-373873313b78,2424,I want to share feedback about my purchase.,review_order,"To review your order, head over to My Account > Reviews > Write Review. Select the order and leave your feedback."
1aa3e69d-d5c5-4840-932f-b9eb58834320,4349,How do I request money back for my purchase?,demand_refund,"To get a refund, please visit Settings > Orders > Refund Order. Choose the respective order and complete the refund form."
fc434644-3a79-4bc5-811f-47535585fc52,8336,Where do I go to cancel an order?,cancel_order,You can cancel by navigating to Profile > Order History > Cancel Order. Choose the order you wish to cancel and follow the prompts.
e7151af1-5ef5-4ad3-9388-4fd7769d12ff,4461,Where do I write a review for my last order?,review_order,"To review your order, head over to Purchases > Feedback > Review Order. Select the order and leave your feedback."
fbe4d14c-10bc-4ca9-bdbb-bb74fc42d056,9080,I want to complain about a product.,submit_complaint,"To submit a complaint, please visit Settings > Support > Submit Complaint. Provide your order details and a description of the issue."
9f28c380-e632-4646-a578-4d1c4e7fdd98,7618,Is there a way to stop processing on my order?,cancel_order,"To cancel your order, please go to Profile > Order History > Cancel Order. After selecting the order, confirm the cancellation. If you face any issues, let me know."
31d5787a-e777-415e-8c3e-5c9b054d4c61,9594,Why was my card declined?,payment_issue,"For payment issues, navigate to Profile > Wallet > Payment Issues. You will find tools to resolve failed or pending transactions."
85122189-f953-4928-862d-95585fd6c61f,4267,Can you connect me to support staff?,talk_to_human,"Sure, let me transfer you to one of our human representatives right away."
450df32f-94c6-4d90-b31a-35cbd42210d3,7327,Where is my order in the process?,order_status,Head over to Profile > Orders > Check Status to see where your order is in the fulfillment process.
260ae921-323a-4d14-9d41-948b36f36b3a,8411,There’s a billing issue with my purchase.,payment_issue,You can manage and fix your payment issues at Profile > Wallet > Payment Issues. Select the relevant transaction to proceed.
0d68b34b-38cf-438f-a0c5-84f6d5f96ef6,4900,Hello!,greeting,Hello there! How can I assist you with your orders today?
9c13cef4-e96e-4112-9bad-c1d0739fefc7,9057,Can you help me undo an order I placed?,cancel_order,You can cancel by navigating to My Account > Purchases > Cancel. Choose the order you wish to cancel and follow the prompts.
147461e7-9408-4b5a-bf1e-782a4fb6265a,1572,Hi there!,greeting,Hello there! How can I assist you with your orders today?
13312e7f-760b-43ba-8dcc-0f774d1d2e18,9320,Please provide shipment tracking updates.,order_tracking,Tracking details are available under Orders > Track Shipment. It will show you real-time updates about your package location.
a0e994e2-c373-490e-a2fd-6f6b96aefb40,8903,Tell me the progress of my recent order.,order_status,Head over to Orders > Select Order > View Status to see where your order is in the fulfillment process.
251a2f74-166d-47dc-b5ab-126d30d55053,5517,Catch you later.,goodbye,Goodbye! I hope I was able to help you today.
32d91727-2418-42c9-ae2f-3af4d2eca613,2855,How do I request money back for my purchase?,demand_refund,"To get a refund, please visit Settings > Orders > Refund Order. Choose the respective order and complete the refund form."
157ebb2c-7db5-45e8-9008-dd47c41a164c,1649,Help me post a review for my completed purchase.,review_order,"You can add a review by navigating to Orders > Select Order > Leave Review. Once there, you’ll be able to write and submit your review."
2cc73fef-7492-422d-9ea1-952f255b614c,9203,Where is my order in the process?,order_status,Head over to Orders > Select Order > View Status to see where your order is in the fulfillment process.
7494e5cc-7771-44ea-b79f-8e058556c5cf,6840,How do I check if my order is confirmed?,order_status,You can check your order status by going to Orders > Select Order > View Status. It will display the current progress of your order.
be84bea8-56ea-47be-b866-8d45dead6cf1,7487,Hello!,greeting,Hi! Welcome back. What can I help you with?
3403e8db-a386-441f-859e-f435a06a98c2,1189,How do I request money back for my purchase?,demand_refund,"Refund requests can be placed through My Account > Refunds > Initiate. Select your order, choose 'Request Refund', and submit your reason."
c384c64e-604c-4b8b-aac1-0988f761848e,1979,"My payment is pending, what should I do?",payment_issue,"For payment issues, navigate to Profile > Wallet > Payment Issues. You will find tools to resolve failed or pending transactions."
19f14227-f774-4ef9-926d-b8dbb16291fd,6751,Where do I write a review for my last order?,review_order,"To review your order, head over to Purchases > Feedback > Review Order. Select the order and leave your feedback."
7ef30776-c332-4253-92ba-421a4635a31f,8340,I need a refund on my last order.,demand_refund,"To get a refund, please visit Settings > Orders > Refund Order. Choose the respective order and complete the refund form."
e94d3977-48fe-4ffe-9c79-60e723a2f838,6803,Is there a way to stop processing on my order?,cancel_order,"To cancel your order, please go to My Account > Purchases > Cancel. After selecting the order, confirm the cancellation. If you face any issues, let me know."
01bc8733-79e2-4ef1-87c0-e41444533154,8498,I need help with a failed transaction.,payment_issue,"For payment issues, navigate to Settings > Payments > Resolve Issue. You will find tools to resolve failed or pending transactions."
1f8d7b33-f0d1-49c7-a398-13b260b498d5,3743,I need help with a failed transaction.,payment_issue,"For payment issues, navigate to Profile > Wallet > Payment Issues. You will find tools to resolve failed or pending transactions."
6a558925-e0ae-4684-ad08-77705dc082e4,4884,How can I leave a review for my order?,review_order,"To review your order, head over to Orders > Select Order > Leave Review. Select the order and leave your feedback."
3ec29d5e-ee63-4da0-9e02-1fc8440e4128,4466,See you next time.,goodbye,Thank you for reaching out! Have a great day.
bd248394-2e8e-4288-a622-4ed23131dc15,9788,Track my shipment please.,order_tracking,Tracking details are available under Orders > Track Shipment. It will show you real-time updates about your package location.
e5c12b09-3dc3-4c2f-b7f6-d7b18558f9c5,9710,Tell me the progress of my recent order.,order_status,You can check your order status by going to My Account > Purchases > Track Progress. It will display the current progress of your order.
5eeb5220-bb8b-4d2d-b434-471130dad91f,7042,Can you help me undo an order I placed?,cancel_order,You can cancel by navigating to My Account > Purchases > Cancel. Choose the order you wish to cancel and follow the prompts.
2ec4ff73-0011-4953-8dd6-611e3b8728bc,7598,My payment didn’t go through.,payment_issue,"For payment issues, navigate to Settings > Payments > Resolve Issue. You will find tools to resolve failed or pending transactions."
1ec9bd6c-c58d-4e23-891d-6d704b463808,4607,How can I leave a review for my order?,review_order,"You can add a review by navigating to My Account > Reviews > Write Review. Once there, you’ll be able to write and submit your review."
d4e1c4de-a4f9-4c76-bd04-b45fcb686042,8410,Tell me a joke.,out_of_scope,This seems outside my current support scope. Please check our help center for more information.
5aa6dc79-b6de-448f-b0f6-6856f285a35d,4091,Tell me a joke.,out_of_scope,This seems outside my current support scope. Please check our help center for more information.
fd0a7fb0-42ca-4594-98bd-a01b83fafb0f,4955,Please provide shipment tracking updates.,order_tracking,Tracking details are available under Orders > Track Shipment. It will show you real-time updates about your package location.
b9b705a5-a66b-4bef-8066-206b539e3c26,8829,Can you help me undo an order I placed?,cancel_order,"To cancel your order, please go to Profile > Order History > Cancel Order. After selecting the order, confirm the cancellation. If you face any issues, let me know."
b21854eb-89a3-4e12-b5dc-838f6542300f,2160,I want to share feedback about my purchase.,review_order,"You can add a review by navigating to Purchases > Feedback > Review Order. Once there, you’ll be able to write and submit your review."
66e66bf4-27d1-4f43-85e5-57eab7bd81f5,2075,Please help me submit a problem report.,submit_complaint,"To submit a complaint, please visit Profile > Feedback > Report Problem. Provide your order details and a description of the issue."
2d77cc9d-aa84-45c7-b02d-909f5d70a56b,6893,"Thanks, bye!",goodbye,Thank you for reaching out! Have a great day.
5ab7db4c-d27f-4c96-80ad-fb74dbf50823,2338,See you next time.,goodbye,Thank you for reaching out! Have a great day.
612d6aaa-2475-4f8a-8cce-54861837c30d,7472,Help me post a review for my completed purchase.,review_order,"You can add a review by navigating to Purchases > Feedback > Review Order. Once there, you’ll be able to write and submit your review."
9b7ca0c1-9c75-4f36-9c56-dcc66df8b054,6920,Can you tell me the refund steps?,demand_refund,"To get a refund, please visit My Account > Refunds > Initiate. Choose the respective order and complete the refund form."
a4a6c4a0-ebad-4765-89fa-46a855e063fb,9484,Can you show me tracking details for my order?,order_tracking,Tracking details are available under Purchases > Delivery > Tracking Info. It will show you real-time updates about your package location.
f50aa194-a1d0-4b9d-94fd-f7bc48596355,4112,Where do I write a review for my last order?,review_order,"To review your order, head over to Orders > Select Order > Leave Review. Select the order and leave your feedback."
210d6552-0ab3-4842-9f16-b5a5894e8563,4610,Can I rate the product I bought?,review_order,"You can add a review by navigating to Purchases > Feedback > Review Order. Once there, you’ll be able to write and submit your review."
74e5b367-7bf1-4927-846f-4d792ccbc30e,2726,Who won the football game yesterday?,out_of_scope,This seems outside my current support scope. Please check our help center for more information.
bf349a41-5b2c-48ab-bf2e-045a73480871,7549,Can I rate the product I bought?,review_order,"To review your order, head over to Orders > Select Order > Leave Review. Select the order and leave your feedback."
3d7fc244-ecfb-41e6-8c06-a1ebe9b8e739,2810,I want to talk to a real person.,talk_to_human,I’ll connect you with a support agent shortly. Please hold on.
6ade9feb-3281-4a1a-ac60-97f79b846696,5051,Can I chat with someone from support?,talk_to_human,"Sure, let me transfer you to one of our human representatives right away."
47986629-872c-42ed-a69c-b283520e4be0,9424,Please transfer me to a representative.,talk_to_human,"Sure, let me transfer you to one of our human representatives right away."
3d7094bf-1eb7-43d4-ad0b-54d655c3670a,6072,Goodbye!,goodbye,Thank you for reaching out! Have a great day.
9cf82fac-1b32-40c0-8a67-6f60741352da,5254,Hello!,greeting,Hi! Welcome back. What can I help you with?
58e57509-1701-4c6d-8113-5446debf2348,5302,What’s the current status of my order?,order_status,You can check your order status by going to Profile > Orders > Check Status. It will display the current progress of your order.
632eb3bc-01b6-4337-82a2-9706b063edd9,6302,Please provide shipment tracking updates.,order_tracking,Tracking details are available under Orders > Track Shipment. It will show you real-time updates about your package location.
201dde30-076d-4129-9f0c-799f99c72365,4522,Why was my card declined?,payment_issue,"For payment issues, navigate to Settings > Payments > Resolve Issue. You will find tools to resolve failed or pending transactions."
49bf3e49-8ed9-490c-92ed-f3d00cc8d957,6827,"Hi, I need some help.",greeting,Hello there! How can I assist you with your orders today?
1652d436-d59e-4463-92d1-13d4c80b1b97,5537,There’s a billing issue with my purchase.,payment_issue,You can manage and fix your payment issues at My Account > Billing > Payment Help. Select the relevant transaction to proceed.
84cc1001-2ca9-46dd-bda3-7f54b6857b9c,5802,I need a refund on my last order.,demand_refund,"To get a refund, please visit Settings > Orders > Refund Order. Choose the respective order and complete the refund form."
58023921-7c75-459e-bbe3-c0b670b81ee5,2216,Can you connect me to support staff?,talk_to_human,I’ll connect you with a support agent shortly. Please hold on.
797260a2-59ab-49a0-9b84-0b28c03603d4,1340,Where is my order in the process?,order_status,Head over to Orders > Select Order > View Status to see where your order is in the fulfillment process.
9a7b6b22-e0b1-4394-863d-a33f4b0895f7,1563,Where is my delivery right now?,order_tracking,Tracking details are available under Purchases > Delivery > Tracking Info. It will show you real-time updates about your package location.
c583492e-87ca-4fb6-b66d-424312854c09,5028,Can you write me an essay?,out_of_scope,This seems outside my current support scope. Please check our help center for more information.
efa682e7-2b7e-479d-92c0-69325523b9c9,2734,Good morning!,greeting,Hi! Welcome back. What can I help you with?
0d53e78e-2b2f-4903-80ff-007ffde649e1,3935,I need to speak to a human agent.,talk_to_human,I’ll connect you with a support agent shortly. Please hold on.
01df403f-602a-4a45-9032-95e0f77e96dd,3238,How can I leave a review for my order?,review_order,"To review your order, head over to Orders > Select Order > Leave Review. Select the order and leave your feedback."
4ee18413-912d-4362-99fe-50510220ac8a,9188,How do I request money back for my purchase?,demand_refund,"To get a refund, please visit Settings > Orders > Refund Order. Choose the respective order and complete the refund form."
cc50d10c-64f8-46a2-a9cd-68f8db3c6d61,4193,I need to speak to a human agent.,talk_to_human,I’ll connect you with a support agent shortly. Please hold on.
327e46c3-bb32-44d2-b7b3-2f279975c4f9,5114,Hello!,greeting,Hello there! How can I assist you with your orders today?
8c5f4a64-1840-46c8-9630-33f039c368d8,7020,Where can I request a refund?,demand_refund,"Refund requests can be placed through My Account > Refunds > Initiate. Select your order, choose 'Request Refund', and submit your reason."
62eb47e2-ad15-4a1c-b7d4-f180cf6168d9,5175,I need help with a failed transaction.,payment_issue,You can manage and fix your payment issues at Settings > Payments > Resolve Issue. Select the relevant transaction to proceed.
8432252b-1f19-4c4e-8e36-0e509ab5c13a,8858,I need a refund on my last order.,demand_refund,"Refund requests can be placed through Settings > Orders > Refund Order. Select your order, choose 'Request Refund', and submit your reason."
865b296b-07c9-4ee9-8a79-7af49d39de48,3463,Where do I go to cancel an order?,cancel_order,"To cancel your order, please go to Settings > Orders > Cancel Order. After selecting the order, confirm the cancellation. If you face any issues, let me know."
bb1d9bb2-7f27-4ad5-a3c2-ebd3c0aa9445,9769,What’s the current status of my order?,order_status,Head over to Profile > Orders > Check Status to see where your order is in the fulfillment process.
80523fdf-9557-4f0c-a370-6ccb5253199b,5936,Please provide shipment tracking updates.,order_tracking,"To track your shipment, please go to Orders > Track Shipment. Enter your tracking ID for more details."
9e69876c-f4a7-4aee-98fe-2547071f503b,4360,What’s the weather like today?,out_of_scope,This seems outside my current support scope. Please check our help center for more information.
ec05d529-45e0-4f7d-b59a-b647d4d82b91,1530,See you next time.,goodbye,Goodbye! I hope I was able to help you today.
9475af48-4f79-41e9-bfd7-ebced4908893,9317,There’s an issue I need to report.,submit_complaint,"To submit a complaint, please visit Profile > Feedback > Report Problem. Provide your order details and a description of the issue."
52e28b20-bc56-4fbb-bd9a-6d9fe60575b4,7913,How do I file a complaint?,submit_complaint,"You can report a problem by going to Settings > Support > Submit Complaint. Fill in the complaint form, and our team will review it shortly."
e55c0fce-d572-4f3b-9bca-f3cd4e0724a1,4178,"I’m done, thanks.",goodbye,Goodbye! I hope I was able to help you today.
398d3218-7902-499c-9605-4e464b22091e,1964,Please help me submit a problem report.,submit_complaint,"You can report a problem by going to Profile > Feedback > Report Problem. Fill in the complaint form, and our team will review it shortly."
527e321c-1339-410a-a515-2a142613ca3b,8083,Can you connect me to support staff?,talk_to_human,"Sure, let me transfer you to one of our human representatives right away."
3ad54a9b-1967-42c3-869b-7d308ddb8de2,7475,I need help with a failed transaction.,payment_issue,You can manage and fix your payment issues at Profile > Wallet > Payment Issues. Select the relevant transaction to proceed.
57e7070d-e112-4cbd-aa84-886591332c5f,5225,Where is my order in the process?,order_status,Head over to Orders > Select Order > View Status to see where your order is in the fulfillment process.
bc0f5246-4761-46fe-ba26-9e1f76c652d5,4588,Catch you later.,goodbye,Thank you for reaching out! Have a great day.
db14e479-88de-4de7-9faf-c157e8b526d8,1425,Please guide me to initiate a refund.,demand_refund,"To get a refund, please visit My Account > Refunds > Initiate. Choose the respective order and complete the refund form."
6f62f07f-0f27-4e64-b95b-b2d5fa20c52d,4934,What’s the current status of my order?,order_status,You can check your order status by going to My Account > Purchases > Track Progress. It will display the current progress of your order.
ce5aa191-cc61-4e89-a429-9d654934227a,9491,I want to complain about a product.,submit_complaint,"To submit a complaint, please visit Help Center > Complaints > File Issue. Provide your order details and a description of the issue."
5dd19ec2-295c-453f-8fb0-c53e513645d7,9691,Tell me the progress of my recent order.,order_status,You can check your order status by going to Profile > Orders > Check Status. It will display the current progress of your order.
b5c571d2-20d5-4011-aaca-bdb2efa6f660,8406,Please guide me to initiate a refund.,demand_refund,"Refund requests can be placed through Profile > Order History > Request Refund. Select your order, choose 'Request Refund', and submit your reason."
078a32ed-939f-4905-8548-0cce0be76ea9,3636,Where is my delivery right now?,order_tracking,Tracking details are available under Orders > Track Shipment. It will show you real-time updates about your package location.
f594f3d7-c4cc-4b8a-a25e-eab6bba8f800,6532,Who won the football game yesterday?,out_of_scope,This seems outside my current support scope. Please check our help center for more information.
77612ec3-eca9-40ae-aab8-c5964b0cf65f,5975,Where do I go to cancel an order?,cancel_order,"To cancel your order, please go to Profile > Order History > Cancel Order. After selecting the order, confirm the cancellation. If you face any issues, let me know."
a65e2d0c-4400-4fc9-b8ea-6dfad412833d,6567,I need a refund on my last order.,demand_refund,"Refund requests can be placed through Profile > Order History > Request Refund. Select your order, choose 'Request Refund', and submit your reason."
2bf65222-39f0-422d-8b64-6b4d69aa4f43,2987,What’s 2+2?,out_of_scope,This seems outside my current support scope. Please check our help center for more information.
7846d48d-8c12-4a57-a133-cbf1420e882f,6338,How do I request money back for my purchase?,demand_refund,"To get a refund, please visit My Account > Refunds > Initiate. Choose the respective order and complete the refund form."
461dc1a7-b564-4224-9044-1a3127b83f4c,7564,Hi there!,greeting,Hi! Welcome back. What can I help you with?
1a6d654b-adfd-459a-b202-25bae02af9cf,9413,I need to speak to a human agent.,talk_to_human,"Sure, let me transfer you to one of our human representatives right away."
206cfad8-d1d2-4560-9ade-656422682434,1705,Please provide shipment tracking updates.,order_tracking,Tracking details are available under Purchases > Delivery > Tracking Info. It will show you real-time updates about your package location.
e800d76c-efe9-4e8a-8af6-993676b698c0,3626,Please help me submit a problem report.,submit_complaint,"To submit a complaint, please visit Settings > Support > Submit Complaint. Provide your order details and a description of the issue."
2e79e92d-8165-4999-aa5f-55843fc80342,2935,Please provide shipment tracking updates.,order_tracking,"To track your shipment, please go to Purchases > Delivery > Tracking Info. Enter your tracking ID for more details."
45206267-1822-4d34-a989-4240b1d0c247,4647,Has my order been shipped yet?,order_status,You can check your order status by going to My Account > Purchases > Track Progress. It will display the current progress of your order.
659841cd-2a38-4602-92f0-804bc3d6d14f,2479,Can you connect me to support staff?,talk_to_human,I’ll connect you with a support agent shortly. Please hold on.
a5d3d1cb-bcdd-4e12-b261-39ad240f393c,1649,How do I check if my order is confirmed?,order_status,You can check your order status by going to My Account > Purchases > Track Progress. It will display the current progress of your order.
ddfe11f5-99cf-47cc-a4fa-b9fe43029096,2200,Please transfer me to a representative.,talk_to_human,"Sure, let me transfer you to one of our human representatives right away."
f9f5d759-b4b5-4eed-8fce-691f11344bb5,2273,Please transfer me to a representative.,talk_to_human,I’ll connect you with a support agent shortly. Please hold on.
75433381-f706-4b16-a0ac-f74819a1284b,1471,Can I chat with someone from support?,talk_to_human,"Sure, let me transfer you to one of our human representatives right away."
b8f9a416-835c-42ec-81e9-522965196759,9873,Where can I request a refund?,demand_refund,"Refund requests can be placed through Profile > Order History > Request Refund. Select your order, choose 'Request Refund', and submit your reason."
d44ef748-f858-458e-aa66-2b67b9509599,6253,Can you help me undo an order I placed?,cancel_order,"To cancel your order, please go to My Account > Purchases > Cancel. After selecting the order, confirm the cancellation. If you face any issues, let me know."
b26d4a8c-76e5-4d98-a7c4-5c4cad49b933,4333,Can you connect me to support staff?,talk_to_human,I’ll connect you with a support agent shortly. Please hold on.
60af0eab-b9fc-41bd-9da7-e30c94741899,4723,See you next time.,goodbye,Thank you for reaching out! Have a great day.
326f8b1a-e234-4d67-91fb-09beec42ce3f,1927,What’s the weather like today?,out_of_scope,This seems outside my current support scope. Please check our help center for more information.
9630394c-7dd2-49cc-9adc-53da10770656,8351,"Thanks, bye!",goodbye,Thank you for reaching out! Have a great day.
562c9837-1e78-44c3-a5b0-acc79c6790f8,5512,Please transfer me to a representative.,talk_to_human,I’ll connect you with a support agent shortly. Please hold on.
c7be4ea9-714a-4662-a5d2-e4e5ee8a41d2,8955,Please cancel my recent purchase.,cancel_order,You can cancel by navigating to Settings > Orders > Cancel Order. Choose the order you wish to cancel and follow the prompts.
29e0e7c1-3586-40de-a502-4560fc839e2c,3200,"My payment is pending, what should I do?",payment_issue,You can manage and fix your payment issues at My Account > Billing > Payment Help. Select the relevant transaction to proceed.
afde9808-2083-4665-a930-79647c854b3c,2336,Can you help me undo an order I placed?,cancel_order,You can cancel by navigating to Settings > Orders > Cancel Order. Choose the order you wish to cancel and follow the prompts.
a1974560-ed48-4830-b427-6a1af35c957a,8562,"I’m done, thanks.",goodbye,Thank you for reaching out! Have a great day.
4d1f72d5-cb3d-45d1-a77d-e9bec48408a1,5816,See you next time.,goodbye,Thank you for reaching out! Have a great day.
63d8b766-5aa3-4d50-8531-adc31ffef881,8670,Has my order been shipped yet?,order_status,You can check your order status by going to Profile > Orders > Check Status. It will display the current progress of your order.
2ed244e5-61e5-4969-8b3f-a467fb523256,2347,"Hi, I need some help.",greeting,Hello there! How can I assist you with your orders today?
41ca7bd1-700e-4dd8-91d1-a320e2dbb9ee,5134,I need a refund on my last order.,demand_refund,"To get a refund, please visit My Account > Refunds > Initiate. Choose the respective order and complete the refund form."
9a323428-ee02-4ad4-b4a9-1ce1023ef5e0,7213,See you next time.,goodbye,Thank you for reaching out! Have a great day.
d3cb01df-8987-423d-8bd2-bc76cf5f17e5,1046,"Hey, how are you?",greeting,Hello there! How can I assist you with your orders today?
aa443b6f-96bc-4b83-9dd5-27b2ea7e8ce9,1707,Please provide shipment tracking updates.,order_tracking,Tracking details are available under Orders > Track Shipment. It will show you real-time updates about your package location.
7f86874e-e730-497a-af95-6d8e5d1c5f7d,8874,Where is my order in the process?,order_status,Head over to My Account > Purchases > Track Progress to see where your order is in the fulfillment process.
188ab868-e391-43f3-9b7a-40fa3d2b2ce7,4074,Can I rate the product I bought?,review_order,"You can add a review by navigating to Orders > Select Order > Leave Review. Once there, you’ll be able to write and submit your review."
d7ad7372-93e8-4d58-b334-3366b6b3432b,8292,I want to cancel my last order.,cancel_order,"To cancel your order, please go to Settings > Orders > Cancel Order. After selecting the order, confirm the cancellation. If you face any issues, let me know."
c2935687-af9f-4253-b0ba-4c4caa1e3ac8,2390,How can I leave a review for my order?,review_order,"To review your order, head over to My Account > Reviews > Write Review. Select the order and leave your feedback."
97e59be2-26f7-4620-a993-1145cf2659a1,4467,Can you show me tracking details for my order?,order_tracking,"To track your shipment, please go to Orders > Track Shipment. Enter your tracking ID for more details."
5406d0b6-51f3-4d8a-98fa-baae8ec32afd,8777,"Hey, how are you?",greeting,Hi! Welcome back. What can I help you with?
eea2bec0-297f-4a6c-8bc5-1c5517494900,4592,How can I leave a review for my order?,review_order,"You can add a review by navigating to Purchases > Feedback > Review Order. Once there, you’ll be able to write and submit your review."
c649e05b-6057-480d-b7d8-9f9fa8243d01,4563,Can you write me an essay?,out_of_scope,"I’m sorry, but I can’t help with that request. Could you please rephrase or ask something else?"
fc72db27-9544-417e-9058-bdb3d2493843,4834,What’s 2+2?,out_of_scope,"I’m sorry, but I can’t help with that request. Could you please rephrase or ask something else?"
60ead1f5-9774-4339-bfd6-18dc3ded2ff4,5850,Hello!,greeting,Hi! Welcome back. What can I help you with?
de9653a2-f564-4cf9-b01a-775c8e53fd3d,2019,Please provide shipment tracking updates.,order_tracking,"To track your shipment, please go to My Account > Shipping > Track Package. Enter your tracking ID for more details."
6c00b71f-20b0-427e-a6fd-3a13992381b3,9840,Please help me submit a problem report.,submit_complaint,"To submit a complaint, please visit Settings > Support > Submit Complaint. Provide your order details and a description of the issue."
17f7e107-bfdb-4fdc-922c-dfd2e248da88,4104,I need help with a failed transaction.,payment_issue,"For payment issues, navigate to Profile > Wallet > Payment Issues. You will find tools to resolve failed or pending transactions."
866d5d49-7349-459c-9711-e1f32e72f09a,7965,Please guide me to initiate a refund.,demand_refund,"To get a refund, please visit My Account > Refunds > Initiate. Choose the respective order and complete the refund form."
d6e3a831-7178-4b6e-a169-09e75275d32b,7495,Hi there!,greeting,Hi! Welcome back. What can I help you with?
30ad2559-0d26-4c05-bc87-610118e47fd1,7786,Tell me a joke.,out_of_scope,"I’m sorry, but I can’t help with that request. Could you please rephrase or ask something else?"
bc30989f-b692-4345-bb33-5920e0bbf051,4826,I want to talk to a real person.,talk_to_human,"Sure, let me transfer you to one of our human representatives right away."
3dfeab54-0d61-46ae-ac65-be117308f5aa,3418,Can you tell me the refund steps?,demand_refund,"To get a refund, please visit Profile > Order History > Request Refund. Choose the respective order and complete the refund form."
a0a61d5a-0a4b-4af6-95e1-98f777b36301,3900,Catch you later.,goodbye,Thank you for reaching out! Have a great day.
45758def-4df7-4f03-b259-74516ad1d68e,5986,Who won the football game yesterday?,out_of_scope,This seems outside my current support scope. Please check our help center for more information.
f268d827-67b8-4755-953a-dc4d92db7f94,9135,Help me post a review for my completed purchase.,review_order,"You can add a review by navigating to Orders > Select Order > Leave Review. Once there, you’ll be able to write and submit your review."
1ea4ac7a-06d3-4b40-9a31-5c550616c737,7988,I need the courier information for my order.,order_tracking,Tracking details are available under Orders > Track Shipment. It will show you real-time updates about your package location.
8be7de32-37b4-47ef-b96f-e3b6f4b01cec,1989,How can I leave a review for my order?,review_order,"To review your order, head over to My Account > Reviews > Write Review. Select the order and leave your feedback."
8fd81351-62a3-446f-ae63-47d96df8798d,8785,Hi there!,greeting,Hello there! How can I assist you with your orders today?
fd8edd5d-540f-4205-833a-3504bb396f31,2131,There’s an issue I need to report.,submit_complaint,"To submit a complaint, please visit Profile > Feedback > Report Problem. Provide your order details and a description of the issue."
9e41c06c-f416-4ea3-9eba-3d19593d279a,5630,Can I chat with someone from support?,talk_to_human,"Sure, let me transfer you to one of our human representatives right away."
d22243f6-764f-4240-aa38-259154753ce3,8190,Track my shipment please.,order_tracking,"To track your shipment, please go to My Account > Shipping > Track Package. Enter your tracking ID for more details."
60b2a514-90d5-4bdb-a970-eb3c9c1d0e91,9025,How do I file a complaint?,submit_complaint,"To submit a complaint, please visit Profile > Feedback > Report Problem. Provide your order details and a description of the issue."
a8e38109-3b43-4343-bca9-e8f24388bd26,4854,Please transfer me to a representative.,talk_to_human,I’ll connect you with a support agent shortly. Please hold on.
0ba8553a-93aa-467b-abad-8bedcd6919f3,8885,I need help with a failed transaction.,payment_issue,You can manage and fix your payment issues at Settings > Payments > Resolve Issue. Select the relevant transaction to proceed.
0b86ca92-b899-4a8f-8df6-823501a13229,9616,Help me post a review for my completed purchase.,review_order,"To review your order, head over to My Account > Reviews > Write Review. Select the order and leave your feedback."
66fe4e9d-7aca-419d-93ee-4f2d50e6c719,6052,Who won the football game yesterday?,out_of_scope,"I’m sorry, but I can’t help with that request. Could you please rephrase or ask something else?"
192813cc-872d-4451-a3bd-503a83205fa1,9578,Can you help me undo an order I placed?,cancel_order,You can cancel by navigating to Profile > Order History > Cancel Order. Choose the order you wish to cancel and follow the prompts.
12309baa-cd8a-48b7-9dff-b3787be0540d,8921,Please transfer me to a representative.,talk_to_human,"Sure, let me transfer you to one of our human representatives right away."
dc504522-bb74-483e-bd27-b0421fcca559,9701,I want to talk to a real person.,talk_to_human,I’ll connect you with a support agent shortly. Please hold on.
a7ff0a2d-d1d0-48a9-8ea8-fc817817a4ad,1461,Catch you later.,goodbye,Goodbye! I hope I was able to help you today.
695a5ba9-de52-429c-bb5d-8b73b262adfc,2964,"I’m done, thanks.",goodbye,Thank you for reaching out! Have a great day.
9c359f0c-36cf-4baa-b84f-cd1f260ead49,5726,There’s a billing issue with my purchase.,payment_issue,You can manage and fix your payment issues at Settings > Payments > Resolve Issue. Select the relevant transaction to proceed.
a1fd48ae-3968-4ea5-b8ab-ee6c2107d946,3290,I need a refund on my last order.,demand_refund,"To get a refund, please visit Settings > Orders > Refund Order. Choose the respective order and complete the refund form."
fd920650-6d11-43c5-b8a1-b676e7a3ff02,5813,I need the courier information for my order.,order_tracking,"To track your shipment, please go to Orders > Track Shipment. Enter your tracking ID for more details."
c0a2283c-465a-4357-9eaf-dff7803946f7,5486,Where do I go to cancel an order?,cancel_order,You can cancel by navigating to Settings > Orders > Cancel Order. Choose the order you wish to cancel and follow the prompts.
c46083a3-eacb-42aa-b14b-8c6d9da0ecd2,2531,Where is my order in the process?,order_status,Head over to Profile > Orders > Check Status to see where your order is in the fulfillment process.
56adc137-65a4-4257-af3b-c08e11b477a0,8613,Can you tell me the refund steps?,demand_refund,"To get a refund, please visit My Account > Refunds > Initiate. Choose the respective order and complete the refund form."
2ba0406d-0333-470f-ae56-9447b79eeef8,5988,I need to speak to a human agent.,talk_to_human,"Sure, let me transfer you to one of our human representatives right away."
26e8f150-4878-4c6f-889b-94ad28bec9fd,3877,I want to share feedback about my purchase.,review_order,"You can add a review by navigating to Orders > Select Order > Leave Review. Once there, you’ll be able to write and submit your review."
57c6c6e3-36a4-491e-887f-7fa4ecdc7be9,7839,Can you show me tracking details for my order?,order_tracking,"To track your shipment, please go to My Account > Shipping > Track Package. Enter your tracking ID for more details."
d18aa647-6ca7-40a2-879d-51a66eac554f,9021,Where do I go to raise a complaint?,submit_complaint,"You can report a problem by going to Settings > Support > Submit Complaint. Fill in the complaint form, and our team will review it shortly."
d36500b2-5c18-466e-9a90-1ddacb8fcfba,6311,Can you tell me the refund steps?,demand_refund,"To get a refund, please visit Profile > Order History > Request Refund. Choose the respective order and complete the refund form."
e3ad25ce-59a7-4376-966a-5e44d6c5b183,6170,Where is my delivery right now?,order_tracking,Tracking details are available under Orders > Track Shipment. It will show you real-time updates about your package location.
4887ca99-4f4f-4447-8045-99d08b5e4794,1450,Track my shipment please.,order_tracking,"To track your shipment, please go to My Account > Shipping > Track Package. Enter your tracking ID for more details."
499b75ab-3930-4f78-9465-05b828799803,9007,I need to speak to a human agent.,talk_to_human,I’ll connect you with a support agent shortly. Please hold on.
2389b7e5-7c2e-4954-a1ab-140435020bf0,3619,I want to cancel my last order.,cancel_order,"To cancel your order, please go to Profile > Order History > Cancel Order. After selecting the order, confirm the cancellation. If you face any issues, let me know."
a38b6faf-8c2a-4601-9ca8-8878cb24e36d,6684,I want to talk to a real person.,talk_to_human,"Sure, let me transfer you to one of our human representatives right away."
26803af1-ece8-4ee4-9cbb-23701c7f822d,1774,How do I check if my order is confirmed?,order_status,You can check your order status by going to My Account > Purchases > Track Progress. It will display the current progress of your order.
db91d7e9-7235-47a7-9f30-907fd60c9fa5,4172,Can you help me undo an order I placed?,cancel_order,You can cancel by navigating to My Account > Purchases > Cancel. Choose the order you wish to cancel and follow the prompts.
4018e5b5-0f63-4253-be61-29c313baaee8,1903,Help me post a review for my completed purchase.,review_order,"To review your order, head over to My Account > Reviews > Write Review. Select the order and leave your feedback."
1684c66f-83ac-4f46-81e1-23c8a0dbf9af,3901,Please transfer me to a representative.,talk_to_human,"Sure, let me transfer you to one of our human representatives right away."
c4114a71-e1f6-497e-ab12-9b3ca8c48217,6039,Please transfer me to a representative.,talk_to_human,"Sure, let me transfer you to one of our human representatives right away."
0724d997-0ce1-4036-ad6d-a175dec62e93,7876,Why was my card declined?,payment_issue,You can manage and fix your payment issues at My Account > Billing > Payment Help. Select the relevant transaction to proceed.
e81f71b5-d318-4c2a-92b1-bd67cd87f125,8721,"Hi, I need some help.",greeting,Hi! Welcome back. What can I help you with?
8f5bc07f-2a3f-4af1-9b59-f3e3527e9c68,6146,Hello!,greeting,Hi! Welcome back. What can I help you with?
1f7640cc-2fa8-4036-b56a-89a1be5d6b6d,1502,"Hey, how are you?",greeting,Hello there! How can I assist you with your orders today?
726bf6cc-861c-4c41-aff3-f5fb6124e2c0,2230,How can I leave a review for my order?,review_order,"To review your order, head over to Purchases > Feedback > Review Order. Select the order and leave your feedback."
796484b5-7bbf-40bf-a361-7f09a0a80b33,6293,Where can I request a refund?,demand_refund,"To get a refund, please visit Settings > Orders > Refund Order. Choose the respective order and complete the refund form."
d4323b58-05f3-485e-8013-f05fdd397e44,1615,Where is my delivery right now?,order_tracking,Tracking details are available under My Account > Shipping > Track Package. It will show you real-time updates about your package location.
53ca2c54-ff40-42a4-b103-a25e966ecb5d,9683,"Thanks, bye!",goodbye,Thank you for reaching out! Have a great day.
87ba1680-0ce9-4c21-8751-80117c1423b3,1765,Please transfer me to a representative.,talk_to_human,"Sure, let me transfer you to one of our human representatives right away."
fd95772b-5aa3-4b8a-b612-1b83dfa52a23,7547,I want to talk to a real person.,talk_to_human,I’ll connect you with a support agent shortly. Please hold on.
d679ba87-8e94-4fff-a7fa-2ff486604141,3329,Where is my order in the process?,order_status,Head over to Profile > Orders > Check Status to see where your order is in the fulfillment process.
1e8b967a-0601-4dca-b739-336e52ad6b22,6929,Please help me submit a problem report.,submit_complaint,"You can report a problem by going to Help Center > Complaints > File Issue. Fill in the complaint form, and our team will review it shortly."
1482e6c2-276c-426b-99a0-8e796ee0403e,2810,"I’m done, thanks.",goodbye,Thank you for reaching out! Have a great day.
6950e89d-7875-4a98-a93c-431ff1c703a5,6241,Hello!,greeting,Hi! Welcome back. What can I help you with?
78a70283-0766-44d6-b36a-4555587150d0,2048,Where is my delivery right now?,order_tracking,"To track your shipment, please go to Orders > Track Shipment. Enter your tracking ID for more details."
3be3acff-49ca-4476-a301-50bc7b49458f,7040,What’s the weather like today?,out_of_scope,"I’m sorry, but I can’t help with that request. Could you please rephrase or ask something else?"
d1d97c7e-32a8-47bb-9f57-60e37ceb6a36,9904,Track my shipment please.,order_tracking,"To track your shipment, please go to Orders > Track Shipment. Enter your tracking ID for more details."
f2b87d0c-672a-496c-81d5-6aa1eecae839,1143,Catch you later.,goodbye,Thank you for reaching out! Have a great day.
2c41a0a9-bbea-43c4-a61c-144b026f59d6,3191,Can I rate the product I bought?,review_order,"You can add a review by navigating to Purchases > Feedback > Review Order. Once there, you’ll be able to write and submit your review."
21f0ce56-d0b4-4fad-b3f3-3f61b73481d3,3343,Can you help me undo an order I placed?,cancel_order,You can cancel by navigating to My Account > Purchases > Cancel. Choose the order you wish to cancel and follow the prompts.
84de161e-e1af-44b4-aaaf-db5d60f6e37f,8547,I need a refund on my last order.,demand_refund,"To get a refund, please visit Profile > Order History > Request Refund. Choose the respective order and complete the refund form."
c34e8731-1ddc-4d07-94f5-5b155ae4df3c,9381,Hi there!,greeting,Hi! Welcome back. What can I help you with?
d1f13e85-3d60-4aef-acec-65e5bfef87b7,7796,Good morning!,greeting,Hi! Welcome back. What can I help you with?
b7dd1167-f37b-4d54-aa04-993f6f41d475,7180,Is there a way to stop processing on my order?,cancel_order,"To cancel your order, please go to Profile > Order History > Cancel Order. After selecting the order, confirm the cancellation. If you face any issues, let me know."
c19aa3cf-4181-4378-9048-17fbc2df1345,9447,Track my shipment please.,order_tracking,Tracking details are available under Orders > Track Shipment. It will show you real-time updates about your package location.
f97ba898-a0d6-46b9-93fd-a5220731fc73,7834,Can I chat with someone from support?,talk_to_human,"Sure, let me transfer you to one of our human representatives right away."
7cbada14-0041-4bdb-b743-c17710fc5628,4649,I want to complain about a product.,submit_complaint,"To submit a complaint, please visit Profile > Feedback > Report Problem. Provide your order details and a description of the issue."
00fa11a3-26cc-4437-b397-93e16f0fd9f1,7060,Please transfer me to a representative.,talk_to_human,I’ll connect you with a support agent shortly. Please hold on.
39e63c60-b0f7-4e9a-84f1-eaec7d41fc34,7669,"Hi, I need some help.",greeting,Hello there! How can I assist you with your orders today?
b8a35fa7-6474-49ab-b0b1-2102edfeb179,9520,See you next time.,goodbye,Goodbye! I hope I was able to help you today.
90a0c6e6-a2c9-40eb-8d58-da2cdbe32e7b,6977,What’s the current status of my order?,order_status,You can check your order status by going to My Account > Purchases > Track Progress. It will display the current progress of your order.
629f73a9-853e-41ab-be49-bbb2149cf46a,6188,Can you connect me to support staff?,talk_to_human,I’ll connect you with a support agent shortly. Please hold on.
aae43906-d189-4127-8164-7df6ee58fac9,7105,Help me post a review for my completed purchase.,review_order,"You can add a review by navigating to Orders > Select Order > Leave Review. Once there, you’ll be able to write and submit your review."
58b39904-18dd-44eb-9718-397aaa23c662,9015,I need to speak to a human agent.,talk_to_human,"Sure, let me transfer you to one of our human representatives right away."
52ae188b-7ad6-4769-8e8f-da0a0a0784a5,8945,How can I leave a review for my order?,review_order,"You can add a review by navigating to Purchases > Feedback > Review Order. Once there, you’ll be able to write and submit your review."
930f9c91-3a29-47a9-a75b-87169e53f638,5106,There’s a billing issue with my purchase.,payment_issue,"For payment issues, navigate to My Account > Billing > Payment Help. You will find tools to resolve failed or pending transactions."
20eda803-9dac-42f5-8349-1febff12192e,6549,Please provide shipment tracking updates.,order_tracking,Tracking details are available under Purchases > Delivery > Tracking Info. It will show you real-time updates about your package location.
05ad0324-738b-4e15-a5cb-1f33641ffb73,9059,Where do I go to raise a complaint?,submit_complaint,"You can report a problem by going to Help Center > Complaints > File Issue. Fill in the complaint form, and our team will review it shortly."
51362d41-a814-42b4-9364-e8ad21de6d82,8292,Good morning!,greeting,Hi! Welcome back. What can I help you with?
b4194d4e-c864-4195-9d08-6b9d54f33816,6334,What’s 2+2?,out_of_scope,"I’m sorry, but I can’t help with that request. Could you please rephrase or ask something else?"
b736848c-6a34-4250-9851-f0dc1b91b9d5,8366,How can I leave a review for my order?,review_order,"To review your order, head over to Orders > Select Order > Leave Review. Select the order and leave your feedback."
7593cbdb-ab7c-4107-982b-dc957ca9d30f,6394,Goodbye!,goodbye,Thank you for reaching out! Have a great day.
7855b670-922b-4b94-bc31-db0a3ed89608,6018,Where can I request a refund?,demand_refund,"Refund requests can be placed through Settings > Orders > Refund Order. Select your order, choose 'Request Refund', and submit your reason."
0127a74b-86c8-48a2-8805-1f3e6e49d3ed,3908,How can I leave a review for my order?,review_order,"To review your order, head over to Purchases > Feedback > Review Order. Select the order and leave your feedback."
8224648a-1508-4766-b065-54fe480778ef,9643,Can you help me undo an order I placed?,cancel_order,"To cancel your order, please go to Profile > Order History > Cancel Order. After selecting the order, confirm the cancellation. If you face any issues, let me know."
f909e955-a575-4d39-a02c-6baa7fa1762d,6446,"My payment is pending, what should I do?",payment_issue,"For payment issues, navigate to My Account > Billing > Payment Help. You will find tools to resolve failed or pending transactions."
5762e216-5d71-453b-a8bc-a6058e5dd2c3,6344,"Hey, how are you?",greeting,Hello there! How can I assist you with your orders today?
a0358e62-6145-4b4d-b528-b66158e039f0,6808,I want to complain about a product.,submit_complaint,"To submit a complaint, please visit Settings > Support > Submit Complaint. Provide your order details and a description of the issue."
efc69284-213a-4c4e-9f46-6b21789f8905,2358,Help me post a review for my completed purchase.,review_order,"To review your order, head over to Orders > Select Order > Leave Review. Select the order and leave your feedback."
8410f74d-d4ba-4de3-b2db-cdb39a6aacb9,1575,How can I leave a review for my order?,review_order,"To review your order, head over to Purchases > Feedback > Review Order. Select the order and leave your feedback."
3e42e1a2-852e-4260-b161-1b707d76e458,9931,Tell me a joke.,out_of_scope,This seems outside my current support scope. Please check our help center for more information.
ae352344-5e00-48e7-96c6-c3a2a0d89944,9858,Where do I go to raise a complaint?,submit_complaint,"You can report a problem by going to Help Center > Complaints > File Issue. Fill in the complaint form, and our team will review it shortly."
2fbce002-dca4-4e01-bf36-97e795a53cb8,4271,Please provide shipment tracking updates.,order_tracking,"To track your shipment, please go to Orders > Track Shipment. Enter your tracking ID for more details."
12ecdb7c-1322-4694-9da3-28e85946ec24,1571,Hello!,greeting,Hello there! How can I assist you with your orders today?
429a6017-aa57-41ac-a452-e984f971d56f,3153,Track my shipment please.,order_tracking,Tracking details are available under Orders > Track Shipment. It will show you real-time updates about your package location.
0b1ba3d3-bdac-4362-8069-909353d6ca4f,6773,What’s the weather like today?,out_of_scope,This seems outside my current support scope. Please check our help center for more information.
6503ab9a-5752-43be-bb4c-540d3d034a79,1167,Has my order been shipped yet?,order_status,You can check your order status by going to Orders > Select Order > View Status. It will display the current progress of your order.
507e842e-9004-44ff-b29a-805fbb98bbb2,6698,Catch you later.,goodbye,Thank you for reaching out! Have a great day.
5f28a529-c37d-4976-9a43-81ed436960ba,5815,Can you write me an essay?,out_of_scope,"I’m sorry, but I can’t help with that request. Could you please rephrase or ask something else?"
ec1d2ca5-8b43-427c-9500-1f9a6029ef82,7569,Please help me submit a problem report.,submit_complaint,"To submit a complaint, please visit Help Center > Complaints > File Issue. Provide your order details and a description of the issue."
6cf55e0c-73a3-4ad8-9da9-5d2e2612de76,1563,My payment didn’t go through.,payment_issue,You can manage and fix your payment issues at Settings > Payments > Resolve Issue. Select the relevant transaction to proceed.
833ef03c-014a-437f-a80f-3a761ac12626,4505,Why was my card declined?,payment_issue,You can manage and fix your payment issues at Profile > Wallet > Payment Issues. Select the relevant transaction to proceed.
755cd7f1-f28b-4ca1-879d-9fc37490dfb6,7903,Can you write me an essay?,out_of_scope,"I’m sorry, but I can’t help with that request. Could you please rephrase or ask something else?"
ec39ac3f-1aee-47f5-b42d-6ce55be9acea,3784,Good morning!,greeting,Hello there! How can I assist you with your orders today?
121aeeca-bbd7-4c53-9dbf-7c7b8e9fec93,9020,Can you write me an essay?,out_of_scope,"I’m sorry, but I can’t help with that request. Could you please rephrase or ask something else?"
93ed7f58-ed1f-403e-b79e-f4cbad970cf2,1130,Please help me submit a problem report.,submit_complaint,"To submit a complaint, please visit Profile > Feedback > Report Problem. Provide your order details and a description of the issue."
b6d79dcc-957a-49c6-b693-95943a3b5776,5057,How do I request money back for my purchase?,demand_refund,"To get a refund, please visit Settings > Orders > Refund Order. Choose the respective order and complete the refund form."
747e95de-001f-4778-977d-304b6b2b212a,5674,Who won the football game yesterday?,out_of_scope,"I’m sorry, but I can’t help with that request. Could you please rephrase or ask something else?"
da8b36ba-4fd8-4fbf-a808-27d741110f82,2069,Where do I write a review for my last order?,review_order,"To review your order, head over to My Account > Reviews > Write Review. Select the order and leave your feedback."
61229b86-e9f1-4b2f-9c63-4aa863f4ef61,5847,Can you write me an essay?,out_of_scope,This seems outside my current support scope. Please check our help center for more information.
0db22e7e-3f6e-4a5d-bf18-a9d6d10f0665,7373,There’s a billing issue with my purchase.,payment_issue,You can manage and fix your payment issues at Profile > Wallet > Payment Issues. Select the relevant transaction to proceed.
938b3055-c4b4-4ef8-9282-94cdf750993f,7907,Can you tell me the refund steps?,demand_refund,"To get a refund, please visit Settings > Orders > Refund Order. Choose the respective order and complete the refund form."
326c602d-a637-401f-b093-5e926490e033,3615,Where is my order in the process?,order_status,You can check your order status by going to My Account > Purchases > Track Progress. It will display the current progress of your order.
3dfaedd6-7e0a-419d-82bd-5e6698f2d7b4,5657,Please help me submit a problem report.,submit_complaint,"To submit a complaint, please visit Profile > Feedback > Report Problem. Provide your order details and a description of the issue."
42cac2ce-c3a1-4bc2-92fe-df3afa46280a,9356,I want to share feedback about my purchase.,review_order,"You can add a review by navigating to My Account > Reviews > Write Review. Once there, you’ll be able to write and submit your review."
b24a39f1-e280-43df-98cb-65e827f1fedb,1014,Why was my card declined?,payment_issue,You can manage and fix your payment issues at Profile > Wallet > Payment Issues. Select the relevant transaction to proceed.
88421b17-67de-4c4b-8c6e-acc995deb4c4,8237,Where do I go to cancel an order?,cancel_order,"To cancel your order, please go to Settings > Orders > Cancel Order. After selecting the order, confirm the cancellation. If you face any issues, let me know."
048676a6-723a-4fd4-9c8e-fb1a88aa8621,6386,I want to cancel my last order.,cancel_order,You can cancel by navigating to Profile > Order History > Cancel Order. Choose the order you wish to cancel and follow the prompts.
3c049067-a2fe-422f-8cdc-128b1bee46cd,1665,Help me post a review for my completed purchase.,review_order,"You can add a review by navigating to Purchases > Feedback > Review Order. Once there, you’ll be able to write and submit your review."
b8945ee9-c143-4475-8358-5d1fa16cd022,4357,Goodbye!,goodbye,Goodbye! I hope I was able to help you today.
f415bfb1-e562-4349-a372-177630972d56,2425,I need a refund on my last order.,demand_refund,"To get a refund, please visit My Account > Refunds > Initiate. Choose the respective order and complete the refund form."
da5bd220-7b25-4094-afe7-138207d59927,4951,Tell me the progress of my recent order.,order_status,Head over to Orders > Select Order > View Status to see where your order is in the fulfillment process.
5effcdd1-32c9-409d-ba8b-91dfa2701fd0,3924,How do I request money back for my purchase?,demand_refund,"To get a refund, please visit My Account > Refunds > Initiate. Choose the respective order and complete the refund form."
4c03fd39-d456-4549-8b4c-2562a160c61e,5719,Has my order been shipped yet?,order_status,Head over to My Account > Purchases > Track Progress to see where your order is in the fulfillment process.
d8317194-85c9-446d-91b2-68b9666fec1f,3316,Hello!,greeting,Hi! Welcome back. What can I help you with?
0f89a414-e0f7-45d9-9092-34a76721bdb4,8453,I want to complain about a product.,submit_complaint,"To submit a complaint, please visit Settings > Support > Submit Complaint. Provide your order details and a description of the issue."
ba549ea7-b0c4-4c72-9ecc-e81e8b073341,1819,"I’m done, thanks.",goodbye,Thank you for reaching out! Have a great day.
eedf17b4-8d38-4191-82ed-6a5beadf9baa,7977,Is there a way to stop processing on my order?,cancel_order,You can cancel by navigating to My Account > Purchases > Cancel. Choose the order you wish to cancel and follow the prompts.
f87c668c-7bce-4e0f-8d3c-ac344994b7de,7786,Can you show me tracking details for my order?,order_tracking,"To track your shipment, please go to Purchases > Delivery > Tracking Info. Enter your tracking ID for more details."
22a4539e-272e-448d-bd58-bd2e1f8c8067,6090,Please transfer me to a representative.,talk_to_human,"Sure, let me transfer you to one of our human representatives right away."
7a76aa86-e686-4d05-bf4c-aaccc58f9b8f,3270,What’s 2+2?,out_of_scope,This seems outside my current support scope. Please check our help center for more information.
931e417d-bfe5-4574-bc24-83b0c50e21f9,5402,"I’m done, thanks.",goodbye,Goodbye! I hope I was able to help you today.
fe266eff-5000-4991-9e9e-92f1857eed38,8890,Help me post a review for my completed purchase.,review_order,"You can add a review by navigating to My Account > Reviews > Write Review. Once there, you’ll be able to write and submit your review."
c81b47d4-4001-4498-bdbd-d245afb1ad32,6830,"Hey, how are you?",greeting,Hi! Welcome back. What can I help you with?
96f354b1-ec21-4858-b3ec-15b9f3a74d44,3434,Can you write me an essay?,out_of_scope,"I’m sorry, but I can’t help with that request. Could you please rephrase or ask something else?"
f26c0840-3745-43b5-b029-b17da9a74da3,2897,Please provide shipment tracking updates.,order_tracking,Tracking details are available under My Account > Shipping > Track Package. It will show you real-time updates about your package location.
a91679a8-1118-4d43-b03c-06ab2bc2e271,7427,I need help with a failed transaction.,payment_issue,"For payment issues, navigate to Settings > Payments > Resolve Issue. You will find tools to resolve failed or pending transactions."
f3c52658-924e-4da9-b108-baccd56d0b2d,1543,Where is my delivery right now?,order_tracking,"To track your shipment, please go to Orders > Track Shipment. Enter your tracking ID for more details."
47dcc905-dd16-46dd-8b42-6a4311ab5863,6420,Help me post a review for my completed purchase.,review_order,"You can add a review by navigating to Orders > Select Order > Leave Review. Once there, you’ll be able to write and submit your review."
80ed3d2e-7f49-4175-a0f6-3c3ada2c23d7,2018,Can you help me undo an order I placed?,cancel_order,"To cancel your order, please go to Settings > Orders > Cancel Order. After selecting the order, confirm the cancellation. If you face any issues, let me know."
30f704fa-8dcc-487c-9789-079cbb10a4a9,9602,Help me post a review for my completed purchase.,review_order,"To review your order, head over to Purchases > Feedback > Review Order. Select the order and leave your feedback."
4a23c66d-5b69-401f-8112-80c33ac44a22,1688,Hello!,greeting,Hello there! How can I assist you with your orders today?
d126b60f-b55e-480a-a14b-2b8fc290d348,2721,How do I request money back for my purchase?,demand_refund,"Refund requests can be placed through My Account > Refunds > Initiate. Select your order, choose 'Request Refund', and submit your reason."
6df32159-6093-48b8-ad13-bf53b098d0d3,1445,Please help me submit a problem report.,submit_complaint,"You can report a problem by going to Settings > Support > Submit Complaint. Fill in the complaint form, and our team will review it shortly."
0e19f6a4-427b-4156-8279-04508a675668,5863,Can you write me an essay?,out_of_scope,"I’m sorry, but I can’t help with that request. Could you please rephrase or ask something else?"
b8b8e083-5c32-41ed-b6cf-0f961e0729c8,3449,What’s the current status of my order?,order_status,You can check your order status by going to My Account > Purchases > Track Progress. It will display the current progress of your order.
38bdd27e-77d1-4a67-98e1-ed3fbd3cb5bb,5421,Can you connect me to support staff?,talk_to_human,I’ll connect you with a support agent shortly. Please hold on.
7d3c9481-1294-4425-9d98-f431bc0a2765,7648,How do I request money back for my purchase?,demand_refund,"Refund requests can be placed through Profile > Order History > Request Refund. Select your order, choose 'Request Refund', and submit your reason."
53a287c8-67ad-47cd-b8ad-1da3e1075499,4549,I need to speak to a human agent.,talk_to_human,I’ll connect you with a support agent shortly. Please hold on.
9a0574a5-ea61-437b-8adb-554137e8e387,1888,I want to cancel my last order.,cancel_order,"To cancel your order, please go to Settings > Orders > Cancel Order. After selecting the order, confirm the cancellation. If you face any issues, let me know."
a9d81745-aa10-4b87-b552-6323cdc9697e,6431,Why was my card declined?,payment_issue,"For payment issues, navigate to Settings > Payments > Resolve Issue. You will find tools to resolve failed or pending transactions."
9ac16cc9-a8ac-47ae-a18d-b2b36088a777,2059,Can you help me undo an order I placed?,cancel_order,"To cancel your order, please go to Profile > Order History > Cancel Order. After selecting the order, confirm the cancellation. If you face any issues, let me know."
4b1193d3-dda5-4541-b213-97d4ada963f0,1494,Please guide me to initiate a refund.,demand_refund,"Refund requests can be placed through My Account > Refunds > Initiate. Select your order, choose 'Request Refund', and submit your reason."
05fd9974-bf04-4cda-b7b1-b890b5681655,4554,Please guide me to initiate a refund.,demand_refund,"Refund requests can be placed through Profile > Order History > Request Refund. Select your order, choose 'Request Refund', and submit your reason."
5f7afe93-efe4-4a36-95c3-ff9fdfc82829,4583,"Hey, how are you?",greeting,Hi! Welcome back. What can I help you with?
0827b9ca-65e2-463a-b1ee-e2fb85e5c179,7949,Who won the football game yesterday?,out_of_scope,This seems outside my current support scope. Please check our help center for more information.
27b35c79-f06c-4c33-acc5-48b8931cae5c,9162,"Hi, I need some help.",greeting,Hi! Welcome back. What can I help you with?
d2b00d0b-3401-4082-8173-c911f1859b55,1369,I want to share feedback about my purchase.,review_order,"You can add a review by navigating to Purchases > Feedback > Review Order. Once there, you’ll be able to write and submit your review."
45f2e7af-076f-4853-bfef-aba5d597f87f,3854,Please provide shipment tracking updates.,order_tracking,Tracking details are available under Orders > Track Shipment. It will show you real-time updates about your package location.
5aed7d0d-b7a3-40b9-9c9b-8c26987e3147,2448,I need a refund on my last order.,demand_refund,"To get a refund, please visit Settings > Orders > Refund Order. Choose the respective order and complete the refund form."
15dc36a2-0853-47fa-a3eb-c8b03be54cbc,5960,Can I rate the product I bought?,review_order,"To review your order, head over to Orders > Select Order > Leave Review. Select the order and leave your feedback."
8129b505-051c-491f-9e86-1db4d4360ced,3457,Hi there!,greeting,Hello there! How can I assist you with your orders today?
d8cbf71e-b9ed-4aab-b543-07fc2efbad64,8015,I want to complain about a product.,submit_complaint,"To submit a complaint, please visit Profile > Feedback > Report Problem. Provide your order details and a description of the issue."
30b34e63-4ccb-4584-9fe7-504c9a5ada79,5164,There’s a billing issue with my purchase.,payment_issue,"For payment issues, navigate to My Account > Billing > Payment Help. You will find tools to resolve failed or pending transactions."
db88754a-e7d1-47c7-8cc9-8cd900a3509b,6506,Where do I write a review for my last order?,review_order,"You can add a review by navigating to Orders > Select Order > Leave Review. Once there, you’ll be able to write and submit your review."
fbc27e08-fe82-4527-8941-a2f36eb3be21,5003,Can I rate the product I bought?,review_order,"You can add a review by navigating to My Account > Reviews > Write Review. Once there, you’ll be able to write and submit your review."
0afd87e6-0839-47d5-8382-15274dc390a2,5164,Is there a way to stop processing on my order?,cancel_order,"To cancel your order, please go to Profile > Order History > Cancel Order. After selecting the order, confirm the cancellation. If you face any issues, let me know."
3a1cfc74-6770-4992-89df-08978703972e,3285,I need the courier information for my order.,order_tracking,Tracking details are available under Orders > Track Shipment. It will show you real-time updates about your package location.
afa819cd-82de-472a-91d9-b6fcb7924d7e,3769,Please provide shipment tracking updates.,order_tracking,"To track your shipment, please go to Orders > Track Shipment. Enter your tracking ID for more details."
6eb18676-b19f-4979-80f4-4f64421cf649,7597,I need a refund on my last order.,demand_refund,"To get a refund, please visit Settings > Orders > Refund Order. Choose the respective order and complete the refund form."
1e16db47-e24c-4ee5-874b-dcccd74e5e6e,3631,I want to share feedback about my purchase.,review_order,"To review your order, head over to Purchases > Feedback > Review Order. Select the order and leave your feedback."
ca3a3081-a235-45a6-8fb9-098c3cb3f73e,7521,Can you tell me the refund steps?,demand_refund,"Refund requests can be placed through Settings > Orders > Refund Order. Select your order, choose 'Request Refund', and submit your reason."
cd9b4dab-3747-4d08-af73-11749e51d1dd,6432,Has my order been shipped yet?,order_status,You can check your order status by going to Orders > Select Order > View Status. It will display the current progress of your order.
27daa57b-938a-4487-8262-407b11ef23a7,4581,Can I chat with someone from support?,talk_to_human,"Sure, let me transfer you to one of our human representatives right away."
22449fe1-62a9-4203-ba19-2c238f82d85b,1769,There’s a billing issue with my purchase.,payment_issue,"For payment issues, navigate to Profile > Wallet > Payment Issues. You will find tools to resolve failed or pending transactions."
c6fc79b1-a84d-4167-a80a-55bcb207ded5,2867,What’s 2+2?,out_of_scope,"I’m sorry, but I can’t help with that request. Could you please rephrase or ask something else?"
cc3b19d4-6bd6-40f1-bf14-58c218e682ab,5298,Can I chat with someone from support?,talk_to_human,"Sure, let me transfer you to one of our human representatives right away."
4b96a097-a290-44ff-acec-a8a07ea60214,6480,I need the courier information for my order.,order_tracking,Tracking details are available under My Account > Shipping > Track Package. It will show you real-time updates about your package location.
eb560c08-d2ea-4db8-817e-13618c5122bf,9875,There’s a billing issue with my purchase.,payment_issue,You can manage and fix your payment issues at Settings > Payments > Resolve Issue. Select the relevant transaction to proceed.
0761d12a-adfc-4ba1-b55c-3dade6113220,9283,Goodbye!,goodbye,Thank you for reaching out! Have a great day.
c631e655-029f-4225-9cf5-7f25c906188b,6735,I want to share feedback about my purchase.,review_order,"You can add a review by navigating to My Account > Reviews > Write Review. Once there, you’ll be able to write and submit your review."
540196ec-99ce-4f30-8114-d217ef391949,2747,There’s an issue I need to report.,submit_complaint,"You can report a problem by going to Settings > Support > Submit Complaint. Fill in the complaint form, and our team will review it shortly."
42952038-fec4-4eb1-8a33-c7c56ebee662,7077,How do I request money back for my purchase?,demand_refund,"Refund requests can be placed through Profile > Order History > Request Refund. Select your order, choose 'Request Refund', and submit your reason."
c12c4f1d-7e0a-4bfc-9a67-08fab15e4f17,2896,"I’m done, thanks.",goodbye,Goodbye! I hope I was able to help you today.
e869e9d6-7e9b-44ee-80ac-a57212d06f65,7682,Good morning!,greeting,Hi! Welcome back. What can I help you with?
2cc8ca51-7582-4faa-aa1f-23cb2ef9335e,6767,Please provide shipment tracking updates.,order_tracking,Tracking details are available under Orders > Track Shipment. It will show you real-time updates about your package location.
a7f9772d-ae6d-4e08-bb43-2ae80a9ca975,7453,Why was my card declined?,payment_issue,"For payment issues, navigate to Settings > Payments > Resolve Issue. You will find tools to resolve failed or pending transactions."
06510a79-bae5-4294-8e10-5e6be34ed6f3,1048,Can you write me an essay?,out_of_scope,"I’m sorry, but I can’t help with that request. Could you please rephrase or ask something else?"
12ec6383-2390-4c4d-9e05-365d5df693cc,9013,Please provide shipment tracking updates.,order_tracking,Tracking details are available under Purchases > Delivery > Tracking Info. It will show you real-time updates about your package location.
6a98ab54-8c1e-4a11-bfc4-dc5e62e292d0,2074,"Hey, how are you?",greeting,Hi! Welcome back. What can I help you with?
0629af28-ed30-4773-992e-8551f234162f,5156,Goodbye!,goodbye,Thank you for reaching out! Have a great day.
d317b6ef-7b18-448b-840c-b0fa8216a450,9448,Can you help me undo an order I placed?,cancel_order,You can cancel by navigating to Settings > Orders > Cancel Order. Choose the order you wish to cancel and follow the prompts.
eb4b8d7f-977f-41fe-8e61-5dddcf9f91df,3252,I need the courier information for my order.,order_tracking,Tracking details are available under My Account > Shipping > Track Package. It will show you real-time updates about your package location.
128dc252-b9f6-4435-a969-b9be9c1f213c,6769,I need help with a failed transaction.,payment_issue,"For payment issues, navigate to Settings > Payments > Resolve Issue. You will find tools to resolve failed or pending transactions."
7c53e112-d0c0-41dd-88b8-3b16115c4ffb,1349,Where can I request a refund?,demand_refund,"Refund requests can be placed through Settings > Orders > Refund Order. Select your order, choose 'Request Refund', and submit your reason."
8c78c085-adce-4dfd-bec0-3d2829c714fd,4328,Is there a way to stop processing on my order?,cancel_order,You can cancel by navigating to Settings > Orders > Cancel Order. Choose the order you wish to cancel and follow the prompts.
b9d71e07-c638-41e7-84a7-75c34b108985,7438,Can you help me undo an order I placed?,cancel_order,You can cancel by navigating to Settings > Orders > Cancel Order. Choose the order you wish to cancel and follow the prompts.
d99bfa9e-8bbc-41e4-ac0d-ca2570879f70,2777,Track my shipment please.,order_tracking,Tracking details are available under Purchases > Delivery > Tracking Info. It will show you real-time updates about your package location.
1a13dfca-b7fa-4559-adea-71ae6c6ef9d7,8267,Track my shipment please.,order_tracking,"To track your shipment, please go to Purchases > Delivery > Tracking Info. Enter your tracking ID for more details."
14d43507-5929-4917-9287-60cef21af66c,2141,I want to talk to a real person.,talk_to_human,I’ll connect you with a support agent shortly. Please hold on.
ebbd2e43-9d6c-4bb4-a690-c8fe111ec3cf,5371,How do I request money back for my purchase?,demand_refund,"Refund requests can be placed through Settings > Orders > Refund Order. Select your order, choose 'Request Refund', and submit your reason."
edba098f-7273-4f58-90bc-7e1052c9ba0c,5576,Tell me the progress of my recent order.,order_status,Head over to Profile > Orders > Check Status to see where your order is in the fulfillment process.
ae4b7368-8a9b-4a13-a312-0630b7a3617c,1098,See you next time.,goodbye,Thank you for reaching out! Have a great day.
5e2c6551-13cf-4f06-8d8d-969a4127adbe,4957,I want to talk to a real person.,talk_to_human,I’ll connect you with a support agent shortly. Please hold on.
22df1251-e0a7-437e-956c-98d7619385cd,8736,Goodbye!,goodbye,Thank you for reaching out! Have a great day.
978ec779-d64c-4164-a4b3-ee4c1ea2e564,7920,How do I check if my order is confirmed?,order_status,You can check your order status by going to Orders > Select Order > View Status. It will display the current progress of your order.
1559b604-91a2-45e3-a91d-cc7ba75ecd32,6773,Track my shipment please.,order_tracking,"To track your shipment, please go to Purchases > Delivery > Tracking Info. Enter your tracking ID for more details."
1b764d02-980f-41cf-9a61-142db7824180,7510,"Hi, I need some help.",greeting,Hello there! How can I assist you with your orders today?
2b5e60a4-e364-4386-9520-ec31260618ec,4942,Where do I go to raise a complaint?,submit_complaint,"You can report a problem by going to Profile > Feedback > Report Problem. Fill in the complaint form, and our team will review it shortly."
5208e9dd-3ced-4a7d-8151-c3267a235926,4882,Tell me the progress of my recent order.,order_status,You can check your order status by going to Profile > Orders > Check Status. It will display the current progress of your order.
b4285927-112e-49b4-92af-88efa0eb714b,5184,I want to share feedback about my purchase.,review_order,"To review your order, head over to My Account > Reviews > Write Review. Select the order and leave your feedback."
1bd05a1e-c4db-4fa5-a264-b86b3bc9a63d,9047,Can I rate the product I bought?,review_order,"You can add a review by navigating to Orders > Select Order > Leave Review. Once there, you’ll be able to write and submit your review."
812ac1c2-c175-47c2-865e-ce8cc759f220,7572,What’s the current status of my order?,order_status,Head over to Profile > Orders > Check Status to see where your order is in the fulfillment process.
8a8e88a3-1b7f-497d-b371-22184912243c,3703,Please transfer me to a representative.,talk_to_human,"Sure, let me transfer you to one of our human representatives right away."
7ac1c0b5-4eb4-460c-b227-7756fffa2075,9045,"Thanks, bye!",goodbye,Thank you for reaching out! Have a great day.
1b2040ce-6155-4d4d-a6a6-25d3f26737ee,2983,Can you help me undo an order I placed?,cancel_order,You can cancel by navigating to Profile > Order History > Cancel Order. Choose the order you wish to cancel and follow the prompts.
be2b7011-3cf2-49b6-a5aa-a488c998db90,4285,Goodbye!,goodbye,Thank you for reaching out! Have a great day.
07d22d59-6a2c-45c6-9750-c24d3fbe0555,9538,What’s the weather like today?,out_of_scope,"I’m sorry, but I can’t help with that request. Could you please rephrase or ask something else?"
aea74434-9cd1-476d-a786-06a093ba09ea,1126,Where can I request a refund?,demand_refund,"Refund requests can be placed through My Account > Refunds > Initiate. Select your order, choose 'Request Refund', and submit your reason."
27bfac09-9b45-4426-bcd5-c8799c64e2a0,9135,Please cancel my recent purchase.,cancel_order,"To cancel your order, please go to Profile > Order History > Cancel Order. After selecting the order, confirm the cancellation. If you face any issues, let me know."
77d47d60-db0b-4264-8d1a-d0ba7f1fb8d4,2882,I need to speak to a human agent.,talk_to_human,I’ll connect you with a support agent shortly. Please hold on.
6b97406c-d15b-4dee-98b9-ae415e1d5827,6790,I want to talk to a real person.,talk_to_human,I’ll connect you with a support agent shortly. Please hold on.
a8957ddf-f8e5-46d9-83a2-62163d7ba79c,3517,I want to share feedback about my purchase.,review_order,"You can add a review by navigating to My Account > Reviews > Write Review. Once there, you’ll be able to write and submit your review."
5a5d4315-3d3c-4a2b-9a3f-7589e3f9052d,4086,I need the courier information for my order.,order_tracking,Tracking details are available under Orders > Track Shipment. It will show you real-time updates about your package location.
03499069-9d72-4d44-997e-99de62b7db73,2835,How do I check if my order is confirmed?,order_status,Head over to My Account > Purchases > Track Progress to see where your order is in the fulfillment process.
583ad313-97a3-4cf3-b662-23669c7f07be,1029,Tell me the progress of my recent order.,order_status,Head over to Orders > Select Order > View Status to see where your order is in the fulfillment process.
f549cee1-68ad-4352-b0e9-e76aa68f5de0,2229,How can I leave a review for my order?,review_order,"To review your order, head over to My Account > Reviews > Write Review. Select the order and leave your feedback."
0b3add5a-818a-4a36-95a7-26dc9af7a7a2,6007,I need help with a failed transaction.,payment_issue,You can manage and fix your payment issues at Settings > Payments > Resolve Issue. Select the relevant transaction to proceed.
42f0c398-aee5-4dae-b9de-185a139f49f5,6807,Please help me submit a problem report.,submit_complaint,"To submit a complaint, please visit Profile > Feedback > Report Problem. Provide your order details and a description of the issue."
bd7190d5-3a75-4b8c-8462-97418624afd4,6668,Where is my delivery right now?,order_tracking,"To track your shipment, please go to Purchases > Delivery > Tracking Info. Enter your tracking ID for more details."
3165167e-8f19-4bfa-a9a3-f0832929e328,8626,Help me post a review for my completed purchase.,review_order,"To review your order, head over to Orders > Select Order > Leave Review. Select the order and leave your feedback."
6773614d-4aea-4614-95ad-b7981085208c,7027,There’s a billing issue with my purchase.,payment_issue,You can manage and fix your payment issues at Profile > Wallet > Payment Issues. Select the relevant transaction to proceed.
f8606d49-b8b7-4bc4-accf-f57288cd511b,5166,I need a refund on my last order.,demand_refund,"To get a refund, please visit My Account > Refunds > Initiate. Choose the respective order and complete the refund form."
676720d3-78af-4a6c-9282-3158653266c4,7043,What’s the weather like today?,out_of_scope,This seems outside my current support scope. Please check our help center for more information.
8f5502a7-aacf-488f-9b13-aa27ef6de73c,2158,Track my shipment please.,order_tracking,Tracking details are available under Orders > Track Shipment. It will show you real-time updates about your package location.
9d9f11f8-58cd-41bd-9526-5e334381d19e,4011,I want to complain about a product.,submit_complaint,"You can report a problem by going to Help Center > Complaints > File Issue. Fill in the complaint form, and our team will review it shortly."
52d60b05-b374-47e4-9ba5-dbe372d35615,4588,Can I rate the product I bought?,review_order,"You can add a review by navigating to Orders > Select Order > Leave Review. Once there, you’ll be able to write and submit your review."
26686538-88ca-4f46-8162-8d74f6689c8e,6900,There’s a billing issue with my purchase.,payment_issue,You can manage and fix your payment issues at My Account > Billing > Payment Help. Select the relevant transaction to proceed.
c1e83c8c-b8ce-418d-8a49-e456bf836044,8072,There’s an issue I need to report.,submit_complaint,"To submit a complaint, please visit Settings > Support > Submit Complaint. Provide your order details and a description of the issue."
927221cc-5779-4efb-ae4f-25188801a690,8101,Can you help me undo an order I placed?,cancel_order,You can cancel by navigating to Profile > Order History > Cancel Order. Choose the order you wish to cancel and follow the prompts.
334f3520-b957-488f-98f5-ce84b3521458,9127,Can you show me tracking details for my order?,order_tracking,"To track your shipment, please go to Orders > Track Shipment. Enter your tracking ID for more details."
9ce4b5c5-ba75-4b6f-a587-06531e63899a,2346,"Hi, I need some help.",greeting,Hi! Welcome back. What can I help you with?
c091d389-6cca-4d72-a203-d4ffd847d8cc,8752,I need a refund on my last order.,demand_refund,"Refund requests can be placed through Settings > Orders > Refund Order. Select your order, choose 'Request Refund', and submit your reason."
e55e21a4-3993-45e1-a4eb-d29d0f84b9e3,8141,"My payment is pending, what should I do?",payment_issue,You can manage and fix your payment issues at Settings > Payments > Resolve Issue. Select the relevant transaction to proceed.
90a749f2-b00c-4c7e-9814-bf06509e4dc1,7775,Good morning!,greeting,Hello there! How can I assist you with your orders today?
736bc3e4-4ee4-402e-a51c-64c585d1d16a,1226,Who won the football game yesterday?,out_of_scope,"I’m sorry, but I can’t help with that request. Could you please rephrase or ask something else?"
0decc7e4-603e-4b89-9f28-57dac77761d0,9711,My payment didn’t go through.,payment_issue,You can manage and fix your payment issues at My Account > Billing > Payment Help. Select the relevant transaction to proceed.
6f2e9878-4e35-4e1a-a426-66fd2d270ec3,9216,Tell me a joke.,out_of_scope,"I’m sorry, but I can’t help with that request. Could you please rephrase or ask something else?"
24738440-512f-40a0-8f67-c8e3bbce86a2,8844,Has my order been shipped yet?,order_status,Head over to Profile > Orders > Check Status to see where your order is in the fulfillment process.
6cdf37ec-6a05-421f-8517-e5018292a000,9867,Where do I write a review for my last order?,review_order,"You can add a review by navigating to Orders > Select Order > Leave Review. Once there, you’ll be able to write and submit your review."
0d905375-0b04-46dc-81c7-73403479d00f,1289,Who won the football game yesterday?,out_of_scope,"I’m sorry, but I can’t help with that request. Could you please rephrase or ask something else?"
9e8b27e9-ab32-4568-85ed-3b241bc16a35,2167,"Hey, how are you?",greeting,Hi! Welcome back. What can I help you with?
f8206c52-5f62-4823-a47f-1699e9c7f50d,6974,"Hey, how are you?",greeting,Hi! Welcome back. What can I help you with?
d987fba8-5990-4555-8c4a-f25f3cd205b6,3263,How can I leave a review for my order?,review_order,"To review your order, head over to Purchases > Feedback > Review Order. Select the order and leave your feedback."
c75f093d-a57d-4ca9-8aeb-a9dcc90eb92b,1535,Why was my card declined?,payment_issue,"For payment issues, navigate to Profile > Wallet > Payment Issues. You will find tools to resolve failed or pending transactions."
0a39661f-beba-4749-b945-7ddc29d8e2eb,2972,"Hey, how are you?",greeting,Hello there! How can I assist you with your orders today?
15d332e0-8066-419d-b118-af5bbcc22e30,2585,Can you connect me to support staff?,talk_to_human,I’ll connect you with a support agent shortly. Please hold on.
338d266c-cacc-47b1-bd60-5d297c441dac,5488,Why was my card declined?,payment_issue,You can manage and fix your payment issues at My Account > Billing > Payment Help. Select the relevant transaction to proceed.
ba1f8b20-97c0-44ee-ab71-232d91f8bbd4,4239,Can I rate the product I bought?,review_order,"You can add a review by navigating to Purchases > Feedback > Review Order. Once there, you’ll be able to write and submit your review."
b2441548-007e-4ac7-aa2f-e190b64a5411,4889,"Hey, how are you?",greeting,Hi! Welcome back. What can I help you with?
589ab9e1-e4fb-4950-97cb-1a76a46c4ed6,5469,I need a refund on my last order.,demand_refund,"Refund requests can be placed through My Account > Refunds > Initiate. Select your order, choose 'Request Refund', and submit your reason."
98deb541-6789-4b07-be1e-b72b5d94669e,6039,How do I check if my order is confirmed?,order_status,Head over to My Account > Purchases > Track Progress to see where your order is in the fulfillment process.
0b443481-a063-4f93-ba21-46929b7acdbf,4119,Tell me a joke.,out_of_scope,This seems outside my current support scope. Please check our help center for more information.
e935f8b4-e9a6-4b68-906f-0caadb9d75f6,8194,See you next time.,goodbye,Thank you for reaching out! Have a great day.
5a99206b-3ca8-4af4-9174-4ea35ddda1a9,7457,Hello!,greeting,Hello there! How can I assist you with your orders today?
3639465e-3d72-4ab2-9fba-26b8cd9df262,7379,Where is my order in the process?,order_status,Head over to Profile > Orders > Check Status to see where your order is in the fulfillment process.
bbeb7de3-c90f-4f29-b4ef-a36205eb9acc,3784,Tell me a joke.,out_of_scope,"I’m sorry, but I can’t help with that request. Could you please rephrase or ask something else?"
26564eaf-edd9-46a5-80c7-05bab10d3a79,3019,There’s a billing issue with my purchase.,payment_issue,You can manage and fix your payment issues at Profile > Wallet > Payment Issues. Select the relevant transaction to proceed.
3512e2ef-7a48-4a0a-a373-98b45c0eb3c0,6773,Has my order been shipped yet?,order_status,You can check your order status by going to Profile > Orders > Check Status. It will display the current progress of your order.
e786c768-fecf-45e3-bbf7-c8afa90496e4,4340,Where do I go to cancel an order?,cancel_order,"To cancel your order, please go to Profile > Order History > Cancel Order. After selecting the order, confirm the cancellation. If you face any issues, let me know."
ab0a8daa-e476-4fb0-a22e-13fc11031ad0,8855,Catch you later.,goodbye,Goodbye! I hope I was able to help you today.
9bb9b4fc-305a-4fe9-bc6d-81918ac68901,2269,There’s an issue I need to report.,submit_complaint,"To submit a complaint, please visit Help Center > Complaints > File Issue. Provide your order details and a description of the issue."
d49c39f5-1d80-4b4f-8e1c-990c5155384a,3618,My payment didn’t go through.,payment_issue,You can manage and fix your payment issues at Profile > Wallet > Payment Issues. Select the relevant transaction to proceed.
d8dd11a0-4e4d-46a4-adf2-293d15e60c43,5605,Can I chat with someone from support?,talk_to_human,I’ll connect you with a support agent shortly. Please hold on.
b5974e34-caa9-4b06-9f5d-9746f60f1f89,1196,Is there a way to stop processing on my order?,cancel_order,"To cancel your order, please go to My Account > Purchases > Cancel. After selecting the order, confirm the cancellation. If you face any issues, let me know."
614b7b2f-880d-4199-b990-8225bde789b5,6426,Catch you later.,goodbye,Goodbye! I hope I was able to help you today.
5d193558-1867-4c8a-b607-4d8339978770,1004,I want to share feedback about my purchase.,review_order,"To review your order, head over to Purchases > Feedback > Review Order. Select the order and leave your feedback."
933afada-903a-4685-8a98-c82f7434ec5d,1589,I want to share feedback about my purchase.,review_order,"You can add a review by navigating to My Account > Reviews > Write Review. Once there, you’ll be able to write and submit your review."
a8257ed5-0022-4346-9f84-fcf25851b963,6604,See you next time.,goodbye,Goodbye! I hope I was able to help you today.
06580c0f-dc2a-4c0f-a77e-66da2f75ff0f,9067,I want to talk to a real person.,talk_to_human,I’ll connect you with a support agent shortly. Please hold on.
fe4aecc1-0772-45de-9f2e-e0a7cbd31b3d,3704,Can you show me tracking details for my order?,order_tracking,"To track your shipment, please go to Orders > Track Shipment. Enter your tracking ID for more details."
8294e19e-2a97-46fb-b470-3cd448a79f35,9368,I want to talk to a real person.,talk_to_human,"Sure, let me transfer you to one of our human representatives right away."
5d003e9a-28d2-4ca8-8c9a-4079774684d6,5370,"Hey, how are you?",greeting,Hi! Welcome back. What can I help you with?
9c5bade3-3296-48ea-bc76-ba2f1dc89b93,7950,Can you tell me the refund steps?,demand_refund,"Refund requests can be placed through My Account > Refunds > Initiate. Select your order, choose 'Request Refund', and submit your reason."
5b6935a1-377d-4516-9a60-e41218f29e72,1949,See you next time.,goodbye,Goodbye! I hope I was able to help you today.
12f3ea47-273e-489f-b42d-adb37eb1e08f,8423,There’s an issue I need to report.,submit_complaint,"To submit a complaint, please visit Settings > Support > Submit Complaint. Provide your order details and a description of the issue."
bf52a782-08aa-481e-9827-a6eba6c78619,4034,Hello!,greeting,Hi! Welcome back. What can I help you with?
abdd048f-9f4e-4606-a88a-a5f8e4d05710,6074,Can you help me undo an order I placed?,cancel_order,You can cancel by navigating to Settings > Orders > Cancel Order. Choose the order you wish to cancel and follow the prompts.
1565347c-cee1-4972-b2d1-93e0f02d3da1,9952,There’s an issue I need to report.,submit_complaint,"You can report a problem by going to Help Center > Complaints > File Issue. Fill in the complaint form, and our team will review it shortly."
3a9ced78-d3ac-4b42-9f70-e5acdd5c65ad,6128,See you next time.,goodbye,Goodbye! I hope I was able to help you today.
38093831-7b3b-4119-bff1-3eda38e65c68,8826,I need help with a failed transaction.,payment_issue,You can manage and fix your payment issues at Settings > Payments > Resolve Issue. Select the relevant transaction to proceed.
28d55439-ffb3-4759-a04a-7bced9c475a2,4119,Where do I go to raise a complaint?,submit_complaint,"To submit a complaint, please visit Profile > Feedback > Report Problem. Provide your order details and a description of the issue."
7940da71-0edc-41a7-aefb-8078b398b97f,5422,I want to cancel my last order.,cancel_order,"To cancel your order, please go to My Account > Purchases > Cancel. After selecting the order, confirm the cancellation. If you face any issues, let me know."
d3026127-bd09-4188-9171-cc17201eedab,5834,Tell me a joke.,out_of_scope,"I’m sorry, but I can’t help with that request. Could you please rephrase or ask something else?"
e8a4fd3e-e182-47ed-bed4-f0b7b8ded238,7210,Please cancel my recent purchase.,cancel_order,"To cancel your order, please go to My Account > Purchases > Cancel. After selecting the order, confirm the cancellation. If you face any issues, let me know."
64e13c58-be2f-4528-9556-a7fa26adc7c4,6927,"I’m done, thanks.",goodbye,Goodbye! I hope I was able to help you today.
c9637e54-9f6c-4849-9483-830259281998,7339,I want to talk to a real person.,talk_to_human,I’ll connect you with a support agent shortly. Please hold on.
d65eb850-2f5c-4650-8e87-a7a4a8715bd6,9760,My payment didn’t go through.,payment_issue,"For payment issues, navigate to My Account > Billing > Payment Help. You will find tools to resolve failed or pending transactions."
84b6cdd8-0da4-4c90-b705-c1e132fae5cb,5208,There’s a billing issue with my purchase.,payment_issue,"For payment issues, navigate to Profile > Wallet > Payment Issues. You will find tools to resolve failed or pending transactions."
94c2f8b8-f6e0-48bf-9bc9-8dc355c1b6dd,5972,"Thanks, bye!",goodbye,Thank you for reaching out! Have a great day.
be90903b-a1ca-4554-b769-f99566e49a42,7294,I want to cancel my last order.,cancel_order,You can cancel by navigating to My Account > Purchases > Cancel. Choose the order you wish to cancel and follow the prompts.
781f5c60-b403-449f-b916-8b0ac3d8ce2c,1149,How do I check if my order is confirmed?,order_status,Head over to Orders > Select Order > View Status to see where your order is in the fulfillment process.
0b12b22f-8c10-40fa-8bdc-4c4c673fec8e,3089,Good morning!,greeting,Hi! Welcome back. What can I help you with?
476db484-14d2-4b90-bf8a-2dc031267444,4556,I want to share feedback about my purchase.,review_order,"You can add a review by navigating to Purchases > Feedback > Review Order. Once there, you’ll be able to write and submit your review."
9e24b8f3-5881-4835-811d-b1fbf340b527,4495,Where is my delivery right now?,order_tracking,"To track your shipment, please go to Orders > Track Shipment. Enter your tracking ID for more details."
33a919ef-d7c9-4247-9ede-4f162d3c8027,3420,Please help me submit a problem report.,submit_complaint,"You can report a problem by going to Settings > Support > Submit Complaint. Fill in the complaint form, and our team will review it shortly."
e03763ae-62d7-4185-9f91-bbf52d6413f9,8576,"I’m done, thanks.",goodbye,Goodbye! I hope I was able to help you today.
358e1ece-9d1b-401c-99e2-27224a76a9f7,9269,Where is my delivery right now?,order_tracking,Tracking details are available under Purchases > Delivery > Tracking Info. It will show you real-time updates about your package location.
497cc449-4989-4a55-ae8e-01c6bda2fb34,1838,Catch you later.,goodbye,Goodbye! I hope I was able to help you today.
ff79f5ce-f47c-4eba-9543-77951a6b86e7,4961,Please transfer me to a representative.,talk_to_human,"Sure, let me transfer you to one of our human representatives right away."
74d58a62-5a01-4a66-9942-760e7ec0576a,2008,"My payment is pending, what should I do?",payment_issue,You can manage and fix your payment issues at Settings > Payments > Resolve Issue. Select the relevant transaction to proceed.
5c9daa55-3561-4d6b-9dbb-0ff255a97bd2,1332,Can you show me tracking details for my order?,order_tracking,"To track your shipment, please go to Purchases > Delivery > Tracking Info. Enter your tracking ID for more details."
81809d62-fea7-4f60-a016-f7d9fc2999d2,1717,I want to share feedback about my purchase.,review_order,"To review your order, head over to Orders > Select Order > Leave Review. Select the order and leave your feedback."
4ff76d43-4219-4d17-a159-5678094e03d5,2638,Is there a way to stop processing on my order?,cancel_order,"To cancel your order, please go to My Account > Purchases > Cancel. After selecting the order, confirm the cancellation. If you face any issues, let me know."
fb22cddb-5513-496b-879c-ef4db0b43ccc,7786,I want to cancel my last order.,cancel_order,You can cancel by navigating to My Account > Purchases > Cancel. Choose the order you wish to cancel and follow the prompts.
cc16a3ce-1879-40b3-85b7-71d7a02055d6,8525,"My payment is pending, what should I do?",payment_issue,You can manage and fix your payment issues at Profile > Wallet > Payment Issues. Select the relevant transaction to proceed.
527f8a5d-2021-42c7-abe2-4256e7cba8a9,9119,"Hi, I need some help.",greeting,Hi! Welcome back. What can I help you with?
9a6fbb46-93fe-4b3e-8d79-3ebd538a45a0,1987,Please help me submit a problem report.,submit_complaint,"You can report a problem by going to Settings > Support > Submit Complaint. Fill in the complaint form, and our team will review it shortly."
9dd79171-70ec-492f-944c-38fe7ba7ecba,1013,I want to complain about a product.,submit_complaint,"You can report a problem by going to Settings > Support > Submit Complaint. Fill in the complaint form, and our team will review it shortly."
52974030-97db-4624-9e9f-b2d4bb0d391e,4972,I need a refund on my last order.,demand_refund,"Refund requests can be placed through Profile > Order History > Request Refund. Select your order, choose 'Request Refund', and submit your reason."
6cae4b3f-868b-42bc-a62b-e464cd85ed9a,1002,Can you help me undo an order I placed?,cancel_order,"To cancel your order, please go to My Account > Purchases > Cancel. After selecting the order, confirm the cancellation. If you face any issues, let me know."
df812796-c220-4bd7-98ee-a7239ddd9a6b,2562,Can I rate the product I bought?,review_order,"To review your order, head over to My Account > Reviews > Write Review. Select the order and leave your feedback."
b9d9de1a-2bc6-498d-9a17-91ffd8dbf09a,4898,Tell me the progress of my recent order.,order_status,Head over to Profile > Orders > Check Status to see where your order is in the fulfillment process.
ef06ca1e-9336-427d-8563-16aead836aac,7481,"Hey, how are you?",greeting,Hi! Welcome back. What can I help you with?
a714e7be-aef9-4c01-93ff-dd97cc9b8992,1523,Track my shipment please.,order_tracking,Tracking details are available under My Account > Shipping > Track Package. It will show you real-time updates about your package location.
022f31b3-1cbf-408a-8f90-8fec92681299,1891,Why was my card declined?,payment_issue,"For payment issues, navigate to My Account > Billing > Payment Help. You will find tools to resolve failed or pending transactions."
3bc63e2c-4c03-44de-b752-a2be3b5f9a05,4621,Please provide shipment tracking updates.,order_tracking,"To track your shipment, please go to My Account > Shipping > Track Package. Enter your tracking ID for more details."
b9c79612-ae4e-47f8-878d-2b4e4b3e17b2,2766,Good morning!,greeting,Hi! Welcome back. What can I help you with?
433e8508-70b6-4fbc-a688-1fdad7240719,4502,There’s a billing issue with my purchase.,payment_issue,"For payment issues, navigate to Settings > Payments > Resolve Issue. You will find tools to resolve failed or pending transactions."
2aee477b-ccb3-4ab0-9c05-8d3e568369b3,8315,I want to talk to a real person.,talk_to_human,I’ll connect you with a support agent shortly. Please hold on.
b792c5bf-0a41-4c20-b4ae-48e82552b6bd,3799,Hi there!,greeting,Hi! Welcome back. What can I help you with?
1996f366-3987-4d3f-91c9-6c7a26dbd799,6022,Is there a way to stop processing on my order?,cancel_order,You can cancel by navigating to Settings > Orders > Cancel Order. Choose the order you wish to cancel and follow the prompts.
cefb56f7-b838-4c19-9063-e6a9ee06ce42,4013,Please cancel my recent purchase.,cancel_order,You can cancel by navigating to Settings > Orders > Cancel Order. Choose the order you wish to cancel and follow the prompts.
f8bc9637-15a1-431d-9618-5a0ff4db16ad,5093,Please provide shipment tracking updates.,order_tracking,"To track your shipment, please go to Orders > Track Shipment. Enter your tracking ID for more details."
bc90a65f-3f83-47d5-b160-c657c34926e2,6078,What’s the current status of my order?,order_status,You can check your order status by going to Orders > Select Order > View Status. It will display the current progress of your order.
4353a4de-ed38-4dfe-9f88-241024405131,2162,Catch you later.,goodbye,Goodbye! I hope I was able to help you today.
5485a444-4654-4e4f-b696-fca788fbbc08,6801,"I’m done, thanks.",goodbye,Thank you for reaching out! Have a great day.
63000594-624f-4739-8de3-768f3e75439d,7619,Help me post a review for my completed purchase.,review_order,"To review your order, head over to Purchases > Feedback > Review Order. Select the order and leave your feedback."
9f809a64-705b-400e-829b-a2923d2658da,7064,Catch you later.,goodbye,Thank you for reaching out! Have a great day.
eb257a4c-edc6-47b2-8e2f-2a16b35b45f0,7143,I want to cancel my last order.,cancel_order,"To cancel your order, please go to Settings > Orders > Cancel Order. After selecting the order, confirm the cancellation. If you face any issues, let me know."
3cb31426-abd4-42c9-b7a4-c89f1fbbc783,8010,How do I file a complaint?,submit_complaint,"You can report a problem by going to Profile > Feedback > Report Problem. Fill in the complaint form, and our team will review it shortly."
e8c059e7-e48d-422a-aeb2-a9650c0f9e6c,7227,I want to share feedback about my purchase.,review_order,"To review your order, head over to Purchases > Feedback > Review Order. Select the order and leave your feedback."
7bb4a83b-4d56-43f5-a49b-81eb4d2289fd,1969,Can you show me tracking details for my order?,order_tracking,Tracking details are available under Purchases > Delivery > Tracking Info. It will show you real-time updates about your package location.
10d15d48-066d-4a6a-86a0-04e8da444c3c,3264,Where do I go to cancel an order?,cancel_order,"To cancel your order, please go to Settings > Orders > Cancel Order. After selecting the order, confirm the cancellation. If you face any issues, let me know."
14fc8a20-4af1-4004-9b64-15ac4ba5270b,7570,Can you help me undo an order I placed?,cancel_order,"To cancel your order, please go to Profile > Order History > Cancel Order. After selecting the order, confirm the cancellation. If you face any issues, let me know."
3d54c4c6-601b-4db4-b6ee-dbf9a0abbc52,5270,Can you show me tracking details for my order?,order_tracking,"To track your shipment, please go to Orders > Track Shipment. Enter your tracking ID for more details."
1268577f-09a1-4b33-8864-ac78c6981065,2579,Where do I go to raise a complaint?,submit_complaint,"To submit a complaint, please visit Help Center > Complaints > File Issue. Provide your order details and a description of the issue."
d0c468b4-386e-4fab-b8ca-02762afcc13a,7313,How do I file a complaint?,submit_complaint,"To submit a complaint, please visit Help Center > Complaints > File Issue. Provide your order details and a description of the issue."
9f0ab9af-ae3a-43ab-8a87-4b7002defbf6,1491,"Hey, how are you?",greeting,Hello there! How can I assist you with your orders today?
e9c975ef-32e7-4d8d-9c96-336197213c9d,3459,Tell me the progress of my recent order.,order_status,Head over to My Account > Purchases > Track Progress to see where your order is in the fulfillment process.
b4a3ca14-0e5e-4145-b37a-a9bc592c99a2,7207,Where do I write a review for my last order?,review_order,"To review your order, head over to Purchases > Feedback > Review Order. Select the order and leave your feedback."
263a5bdc-74ee-4161-a2e4-f54a616d3072,6326,Tell me the progress of my recent order.,order_status,You can check your order status by going to My Account > Purchases > Track Progress. It will display the current progress of your order.
62d9b407-5372-4074-ac92-022067036d69,4638,Where do I go to cancel an order?,cancel_order,"To cancel your order, please go to Profile > Order History > Cancel Order. After selecting the order, confirm the cancellation. If you face any issues, let me know."
e4e84ef8-f780-4564-acbc-0ce110d9f551,6213,How can I leave a review for my order?,review_order,"To review your order, head over to Orders > Select Order > Leave Review. Select the order and leave your feedback."
e4ed8e2f-bee4-4b0d-8713-163d2fddfceb,1929,I want to share feedback about my purchase.,review_order,"To review your order, head over to Purchases > Feedback > Review Order. Select the order and leave your feedback."
b6ae9450-cca2-45dc-a84a-9e1d8d02c3ec,6050,I need a refund on my last order.,demand_refund,"To get a refund, please visit Settings > Orders > Refund Order. Choose the respective order and complete the refund form."
6254a7c0-b702-4049-906c-4242760239c4,8511,What’s the weather like today?,out_of_scope,This seems outside my current support scope. Please check our help center for more information.
252c8695-2d30-4467-bffd-b39b8921b495,9212,Tell me a joke.,out_of_scope,"I’m sorry, but I can’t help with that request. Could you please rephrase or ask something else?"
25ba0f2a-1058-4fcd-b32c-2cfac13089d6,8290,Who won the football game yesterday?,out_of_scope,This seems outside my current support scope. Please check our help center for more information.
479d266f-2f23-4898-8d9d-78a2b25e4366,1923,Where is my order in the process?,order_status,Head over to My Account > Purchases > Track Progress to see where your order is in the fulfillment process.
021cca1e-c494-441f-9d41-a8fb0338a3f1,3109,Where do I go to raise a complaint?,submit_complaint,"To submit a complaint, please visit Settings > Support > Submit Complaint. Provide your order details and a description of the issue."
39bf333f-c60e-4e7d-bb47-883f076931bf,9403,"Hey, how are you?",greeting,Hi! Welcome back. What can I help you with?
bd5359d5-c6f7-4772-9f4a-207180f8519e,3117,Can you write me an essay?,out_of_scope,This seems outside my current support scope. Please check our help center for more information.
b2604008-1e91-4ae2-8d6a-2063e602339a,3130,"Thanks, bye!",goodbye,Thank you for reaching out! Have a great day.
3de7fc31-39b8-4e73-a839-c9a14c33e383,6702,Please help me submit a problem report.,submit_complaint,"You can report a problem by going to Settings > Support > Submit Complaint. Fill in the complaint form, and our team will review it shortly."
7bebddd3-4396-440d-ba9e-285052ee0ef9,5785,Has my order been shipped yet?,order_status,You can check your order status by going to My Account > Purchases > Track Progress. It will display the current progress of your order.
b2f1855a-c215-47b9-8544-1d117c081c47,8070,Please provide shipment tracking updates.,order_tracking,Tracking details are available under My Account > Shipping > Track Package. It will show you real-time updates about your package location.
cc6c873f-5b00-4442-95b6-4fc50ffa59b2,1791,How can I leave a review for my order?,review_order,"To review your order, head over to Orders > Select Order > Leave Review. Select the order and leave your feedback."
82f4fe46-95fd-4ef2-a0d0-8a5b9108a016,8630,What’s 2+2?,out_of_scope,This seems outside my current support scope. Please check our help center for more information.
d814c089-7d9d-42d1-88f5-fbb18ff25c66,9301,There’s a billing issue with my purchase.,payment_issue,You can manage and fix your payment issues at Settings > Payments > Resolve Issue. Select the relevant transaction to proceed.
bb6441ee-58f9-4a06-9369-bfd66d349f10,9157,Catch you later.,goodbye,Goodbye! I hope I was able to help you today.
82ee185b-e475-4566-bb5b-f0ed15e369ea,2808,Please guide me to initiate a refund.,demand_refund,"Refund requests can be placed through My Account > Refunds > Initiate. Select your order, choose 'Request Refund', and submit your reason."
ef8c5f34-8630-4d4f-8247-00f06533374e,1267,How do I check if my order is confirmed?,order_status,Head over to My Account > Purchases > Track Progress to see where your order is in the fulfillment process.
6968ed5a-08bf-4d15-bc07-6bc79c8a9715,6480,There’s a billing issue with my purchase.,payment_issue,"For payment issues, navigate to My Account > Billing > Payment Help. You will find tools to resolve failed or pending transactions."
1f8ea000-784d-48af-bfee-4519f5e881aa,9867,Goodbye!,goodbye,Thank you for reaching out! Have a great day.
dafe30e4-eb27-424e-a4d1-1ea407a60947,2385,What’s 2+2?,out_of_scope,"I’m sorry, but I can’t help with that request. Could you please rephrase or ask something else?"
0e5f7df4-ac28-4bb2-b978-0ba4d3cbc2ad,7556,I want to complain about a product.,submit_complaint,"You can report a problem by going to Help Center > Complaints > File Issue. Fill in the complaint form, and our team will review it shortly."
642fbea8-c3d0-466f-b3ae-3e01c0ea185b,7966,Help me post a review for my completed purchase.,review_order,"To review your order, head over to My Account > Reviews > Write Review. Select the order and leave your feedback."
bca73502-11a2-47bd-9201-53c0338bd2ad,5559,Can you connect me to support staff?,talk_to_human,I’ll connect you with a support agent shortly. Please hold on.
29f2aa3c-5834-4f95-b0ac-079372459e12,3217,Can I rate the product I bought?,review_order,"You can add a review by navigating to My Account > Reviews > Write Review. Once there, you’ll be able to write and submit your review."
4d93ef0f-923f-4885-89c9-880b88a57140,6079,I want to talk to a real person.,talk_to_human,I’ll connect you with a support agent shortly. Please hold on.
36432028-c1cc-4518-961e-51972399caf2,3597,"Hi, I need some help.",greeting,Hi! Welcome back. What can I help you with?
4c029853-d0f5-4e66-971c-6caba05ae0d2,5108,I need help with a failed transaction.,payment_issue,You can manage and fix your payment issues at Profile > Wallet > Payment Issues. Select the relevant transaction to proceed.
deb855ee-5bf3-48ac-9a46-e7f0ccb921a0,4628,Tell me the progress of my recent order.,order_status,You can check your order status by going to Profile > Orders > Check Status. It will display the current progress of your order.
cec826ff-13b3-4492-af6e-e8aea32dcb17,2531,"I’m done, thanks.",goodbye,Thank you for reaching out! Have a great day.
5974bb56-b2f0-403a-8e7d-10ac4653fafd,3332,I want to talk to a real person.,talk_to_human,I’ll connect you with a support agent shortly. Please hold on.
91c02fae-0efc-48f7-a18a-a8234f619add,7771,Where can I request a refund?,demand_refund,"To get a refund, please visit My Account > Refunds > Initiate. Choose the respective order and complete the refund form."
32edbd32-3752-4a40-ad42-25c077d3491e,8094,I want to talk to a real person.,talk_to_human,I’ll connect you with a support agent shortly. Please hold on.
faefc190-103c-492a-9732-5e28ca759d22,1126,My payment didn’t go through.,payment_issue,"For payment issues, navigate to Profile > Wallet > Payment Issues. You will find tools to resolve failed or pending transactions."
aa41bb37-27b3-445f-ae09-4c145a18f84c,7995,Can you connect me to support staff?,talk_to_human,"Sure, let me transfer you to one of our human representatives right away."
7183dc0a-4ba2-46be-bcc7-d98ca8ec52a2,3840,Please cancel my recent purchase.,cancel_order,You can cancel by navigating to My Account > Purchases > Cancel. Choose the order you wish to cancel and follow the prompts.
6a418711-d887-4132-9472-31490efe9ce2,5179,What’s the weather like today?,out_of_scope,"I’m sorry, but I can’t help with that request. Could you please rephrase or ask something else?"
f29c1a6f-8a18-4325-b2ea-aef5a8d316d7,1551,I want to talk to a real person.,talk_to_human,I’ll connect you with a support agent shortly. Please hold on.
81363bb1-8155-462e-809e-a2a8a7556bbe,5238,My payment didn’t go through.,payment_issue,"For payment issues, navigate to Settings > Payments > Resolve Issue. You will find tools to resolve failed or pending transactions."
bbb2f09d-d135-41b5-ba12-cc5542ea4549,4252,Can you write me an essay?,out_of_scope,This seems outside my current support scope. Please check our help center for more information.
de7607b6-5348-4594-8a27-c3790e5483c1,1290,Hello!,greeting,Hi! Welcome back. What can I help you with?
511d9b23-49fc-4870-adde-df71ee62e381,9960,Can you help me undo an order I placed?,cancel_order,"To cancel your order, please go to Profile > Order History > Cancel Order. After selecting the order, confirm the cancellation. If you face any issues, let me know."
18f3f5f2-154a-42e1-a504-85a4867e1701,6811,There’s a billing issue with my purchase.,payment_issue,You can manage and fix your payment issues at Profile > Wallet > Payment Issues. Select the relevant transaction to proceed.
bee7cd3d-b74e-43f6-a909-8341ff70d18a,3720,I want to share feedback about my purchase.,review_order,"You can add a review by navigating to My Account > Reviews > Write Review. Once there, you’ll be able to write and submit your review."
cc5092b3-0339-4d98-b8d0-a42b3c615a8d,1830,Where is my order in the process?,order_status,Head over to My Account > Purchases > Track Progress to see where your order is in the fulfillment process.
d803a182-28dd-4ea6-9346-266184fc2958,9980,Hello!,greeting,Hi! Welcome back. What can I help you with?
d21b36d5-a35f-4c44-9051-6934179217d8,1944,Can you connect me to support staff?,talk_to_human,"Sure, let me transfer you to one of our human representatives right away."
cdcdd778-c300-4dbb-805a-82f2c6d98ad5,9218,Can you show me tracking details for my order?,order_tracking,"To track your shipment, please go to My Account > Shipping > Track Package. Enter your tracking ID for more details."
e7891919-7318-44e1-ab48-7ac1741a4356,2741,Is there a way to stop processing on my order?,cancel_order,"To cancel your order, please go to My Account > Purchases > Cancel. After selecting the order, confirm the cancellation. If you face any issues, let me know."
e6bd835d-f217-4b29-b83d-ba59ec4894f3,3720,Is there a way to stop processing on my order?,cancel_order,You can cancel by navigating to Settings > Orders > Cancel Order. Choose the order you wish to cancel and follow the prompts.
9452f064-4b47-4d15-b42b-81b91f0b7c47,8006,Can you show me tracking details for my order?,order_tracking,"To track your shipment, please go to Orders > Track Shipment. Enter your tracking ID for more details."
89d61ae9-a09e-46e2-8c00-c722270da6eb,6134,Catch you later.,goodbye,Goodbye! I hope I was able to help you today.
a8536079-d163-43d8-9e02-f33c0b539dd0,2407,I want to complain about a product.,submit_complaint,"To submit a complaint, please visit Profile > Feedback > Report Problem. Provide your order details and a description of the issue."
aeeb2b1d-1e7a-42b9-afce-23b5f2f2c5c1,8505,Can you help me undo an order I placed?,cancel_order,"To cancel your order, please go to Profile > Order History > Cancel Order. After selecting the order, confirm the cancellation. If you face any issues, let me know."
0cf56155-0451-4cb4-b937-ba4fec3e62a4,5259,Can you help me undo an order I placed?,cancel_order,"To cancel your order, please go to My Account > Purchases > Cancel. After selecting the order, confirm the cancellation. If you face any issues, let me know."
7b077111-4dee-44f6-9055-f595bcae4050,6378,How do I file a complaint?,submit_complaint,"You can report a problem by going to Settings > Support > Submit Complaint. Fill in the complaint form, and our team will review it shortly."
d1ea810e-7f0a-4fdf-a435-536f21f10419,5940,Please transfer me to a representative.,talk_to_human,I’ll connect you with a support agent shortly. Please hold on.
502c104e-3130-4234-82a6-3fa397e2b7ef,3533,Is there a way to stop processing on my order?,cancel_order,You can cancel by navigating to Settings > Orders > Cancel Order. Choose the order you wish to cancel and follow the prompts.
9aafcd34-e112-4953-817f-cfce2c4cf04b,2401,Where is my order in the process?,order_status,You can check your order status by going to Orders > Select Order > View Status. It will display the current progress of your order.
9ef63277-bd24-4ea1-b6f7-277bce1da936,5188,Is there a way to stop processing on my order?,cancel_order,"To cancel your order, please go to Profile > Order History > Cancel Order. After selecting the order, confirm the cancellation. If you face any issues, let me know."
7df223c2-8ed1-4cca-be2f-9312df018be8,9983,Is there a way to stop processing on my order?,cancel_order,You can cancel by navigating to Profile > Order History > Cancel Order. Choose the order you wish to cancel and follow the prompts.
9a34201d-6232-4dcf-93bb-9d31095de790,8156,How do I file a complaint?,submit_complaint,"You can report a problem by going to Help Center > Complaints > File Issue. Fill in the complaint form, and our team will review it shortly."
1c9f0469-13bf-401b-bd7a-3d7532cd9543,4413,"I’m done, thanks.",goodbye,Goodbye! I hope I was able to help you today.
48136c59-189b-4540-aaaf-8a15bd86a104,3674,Please provide shipment tracking updates.,order_tracking,Tracking details are available under Orders > Track Shipment. It will show you real-time updates about your package location.
f9699f7b-67a1-409f-92a5-87e0a54627e1,5290,Tell me a joke.,out_of_scope,This seems outside my current support scope. Please check our help center for more information.
b8386028-e612-4487-a838-ee54ee4946a8,8373,Hello!,greeting,Hi! Welcome back. What can I help you with?
915f499f-19dd-42f9-8eae-5cd836d8449a,1111,How can I leave a review for my order?,review_order,"To review your order, head over to My Account > Reviews > Write Review. Select the order and leave your feedback."
3d256f0e-670e-4f6e-b359-f252ff7a7b00,2739,I need to speak to a human agent.,talk_to_human,"Sure, let me transfer you to one of our human representatives right away."
a05619bf-ed71-4d63-9c72-a5c7ae2c7ba4,6454,I need help with a failed transaction.,payment_issue,"For payment issues, navigate to My Account > Billing > Payment Help. You will find tools to resolve failed or pending transactions."
6440ab33-6709-4d3a-8334-d62cb9b558d8,5252,Where is my delivery right now?,order_tracking,Tracking details are available under My Account > Shipping > Track Package. It will show you real-time updates about your package location.
b5b3be75-105b-40d9-9e89-6a820a588775,7911,Can you tell me the refund steps?,demand_refund,"Refund requests can be placed through Profile > Order History > Request Refund. Select your order, choose 'Request Refund', and submit your reason."
10f817b8-a6a9-40af-ab1a-11a79976a714,5745,"Hi, I need some help.",greeting,Hello there! How can I assist you with your orders today?
58e2c3fc-23de-4e27-8dc8-ef2010dc82bc,7240,See you next time.,goodbye,Thank you for reaching out! Have a great day.
11b9aa32-fea4-479f-8d05-b42eb3ca39e9,5954,Please cancel my recent purchase.,cancel_order,"To cancel your order, please go to My Account > Purchases > Cancel. After selecting the order, confirm the cancellation. If you face any issues, let me know."
5a271908-8148-4f1d-811f-111e7e4609ac,1665,I need to speak to a human agent.,talk_to_human,"Sure, let me transfer you to one of our human representatives right away."
3c50e89c-2c12-4ba0-81fa-278995d7966f,4380,Goodbye!,goodbye,Thank you for reaching out! Have a great day.
1e83c4fe-114f-41b6-988d-81eb0cd4fa45,8018,What’s 2+2?,out_of_scope,This seems outside my current support scope. Please check our help center for more information.
5990323f-ae0e-4ffe-98b2-caafac497cc2,1825,I need a refund on my last order.,demand_refund,"To get a refund, please visit Profile > Order History > Request Refund. Choose the respective order and complete the refund form."
a6a9198b-c3a2-4703-a882-61424ab22a20,9402,Can you tell me the refund steps?,demand_refund,"To get a refund, please visit Settings > Orders > Refund Order. Choose the respective order and complete the refund form."
1b8f024c-f0f1-41e9-ae2c-257ebea7f8ea,5786,What’s the weather like today?,out_of_scope,This seems outside my current support scope. Please check our help center for more information.
a07474f2-6dce-4ad2-8ca5-31089aab6981,2771,How can I leave a review for my order?,review_order,"To review your order, head over to Orders > Select Order > Leave Review. Select the order and leave your feedback."
697e184f-34a7-4fd2-a5c3-fd532ac632cd,5888,Can I rate the product I bought?,review_order,"To review your order, head over to My Account > Reviews > Write Review. Select the order and leave your feedback."
b133420b-3272-4fb0-b064-dd4ce0a6566d,4993,How do I request money back for my purchase?,demand_refund,"Refund requests can be placed through Profile > Order History > Request Refund. Select your order, choose 'Request Refund', and submit your reason."
7cde190d-fba5-4a5d-a5f8-b83f8ddf832c,9840,I want to cancel my last order.,cancel_order,"To cancel your order, please go to Profile > Order History > Cancel Order. After selecting the order, confirm the cancellation. If you face any issues, let me know."
b0cba311-2cda-4b43-8fff-f414cdab3954,3252,Where do I go to raise a complaint?,submit_complaint,"To submit a complaint, please visit Help Center > Complaints > File Issue. Provide your order details and a description of the issue."
7eb6b3a8-4fca-4da4-a6a0-0ed9eec73fbb,5854,I need help with a failed transaction.,payment_issue,"For payment issues, navigate to Profile > Wallet > Payment Issues. You will find tools to resolve failed or pending transactions."
0528435f-7e92-46a6-bd7c-78f2c04f3271,7443,Good morning!,greeting,Hi! Welcome back. What can I help you with?
e5aa76ad-8fe3-4009-9918-b7404a17bc41,2928,See you next time.,goodbye,Goodbye! I hope I was able to help you today.
6abc1b71-71f7-4cc7-9dbc-e027a5905fa3,6577,I want to cancel my last order.,cancel_order,You can cancel by navigating to My Account > Purchases > Cancel. Choose the order you wish to cancel and follow the prompts.
c004d12d-afc1-478c-a2e9-e2d7c1d3531b,8364,Please provide shipment tracking updates.,order_tracking,"To track your shipment, please go to Orders > Track Shipment. Enter your tracking ID for more details."
e68b64b7-c309-463d-ab51-28a3e51c451b,8909,I want to complain about a product.,submit_complaint,"To submit a complaint, please visit Help Center > Complaints > File Issue. Provide your order details and a description of the issue."
6520f46a-5e20-4e41-94be-ca495497563d,4171,See you next time.,goodbye,Goodbye! I hope I was able to help you today.
370b4acc-21c4-46f0-8bfd-f98b7b03e3ee,8011,Hello!,greeting,Hello there! How can I assist you with your orders today?
c3e1c0d0-7dfc-45db-ac82-59a7eb716698,1832,"My payment is pending, what should I do?",payment_issue,You can manage and fix your payment issues at My Account > Billing > Payment Help. Select the relevant transaction to proceed.
becd7697-8620-4964-bf0a-4f17ff63dd2a,6613,Where can I request a refund?,demand_refund,"To get a refund, please visit Profile > Order History > Request Refund. Choose the respective order and complete the refund form."
f95ad613-7348-4871-b66f-a9624b8f4825,6996,I need to speak to a human agent.,talk_to_human,I’ll connect you with a support agent shortly. Please hold on.
040bd79d-07e2-4305-8348-44145aeb39cb,6578,Can you tell me the refund steps?,demand_refund,"Refund requests can be placed through My Account > Refunds > Initiate. Select your order, choose 'Request Refund', and submit your reason."
3992bfa9-9394-4fd3-ae03-bc5f64e6ae56,3525,Where do I go to cancel an order?,cancel_order,"To cancel your order, please go to Settings > Orders > Cancel Order. After selecting the order, confirm the cancellation. If you face any issues, let me know."
6aefff75-1e19-4c11-846f-026478cecd8a,3983,Please provide shipment tracking updates.,order_tracking,Tracking details are available under My Account > Shipping > Track Package. It will show you real-time updates about your package location.
b95750a6-6429-4da1-8578-a181d18e468e,2425,"Hey, how are you?",greeting,Hi! Welcome back. What can I help you with?
abf17122-1e68-463d-bbec-3e8410789785,1403,Can you show me tracking details for my order?,order_tracking,Tracking details are available under Orders > Track Shipment. It will show you real-time updates about your package location.
ff1ffa93-2bb4-4f55-a17f-e0bba5610320,4488,I need help with a failed transaction.,payment_issue,You can manage and fix your payment issues at My Account > Billing > Payment Help. Select the relevant transaction to proceed.
1e96f63e-824e-4b2d-ab28-eac76d33ee66,2822,Can you help me undo an order I placed?,cancel_order,"To cancel your order, please go to Settings > Orders > Cancel Order. After selecting the order, confirm the cancellation. If you face any issues, let me know."
270708b9-563b-4631-af72-6a0871bf0780,3604,Hello!,greeting,Hi! Welcome back. What can I help you with?
a181a584-ee60-48f5-a522-89219cad220e,2066,See you next time.,goodbye,Thank you for reaching out! Have a great day.
acdc5315-668d-4d0c-9292-88c7cedca06e,3854,Goodbye!,goodbye,Thank you for reaching out! Have a great day.
00839d41-05ad-4f7d-8245-dbad9dd1837b,5648,Can you write me an essay?,out_of_scope,"I’m sorry, but I can’t help with that request. Could you please rephrase or ask something else?"
2f04ecc0-cbba-47cb-b45b-9824024d4e07,7424,What’s the current status of my order?,order_status,You can check your order status by going to Profile > Orders > Check Status. It will display the current progress of your order.
98b1688e-4b48-4c79-aa81-c67a45bb8f71,5163,I need to speak to a human agent.,talk_to_human,"Sure, let me transfer you to one of our human representatives right away."
416dbd5b-c4f4-4202-865c-0a37a721cf70,6721,Can you tell me the refund steps?,demand_refund,"To get a refund, please visit Profile > Order History > Request Refund. Choose the respective order and complete the refund form."
5f9ea656-ccaf-4594-a970-6c55ff0f47e5,5316,There’s an issue I need to report.,submit_complaint,"You can report a problem by going to Help Center > Complaints > File Issue. Fill in the complaint form, and our team will review it shortly."
a05485cc-1573-476c-8eca-65ff8db6616f,2605,Where is my delivery right now?,order_tracking,"To track your shipment, please go to Purchases > Delivery > Tracking Info. Enter your tracking ID for more details."
bf3e275f-cb47-4070-87b1-7ee24ac840be,3370,Can I chat with someone from support?,talk_to_human,"Sure, let me transfer you to one of our human representatives right away."
1cb1b4db-069e-4654-9aba-57ce33397872,4987,Why was my card declined?,payment_issue,You can manage and fix your payment issues at My Account > Billing > Payment Help. Select the relevant transaction to proceed.
4e7a1ceb-10ce-4c89-838b-b55206ca373e,9652,Why was my card declined?,payment_issue,You can manage and fix your payment issues at Profile > Wallet > Payment Issues. Select the relevant transaction to proceed.
470ac9ff-9c32-4319-ad37-e8a33cbd0c3a,8699,Where can I request a refund?,demand_refund,"Refund requests can be placed through Settings > Orders > Refund Order. Select your order, choose 'Request Refund', and submit your reason."
10681f51-9591-4e5a-a534-2ab4edb066e6,1944,Can you help me undo an order I placed?,cancel_order,"To cancel your order, please go to Settings > Orders > Cancel Order. After selecting the order, confirm the cancellation. If you face any issues, let me know."
bc2017ff-6eb5-43c7-b89b-2244af5ac788,9042,Please provide shipment tracking updates.,order_tracking,"To track your shipment, please go to Orders > Track Shipment. Enter your tracking ID for more details."
36d4c38e-123d-4855-b7ff-5d556830c6cc,6849,I want to cancel my last order.,cancel_order,"To cancel your order, please go to Settings > Orders > Cancel Order. After selecting the order, confirm the cancellation. If you face any issues, let me know."
eb5bcf23-39a7-47d6-adfb-1b70c95e626b,1139,I want to cancel my last order.,cancel_order,"To cancel your order, please go to Settings > Orders > Cancel Order. After selecting the order, confirm the cancellation. If you face any issues, let me know."
e6af02ec-2333-4f22-900c-5a149030926c,1657,There’s an issue I need to report.,submit_complaint,"You can report a problem by going to Profile > Feedback > Report Problem. Fill in the complaint form, and our team will review it shortly."
585dd79c-00be-4f84-ae9d-3dace89eb930,8554,Please help me submit a problem report.,submit_complaint,"To submit a complaint, please visit Profile > Feedback > Report Problem. Provide your order details and a description of the issue."
cc727c0e-f3f2-4305-bea3-6d69856dc1ad,2889,What’s the current status of my order?,order_status,Head over to My Account > Purchases > Track Progress to see where your order is in the fulfillment process.
051f7666-2d04-498d-8158-9b821732331e,9885,Can you help me undo an order I placed?,cancel_order,"To cancel your order, please go to Settings > Orders > Cancel Order. After selecting the order, confirm the cancellation. If you face any issues, let me know."
80599739-a4b0-4539-8899-660307b0e4ae,4812,Goodbye!,goodbye,Thank you for reaching out! Have a great day.
bed91f5c-c5e6-4f26-8bca-ec74def2a2cb,1153,Who won the football game yesterday?,out_of_scope,This seems outside my current support scope. Please check our help center for more information.
2475d0ab-12c0-41aa-89fe-0bd5909b9eaf,2214,Track my shipment please.,order_tracking,Tracking details are available under Purchases > Delivery > Tracking Info. It will show you real-time updates about your package location.
52f777b9-6be3-46dc-853d-c92066fc14e2,8386,I want to share feedback about my purchase.,review_order,"You can add a review by navigating to Purchases > Feedback > Review Order. Once there, you’ll be able to write and submit your review."
be24d413-faf2-43dc-9028-217ff9474465,6883,I want to cancel my last order.,cancel_order,"To cancel your order, please go to Settings > Orders > Cancel Order. After selecting the order, confirm the cancellation. If you face any issues, let me know."
0f3162cd-9d6c-4ad9-b669-830232cc6cc3,3457,Can I rate the product I bought?,review_order,"To review your order, head over to My Account > Reviews > Write Review. Select the order and leave your feedback."
11c540c5-5b89-435a-bcf4-7ce54b59760f,2681,How do I check if my order is confirmed?,order_status,You can check your order status by going to Profile > Orders > Check Status. It will display the current progress of your order.
97ac4a0a-d543-4593-8fbf-dca7afa3acfb,9048,How do I check if my order is confirmed?,order_status,You can check your order status by going to Orders > Select Order > View Status. It will display the current progress of your order.
6740e93a-1874-4913-b28b-46e590528006,2457,Please help me submit a problem report.,submit_complaint,"You can report a problem by going to Help Center > Complaints > File Issue. Fill in the complaint form, and our team will review it shortly."
1ad322fc-502a-4ee4-b6e4-6ea5b7f42a77,3770,"Thanks, bye!",goodbye,Goodbye! I hope I was able to help you today.
da521356-4fb5-4495-8d49-d3cd90f7fbb7,8332,What’s 2+2?,out_of_scope,"I’m sorry, but I can’t help with that request. Could you please rephrase or ask something else?"
1f00a593-f57b-420a-84ea-d8fbfe6af6c3,4702,Has my order been shipped yet?,order_status,You can check your order status by going to Profile > Orders > Check Status. It will display the current progress of your order.
89e1b1d7-eacc-41d8-927f-74d532a5c4ff,4932,Goodbye!,goodbye,Thank you for reaching out! Have a great day.
29746b6e-ab3a-4cf7-b71f-f0cd321d021e,9516,Hi there!,greeting,Hello there! How can I assist you with your orders today?
7876f5f5-cd65-4355-be58-cda9dc73f5c0,7326,Goodbye!,goodbye,Thank you for reaching out! Have a great day.
bd3647d4-20e4-4134-bd16-e0641e39da53,4908,"Hi, I need some help.",greeting,Hi! Welcome back. What can I help you with?
7612c7a1-b555-4d9b-b0e4-348063fc94c4,7816,Why was my card declined?,payment_issue,"For payment issues, navigate to Settings > Payments > Resolve Issue. You will find tools to resolve failed or pending transactions."
a108a31d-08fe-409b-90da-9c3627cbeaf3,1220,Can I rate the product I bought?,review_order,"You can add a review by navigating to Orders > Select Order > Leave Review. Once there, you’ll be able to write and submit your review."
88777df4-6276-4fe1-b9ef-1693f6871895,6326,Where can I request a refund?,demand_refund,"Refund requests can be placed through Settings > Orders > Refund Order. Select your order, choose 'Request Refund', and submit your reason."
c236b0a8-0aff-496e-8f6a-d2148da8cc58,3296,How can I leave a review for my order?,review_order,"To review your order, head over to Purchases > Feedback > Review Order. Select the order and leave your feedback."
cd47e4ec-0ab6-46b3-9477-968119aacbe1,9953,Why was my card declined?,payment_issue,You can manage and fix your payment issues at Profile > Wallet > Payment Issues. Select the relevant transaction to proceed.
f58f707f-6dc6-417f-8d12-f968746ed545,6342,See you next time.,goodbye,Thank you for reaching out! Have a great day.
847493a5-236e-4238-b4bf-e47ac28eb0f8,5344,"My payment is pending, what should I do?",payment_issue,"For payment issues, navigate to My Account > Billing > Payment Help. You will find tools to resolve failed or pending transactions."
c5f4588e-b111-4cc3-b993-3f2cd4cbd52a,8446,Please guide me to initiate a refund.,demand_refund,"Refund requests can be placed through My Account > Refunds > Initiate. Select your order, choose 'Request Refund', and submit your reason."
ca40558d-3d5d-4213-a475-d99e19a2bcc6,8301,See you next time.,goodbye,Thank you for reaching out! Have a great day.
d8c3f6b4-af99-49a8-b7ef-a0e77be74898,2280,Goodbye!,goodbye,Goodbye! I hope I was able to help you today.
ae2118d1-ddbb-4c73-93be-1779e6596de2,8156,I want to complain about a product.,submit_complaint,"To submit a complaint, please visit Help Center > Complaints > File Issue. Provide your order details and a description of the issue."
71fd3f3f-0962-465f-b778-483792cc518e,5239,Can you help me undo an order I placed?,cancel_order,"To cancel your order, please go to My Account > Purchases > Cancel. After selecting the order, confirm the cancellation. If you face any issues, let me know."
8127671a-0900-421d-922c-7c037f16d9d1,3772,I want to complain about a product.,submit_complaint,"You can report a problem by going to Profile > Feedback > Report Problem. Fill in the complaint form, and our team will review it shortly."
f9c6a5db-d7c5-42f9-9cf7-29c9dfe16c8d,2060,I want to share feedback about my purchase.,review_order,"You can add a review by navigating to Orders > Select Order > Leave Review. Once there, you’ll be able to write and submit your review."
5b7b5da9-e4be-4742-9464-9ba0ebb4f57b,4323,Can you connect me to support staff?,talk_to_human,"Sure, let me transfer you to one of our human representatives right away."
56742c41-7221-4ed5-9084-e26eb0dc51f3,7374,I need help with a failed transaction.,payment_issue,You can manage and fix your payment issues at Profile > Wallet > Payment Issues. Select the relevant transaction to proceed.
73e06cd9-ffc6-4d32-87b2-e85b241755c1,5840,I need help with a failed transaction.,payment_issue,"For payment issues, navigate to Settings > Payments > Resolve Issue. You will find tools to resolve failed or pending transactions."
fbd4a8fe-7089-4a02-8a56-efef94d51a4b,4523,There’s a billing issue with my purchase.,payment_issue,You can manage and fix your payment issues at My Account > Billing > Payment Help. Select the relevant transaction to proceed.
eeb5c58e-32cb-49e7-a649-eec3a4e22b01,1574,I want to share feedback about my purchase.,review_order,"You can add a review by navigating to Purchases > Feedback > Review Order. Once there, you’ll be able to write and submit your review."
be372d22-a61c-4cc8-8966-1af040eb51b0,7035,Can you show me tracking details for my order?,order_tracking,"To track your shipment, please go to Purchases > Delivery > Tracking Info. Enter your tracking ID for more details."
62f7c3f6-7fc2-4955-866f-f96c0dd9fc6b,3230,See you next time.,goodbye,Goodbye! I hope I was able to help you today.
e311152b-b0cd-43ec-a48b-d27ddebbcc71,3738,I need the courier information for my order.,order_tracking,Tracking details are available under Orders > Track Shipment. It will show you real-time updates about your package location.
1bc7b682-f9c4-4d6c-9e0c-bc384b955a95,3818,Good morning!,greeting,Hi! Welcome back. What can I help you with?
25e3effe-24a6-405f-b46a-7edde4147e5e,3893,Why was my card declined?,payment_issue,"For payment issues, navigate to Settings > Payments > Resolve Issue. You will find tools to resolve failed or pending transactions."
a4b38db3-5132-4954-884e-598bf6c1a2b2,2958,There’s an issue I need to report.,submit_complaint,"To submit a complaint, please visit Settings > Support > Submit Complaint. Provide your order details and a description of the issue."
c01f2938-683e-4cac-a1ea-20d40c097433,7156,Please cancel my recent purchase.,cancel_order,"To cancel your order, please go to Profile > Order History > Cancel Order. After selecting the order, confirm the cancellation. If you face any issues, let me know."
614293c2-a1d7-4232-9250-9283d3f7d66c,5194,What’s the current status of my order?,order_status,Head over to Profile > Orders > Check Status to see where your order is in the fulfillment process.
0ec792d0-96c3-4a6b-a0ca-b175a3b76156,3917,I need help with a failed transaction.,payment_issue,"For payment issues, navigate to Settings > Payments > Resolve Issue. You will find tools to resolve failed or pending transactions."
2a13e549-c8af-4884-b181-37729ddd724f,4521,How do I file a complaint?,submit_complaint,"You can report a problem by going to Help Center > Complaints > File Issue. Fill in the complaint form, and our team will review it shortly."
ed867a9f-13db-40a9-bc6f-3a49a1b97294,8243,Goodbye!,goodbye,Thank you for reaching out! Have a great day.
a246b693-ef64-4147-b626-77dceffda045,9002,Good morning!,greeting,Hi! Welcome back. What can I help you with?
a4e7388a-ab97-4a2b-bda0-e668f9fb9b1f,9669,I need to speak to a human agent.,talk_to_human,"Sure, let me transfer you to one of our human representatives right away."
4bb79186-cff0-44d6-b796-7085f68aa595,8580,I want to complain about a product.,submit_complaint,"To submit a complaint, please visit Profile > Feedback > Report Problem. Provide your order details and a description of the issue."
8a61bda9-2ecd-4510-910a-86c847a67144,4777,What’s the current status of my order?,order_status,You can check your order status by going to My Account > Purchases > Track Progress. It will display the current progress of your order.
ba8023d2-4294-4e3c-972f-e04e019367ef,2302,There’s a billing issue with my purchase.,payment_issue,"For payment issues, navigate to Settings > Payments > Resolve Issue. You will find tools to resolve failed or pending transactions."
d36e9199-f4a1-40eb-a3b5-da80cbc17d4c,8076,Can you connect me to support staff?,talk_to_human,"Sure, let me transfer you to one of our human representatives right away."
5d4636ac-86d2-4306-aad8-bd5bde1ec99e,1533,I want to cancel my last order.,cancel_order,"To cancel your order, please go to Settings > Orders > Cancel Order. After selecting the order, confirm the cancellation. If you face any issues, let me know."
a4ad5779-81cc-4fd6-b353-61d0a838c294,5115,Where is my order in the process?,order_status,Head over to Profile > Orders > Check Status to see where your order is in the fulfillment process.
ab9278a0-4e8e-40b5-8ee8-01c74c242c33,4489,Is there a way to stop processing on my order?,cancel_order,"To cancel your order, please go to Profile > Order History > Cancel Order. After selecting the order, confirm the cancellation. If you face any issues, let me know."
a761ba9f-2650-4884-8517-e9632dbad6de,3744,What’s the weather like today?,out_of_scope,"I’m sorry, but I can’t help with that request. Could you please rephrase or ask something else?"
91c86ae8-a9d9-4ea1-a473-0c8a2ed05501,1373,What’s the weather like today?,out_of_scope,This seems outside my current support scope. Please check our help center for more information.
0cdcae4a-88de-470f-a40c-4881f26abf27,5164,Tell me the progress of my recent order.,order_status,You can check your order status by going to Orders > Select Order > View Status. It will display the current progress of your order.
e7ea6868-f104-4297-94d2-36c6c16b59e1,8756,Catch you later.,goodbye,Thank you for reaching out! Have a great day.
3f3650b3-22da-4980-9065-556c2351e3f4,4573,Tell me a joke.,out_of_scope,This seems outside my current support scope. Please check our help center for more information.
b4f9d8e2-f84d-40bd-ba9a-f9f165e1390e,4938,Please help me submit a problem report.,submit_complaint,"You can report a problem by going to Profile > Feedback > Report Problem. Fill in the complaint form, and our team will review it shortly."
f2b39c26-c35c-48d5-83a7-d9fe42f4ad12,3003,I need to speak to a human agent.,talk_to_human,"Sure, let me transfer you to one of our human representatives right away."
98bd48a9-6b00-4141-99a6-a8110332655e,9416,Please help me submit a problem report.,submit_complaint,"You can report a problem by going to Profile > Feedback > Report Problem. Fill in the complaint form, and our team will review it shortly."
651485c0-2625-4bb5-95ac-24ac5ab302e1,4949,Where do I go to cancel an order?,cancel_order,You can cancel by navigating to Profile > Order History > Cancel Order. Choose the order you wish to cancel and follow the prompts.
74ced0b6-8666-4e41-9384-ad9c9f3ec5f5,1842,Can I rate the product I bought?,review_order,"You can add a review by navigating to My Account > Reviews > Write Review. Once there, you’ll be able to write and submit your review."
d44143f4-c2ec-48ab-aab7-18f65a8259e0,5618,"Hey, how are you?",greeting,Hi! Welcome back. What can I help you with?
a81b088a-8ebb-47bd-9297-cd2bee3f712c,5043,See you next time.,goodbye,Goodbye! I hope I was able to help you today.
052ec4e7-0ba4-43dd-a09b-6269a3b6914a,6510,I need help with a failed transaction.,payment_issue,"For payment issues, navigate to Profile > Wallet > Payment Issues. You will find tools to resolve failed or pending transactions."
3cdc15b6-89e1-48d9-a890-31df8fd23b88,3280,Please provide shipment tracking updates.,order_tracking,"To track your shipment, please go to Purchases > Delivery > Tracking Info. Enter your tracking ID for more details."
5f5e4ae3-cf09-4381-9f91-0cbc6852da95,5527,Hello!,greeting,Hi! Welcome back. What can I help you with?
b1991d1e-9ec2-437e-a9ff-85bf7c86aea9,8944,Can you write me an essay?,out_of_scope,This seems outside my current support scope. Please check our help center for more information.
7634d1dc-152d-4f61-84c4-69871486bc84,3580,I want to complain about a product.,submit_complaint,"You can report a problem by going to Help Center > Complaints > File Issue. Fill in the complaint form, and our team will review it shortly."
0add7772-237a-4f76-8777-67002e5d98ea,4687,Please provide shipment tracking updates.,order_tracking,Tracking details are available under Orders > Track Shipment. It will show you real-time updates about your package location.
7713dac3-e62a-43e2-81b6-e454934dba84,3332,Please provide shipment tracking updates.,order_tracking,Tracking details are available under Purchases > Delivery > Tracking Info. It will show you real-time updates about your package location.
6791b9f8-1771-4347-9079-c08032e0d9a2,3703,There’s an issue I need to report.,submit_complaint,"To submit a complaint, please visit Help Center > Complaints > File Issue. Provide your order details and a description of the issue."
abe50ad2-d04f-49a4-b67d-831f31481e8b,4017,Where do I write a review for my last order?,review_order,"You can add a review by navigating to Orders > Select Order > Leave Review. Once there, you’ll be able to write and submit your review."
3d3a7454-6959-4bc8-9099-3dfb23a21210,6128,How do I check if my order is confirmed?,order_status,Head over to Profile > Orders > Check Status to see where your order is in the fulfillment process.
a3be7122-af88-4cc0-8e24-44759528f48a,5481,Please cancel my recent purchase.,cancel_order,You can cancel by navigating to My Account > Purchases > Cancel. Choose the order you wish to cancel and follow the prompts.
5b9f906f-650b-4b11-b232-60e513ea8345,4382,How do I check if my order is confirmed?,order_status,You can check your order status by going to Profile > Orders > Check Status. It will display the current progress of your order.
f0d52dc7-89cb-4d78-bd62-6849642b70d7,1541,See you next time.,goodbye,Goodbye! I hope I was able to help you today.
4ed32277-17c6-47d9-afd2-38a17fccbb85,9450,Is there a way to stop processing on my order?,cancel_order,You can cancel by navigating to Settings > Orders > Cancel Order. Choose the order you wish to cancel and follow the prompts.
67ca4b62-e21f-452a-bf0e-0e8ec4a8a1c5,4334,There’s a billing issue with my purchase.,payment_issue,"For payment issues, navigate to Profile > Wallet > Payment Issues. You will find tools to resolve failed or pending transactions."
e06d04dc-1760-45a7-aeda-c6cd3cef3935,1170,I want to cancel my last order.,cancel_order,You can cancel by navigating to My Account > Purchases > Cancel. Choose the order you wish to cancel and follow the prompts.
9d491fd1-f7a2-4020-8852-9da8ec501f8b,9627,Hello!,greeting,Hi! Welcome back. What can I help you with?
1f12e2b5-bc86-4f7b-b0da-7de9726de15c,3095,Who won the football game yesterday?,out_of_scope,This seems outside my current support scope. Please check our help center for more information.
1be2c623-ac91-4e2e-bd3a-df70b6a4a79f,1352,"My payment is pending, what should I do?",payment_issue,"For payment issues, navigate to Settings > Payments > Resolve Issue. You will find tools to resolve failed or pending transactions."
c3b7c09c-b5a0-4c7e-9549-2502f6734305,9735,Can you show me tracking details for my order?,order_tracking,"To track your shipment, please go to Purchases > Delivery > Tracking Info. Enter your tracking ID for more details."
01155998-fb5b-408a-8ce0-fbc756491b66,7156,Why was my card declined?,payment_issue,"For payment issues, navigate to Settings > Payments > Resolve Issue. You will find tools to resolve failed or pending transactions."
4ceac712-cb5e-4698-ab4c-dd43c567444c,2800,Where do I go to raise a complaint?,submit_complaint,"To submit a complaint, please visit Settings > Support > Submit Complaint. Provide your order details and a description of the issue."
1441dcb6-22b9-4b9c-bacb-eec159ad72b0,7781,Where do I write a review for my last order?,review_order,"You can add a review by navigating to Orders > Select Order > Leave Review. Once there, you’ll be able to write and submit your review."
26d9d34c-19f3-4250-8fb8-8e536b311f87,9219,Please cancel my recent purchase.,cancel_order,"To cancel your order, please go to Settings > Orders > Cancel Order. After selecting the order, confirm the cancellation. If you face any issues, let me know."
996d478e-52d7-41e6-842a-6df5388c3219,5944,Tell me the progress of my recent order.,order_status,You can check your order status by going to Profile > Orders > Check Status. It will display the current progress of your order.
a0bf7e3c-a439-44c1-91de-fd59b46ac192,4980,Hi there!,greeting,Hi! Welcome back. What can I help you with?
7e006371-8e23-4bc8-bb69-03394546ba20,5332,What’s the weather like today?,out_of_scope,This seems outside my current support scope. Please check our help center for more information.
ad08fd9b-f4b0-4b2e-8910-083a2cff6208,1719,What’s 2+2?,out_of_scope,"I’m sorry, but I can’t help with that request. Could you please rephrase or ask something else?"
151e4169-c5f8-4a8a-8d08-fc0f64ff8c92,8459,I need help with a failed transaction.,payment_issue,"For payment issues, navigate to My Account > Billing > Payment Help. You will find tools to resolve failed or pending transactions."
4bad6f14-464b-463b-97c4-5a3d1fc5c37f,8134,Has my order been shipped yet?,order_status,You can check your order status by going to Profile > Orders > Check Status. It will display the current progress of your order.
23cc6f8a-9065-4cb5-b5e1-714d25b47252,5832,I need to speak to a human agent.,talk_to_human,I’ll connect you with a support agent shortly. Please hold on.
63bd75bb-42c6-4e88-af94-c294efa21239,4699,Where do I go to cancel an order?,cancel_order,"To cancel your order, please go to My Account > Purchases > Cancel. After selecting the order, confirm the cancellation. If you face any issues, let me know."
eeab6812-6917-45a8-bd6b-bd8a8d7394a2,8665,Hello!,greeting,Hello there! How can I assist you with your orders today?
e343367a-ff78-4ac9-b0b1-03025d4b116b,4779,I need a refund on my last order.,demand_refund,"To get a refund, please visit Settings > Orders > Refund Order. Choose the respective order and complete the refund form."
a671e85d-31fd-48dd-b741-fe568daeb913,1889,My payment didn’t go through.,payment_issue,"For payment issues, navigate to My Account > Billing > Payment Help. You will find tools to resolve failed or pending transactions."
7ec287f8-fcf4-490d-b887-15606b030150,8586,How can I leave a review for my order?,review_order,"You can add a review by navigating to Purchases > Feedback > Review Order. Once there, you’ll be able to write and submit your review."
63a2ac0d-a0f6-42b5-8400-f485e1accc9a,2523,Catch you later.,goodbye,Thank you for reaching out! Have a great day.
9c6b506d-845e-4b38-bb58-9bdd3ca2fd62,9934,I need help with a failed transaction.,payment_issue,"For payment issues, navigate to Settings > Payments > Resolve Issue. You will find tools to resolve failed or pending transactions."
fe9e4751-c6fd-4873-b02d-0bbd9724fae5,1501,Good morning!,greeting,Hi! Welcome back. What can I help you with?
95280a41-36c8-4b38-99b2-5917543fdff1,2623,I need to speak to a human agent.,talk_to_human,"Sure, let me transfer you to one of our human representatives right away."
e1b493af-02c8-475b-9fcb-7963416c194e,5596,Please provide shipment tracking updates.,order_tracking,Tracking details are available under Purchases > Delivery > Tracking Info. It will show you real-time updates about your package location.
f3e41dc4-7eb9-4955-beb8-1c404b4a812f,1700,How can I leave a review for my order?,review_order,"You can add a review by navigating to My Account > Reviews > Write Review. Once there, you’ll be able to write and submit your review."
6d86ea45-89fb-4ac3-aa0b-19c31e4b5d7b,3872,Catch you later.,goodbye,Thank you for reaching out! Have a great day.
21dc2a28-bdda-4f61-8c7d-3a39da466c99,1763,Hello!,greeting,Hello there! How can I assist you with your orders today?
544b4233-115b-4630-8ba7-57304f483563,9698,Where do I go to cancel an order?,cancel_order,"To cancel your order, please go to Settings > Orders > Cancel Order. After selecting the order, confirm the cancellation. If you face any issues, let me know."
d2a185e7-e302-479b-926e-29ab77adf565,3486,"Thanks, bye!",goodbye,Goodbye! I hope I was able to help you today.
08712588-78b1-4fc3-9bfb-2d5c9cf936b3,7856,I want to share feedback about my purchase.,review_order,"You can add a review by navigating to Orders > Select Order > Leave Review. Once there, you’ll be able to write and submit your review."
0bd66c21-f2d7-40bb-9051-0e8ab796f3c7,4550,Good morning!,greeting,Hello there! How can I assist you with your orders today?
5676303d-fb43-4982-9e60-38e513713028,4072,Can you write me an essay?,out_of_scope,"I’m sorry, but I can’t help with that request. Could you please rephrase or ask something else?"
c9cc00a7-429a-4eed-b7b5-a57cc9db64f4,5963,Where do I go to raise a complaint?,submit_complaint,"You can report a problem by going to Profile > Feedback > Report Problem. Fill in the complaint form, and our team will review it shortly."
2a3250c6-53ca-4f55-aedf-dc9a019c43e3,5774,How do I request money back for my purchase?,demand_refund,"To get a refund, please visit Profile > Order History > Request Refund. Choose the respective order and complete the refund form."
9e0bad9a-581f-452c-bb15-ab58008aa982,8822,Please cancel my recent purchase.,cancel_order,You can cancel by navigating to Profile > Order History > Cancel Order. Choose the order you wish to cancel and follow the prompts.
17246096-2cad-499a-b2f9-89eb24881e09,4489,Can I rate the product I bought?,review_order,"To review your order, head over to Orders > Select Order > Leave Review. Select the order and leave your feedback."
1e530660-ae8d-45e0-ae30-4ad0257444ee,5356,Catch you later.,goodbye,Thank you for reaching out! Have a great day.
2597b057-f4be-4a49-b17e-19f05b45f3ca,7416,Can I rate the product I bought?,review_order,"You can add a review by navigating to Purchases > Feedback > Review Order. Once there, you’ll be able to write and submit your review."
254c165a-5d09-482d-a2a3-d55dd3af612e,1806,Where is my delivery right now?,order_tracking,Tracking details are available under Orders > Track Shipment. It will show you real-time updates about your package location.
3563925c-46f7-4d4f-9231-295c0655fda1,9893,How do I check if my order is confirmed?,order_status,Head over to Profile > Orders > Check Status to see where your order is in the fulfillment process.
05fefa8e-fd58-4e30-a0bd-3572d69aaa5b,7924,What’s the current status of my order?,order_status,You can check your order status by going to Orders > Select Order > View Status. It will display the current progress of your order.
fc4674cc-06cf-460a-8bfc-444b95f2d5a6,9494,I need a refund on my last order.,demand_refund,"To get a refund, please visit Profile > Order History > Request Refund. Choose the respective order and complete the refund form."
d79aa15e-942e-4e46-8e26-6726eff0ccfe,3439,I need a refund on my last order.,demand_refund,"Refund requests can be placed through My Account > Refunds > Initiate. Select your order, choose 'Request Refund', and submit your reason."
9399b1ac-ba71-4c6c-89fe-ee689bf69459,6173,Please help me submit a problem report.,submit_complaint,"You can report a problem by going to Settings > Support > Submit Complaint. Fill in the complaint form, and our team will review it shortly."
065bc15a-4c69-4756-927c-c2627408cddc,4138,"My payment is pending, what should I do?",payment_issue,"For payment issues, navigate to Settings > Payments > Resolve Issue. You will find tools to resolve failed or pending transactions."
4a6dfcc3-d162-4b32-8bf5-1ff4d0a84697,6517,Tell me a joke.,out_of_scope,"I’m sorry, but I can’t help with that request. Could you please rephrase or ask something else?"
d4730b7a-c8d1-41e8-88c0-d2ee7d8ce40e,9553,Can you write me an essay?,out_of_scope,"I’m sorry, but I can’t help with that request. Could you please rephrase or ask something else?"
ea511fe0-0e28-40e4-aedd-c3ba11923bd5,4279,Help me post a review for my completed purchase.,review_order,"To review your order, head over to Orders > Select Order > Leave Review. Select the order and leave your feedback."
5b332a8d-dccb-4564-ba27-01e01240d300,2969,Tell me a joke.,out_of_scope,This seems outside my current support scope. Please check our help center for more information.
a4fdf437-eb53-4b60-8b51-e3e222e43664,7029,I need a refund on my last order.,demand_refund,"To get a refund, please visit My Account > Refunds > Initiate. Choose the respective order and complete the refund form."
e7ecdea7-bebe-408e-8080-44be8c14936d,8906,I need to speak to a human agent.,talk_to_human,I’ll connect you with a support agent shortly. Please hold on.
8f1b3104-f62a-4853-94e9-fa10b15e57df,6987,Hello!,greeting,Hello there! How can I assist you with your orders today?
2c693b0b-733c-413f-a435-48ed3a9290a6,8026,Track my shipment please.,order_tracking,"To track your shipment, please go to My Account > Shipping > Track Package. Enter your tracking ID for more details."
c2ee80ef-de9d-4e71-97e3-071f31c924b4,6589,Can you show me tracking details for my order?,order_tracking,Tracking details are available under Orders > Track Shipment. It will show you real-time updates about your package location.
f689682d-0d32-4384-ba1a-67b4244c2e5a,9431,My payment didn’t go through.,payment_issue,You can manage and fix your payment issues at Profile > Wallet > Payment Issues. Select the relevant transaction to proceed.
cacd6548-6782-4659-aa73-5013b418b766,3040,Good morning!,greeting,Hi! Welcome back. What can I help you with?
2fe5e295-89c3-4936-b47b-0c72d931118d,7026,Where do I write a review for my last order?,review_order,"To review your order, head over to Purchases > Feedback > Review Order. Select the order and leave your feedback."
ff64b06f-e1d6-49f5-8880-4c21ddb12ae7,6875,Can you show me tracking details for my order?,order_tracking,"To track your shipment, please go to Purchases > Delivery > Tracking Info. Enter your tracking ID for more details."
c2774887-b490-40be-ae65-f502ddffef9b,7287,Where do I go to raise a complaint?,submit_complaint,"To submit a complaint, please visit Help Center > Complaints > File Issue. Provide your order details and a description of the issue."
75ae9f99-7dbc-4412-a541-cefaa760914b,8539,Where do I go to raise a complaint?,submit_complaint,"To submit a complaint, please visit Help Center > Complaints > File Issue. Provide your order details and a description of the issue."
01d480ef-b179-4ca1-8bc3-a318f12e3bd6,7140,"Thanks, bye!",goodbye,Goodbye! I hope I was able to help you today.
e57ed16d-6854-48b8-9dc1-033b25beb8af,8704,How do I request money back for my purchase?,demand_refund,"Refund requests can be placed through Settings > Orders > Refund Order. Select your order, choose 'Request Refund', and submit your reason."
dd4ecbd3-e24e-4308-aadb-eb2a78842416,7327,What’s 2+2?,out_of_scope,This seems outside my current support scope. Please check our help center for more information.
b3344082-08d2-4d65-b44a-bd9a79ed195d,9149,Where do I go to raise a complaint?,submit_complaint,"To submit a complaint, please visit Help Center > Complaints > File Issue. Provide your order details and a description of the issue."
23061f3d-26b9-478b-b064-e015e617ea6e,6585,Who won the football game yesterday?,out_of_scope,This seems outside my current support scope. Please check our help center for more information.
dc308bb3-1c50-4a42-828a-6f7f8cd2798e,6896,There’s an issue I need to report.,submit_complaint,"To submit a complaint, please visit Settings > Support > Submit Complaint. Provide your order details and a description of the issue."
cfcb9eb4-114e-4d2f-838c-b5dbfaf183de,5684,See you next time.,goodbye,Thank you for reaching out! Have a great day.
dd060191-8cc3-4042-87fa-8e01dafbb022,4860,Can you tell me the refund steps?,demand_refund,"To get a refund, please visit Settings > Orders > Refund Order. Choose the respective order and complete the refund form."
52b1aeef-214d-4b30-9522-c8698e10b195,7694,I need the courier information for my order.,order_tracking,"To track your shipment, please go to Purchases > Delivery > Tracking Info. Enter your tracking ID for more details."
370c3ce8-7aee-463c-90ea-a9587f138b41,2123,There’s an issue I need to report.,submit_complaint,"You can report a problem by going to Profile > Feedback > Report Problem. Fill in the complaint form, and our team will review it shortly."
acbbebd1-8e76-4581-8cc5-279d34878a33,6737,I need a refund on my last order.,demand_refund,"To get a refund, please visit Settings > Orders > Refund Order. Choose the respective order and complete the refund form."
a3132e95-035c-401e-8dad-9aa6903f9873,8768,How do I file a complaint?,submit_complaint,"To submit a complaint, please visit Profile > Feedback > Report Problem. Provide your order details and a description of the issue."
d3c270aa-a78c-4b41-83d8-0ad02ee71819,9899,My payment didn’t go through.,payment_issue,"For payment issues, navigate to Profile > Wallet > Payment Issues. You will find tools to resolve failed or pending transactions."
951fe892-413c-4968-8d71-74c77403ad55,4052,"My payment is pending, what should I do?",payment_issue,"For payment issues, navigate to My Account > Billing > Payment Help. You will find tools to resolve failed or pending transactions."
3e16261d-37cd-4b2a-b49f-0ca0672fcaf3,5269,"Thanks, bye!",goodbye,Thank you for reaching out! Have a great day.
6017edcd-0fb9-4b4c-9c4d-66cd96c0cbbe,1615,Has my order been shipped yet?,order_status,You can check your order status by going to Orders > Select Order > View Status. It will display the current progress of your order.
d68e602a-0303-4450-b9f8-e8f5e60b370d,9625,I want to cancel my last order.,cancel_order,You can cancel by navigating to Settings > Orders > Cancel Order. Choose the order you wish to cancel and follow the prompts.
cb41bf35-838c-4406-b351-59c456ac12b2,8402,What’s 2+2?,out_of_scope,"I’m sorry, but I can’t help with that request. Could you please rephrase or ask something else?"
b56a2d5b-bcfc-4bf9-9af4-0553e79b31cb,4121,How do I check if my order is confirmed?,order_status,You can check your order status by going to My Account > Purchases > Track Progress. It will display the current progress of your order.
47e9a44f-8bf6-43a7-badb-0277357db037,2443,What’s the current status of my order?,order_status,You can check your order status by going to Orders > Select Order > View Status. It will display the current progress of your order.
4844e987-a4ba-4c09-ae50-01a5baad8635,7201,Please help me submit a problem report.,submit_complaint,"You can report a problem by going to Settings > Support > Submit Complaint. Fill in the complaint form, and our team will review it shortly."
3c861deb-3577-46ae-bb86-5e23249c23b6,5501,Please cancel my recent purchase.,cancel_order,You can cancel by navigating to My Account > Purchases > Cancel. Choose the order you wish to cancel and follow the prompts.
fbc6d559-64ec-487f-bbd0-2969d719c06f,7063,Where can I request a refund?,demand_refund,"To get a refund, please visit Profile > Order History > Request Refund. Choose the respective order and complete the refund form."
ba2748bd-0a59-441d-9a48-cdc5810dd3f1,9545,Is there a way to stop processing on my order?,cancel_order,"To cancel your order, please go to My Account > Purchases > Cancel. After selecting the order, confirm the cancellation. If you face any issues, let me know."
f6d6db91-4d42-4712-856f-9d287f1850e8,7211,Where is my delivery right now?,order_tracking,Tracking details are available under Orders > Track Shipment. It will show you real-time updates about your package location.
d156958b-1256-4970-9cdc-4e0eb1a5ee84,2418,Who won the football game yesterday?,out_of_scope,"I’m sorry, but I can’t help with that request. Could you please rephrase or ask something else?"
6eea2fd4-7a00-4f28-a8a4-d5586e041482,2546,Please guide me to initiate a refund.,demand_refund,"To get a refund, please visit Settings > Orders > Refund Order. Choose the respective order and complete the refund form."
83eca92f-c774-455c-9819-13686d16043e,3739,Track my shipment please.,order_tracking,Tracking details are available under My Account > Shipping > Track Package. It will show you real-time updates about your package location.
f37d2d2b-7c9d-4e24-927b-10f9f185281e,6757,Can you write me an essay?,out_of_scope,"I’m sorry, but I can’t help with that request. Could you please rephrase or ask something else?"
eef6cc76-401d-4fda-83ba-07ae94126df5,7872,Where do I write a review for my last order?,review_order,"You can add a review by navigating to Purchases > Feedback > Review Order. Once there, you’ll be able to write and submit your review."
1112f2c3-acae-415b-8ae1-e4fc21268aa5,4770,Please cancel my recent purchase.,cancel_order,You can cancel by navigating to Settings > Orders > Cancel Order. Choose the order you wish to cancel and follow the prompts.
6da2488e-38ec-47a6-8516-998331c66a23,1791,Track my shipment please.,order_tracking,"To track your shipment, please go to My Account > Shipping > Track Package. Enter your tracking ID for more details."
d52ea46d-52b0-4b1f-91e5-0f3b8887d279,7376,Tell me a joke.,out_of_scope,"I’m sorry, but I can’t help with that request. Could you please rephrase or ask something else?"
166910a6-31fd-4c7e-877b-4e2370920128,1277,"Hi, I need some help.",greeting,Hello there! How can I assist you with your orders today?
de9112a7-3b72-4ad1-970e-00dc63c71ecf,8190,Can I rate the product I bought?,review_order,"You can add a review by navigating to Orders > Select Order > Leave Review. Once there, you’ll be able to write and submit your review."
ce4565ce-c741-4b01-9bda-ea9d7c5ad8f0,4033,Help me post a review for my completed purchase.,review_order,"To review your order, head over to My Account > Reviews > Write Review. Select the order and leave your feedback."
d930af7c-a503-4d7a-a203-b7b82d76fecc,8687,I want to complain about a product.,submit_complaint,"To submit a complaint, please visit Help Center > Complaints > File Issue. Provide your order details and a description of the issue."
f30ae5d9-9c57-4ca2-bc5e-63db09f5c12f,4099,Is there a way to stop processing on my order?,cancel_order,"To cancel your order, please go to Profile > Order History > Cancel Order. After selecting the order, confirm the cancellation. If you face any issues, let me know."
98da1ead-cbcd-4ace-a914-4aae26428f93,5049,Can you connect me to support staff?,talk_to_human,"Sure, let me transfer you to one of our human representatives right away."
69747a38-5da6-43aa-9779-c26f6139fb48,6880,Hi there!,greeting,Hello there! How can I assist you with your orders today?
4a9c1af0-99e9-4662-a639-029621fabeb7,5811,Hi there!,greeting,Hello there! How can I assist you with your orders today?
36aa4b86-62d1-45e8-bf48-d42a189b8618,4208,Please provide shipment tracking updates.,order_tracking,"To track your shipment, please go to My Account > Shipping > Track Package. Enter your tracking ID for more details."
2a7af162-9532-470a-896d-e6acab797abc,2379,Please transfer me to a representative.,talk_to_human,"Sure, let me transfer you to one of our human representatives right away."
fd1701ce-3da2-4580-8465-7a2194db48f7,8234,How do I request money back for my purchase?,demand_refund,"To get a refund, please visit Settings > Orders > Refund Order. Choose the respective order and complete the refund form."
0c516b58-91f5-4d2b-a52a-f79b619b89af,5623,Who won the football game yesterday?,out_of_scope,"I’m sorry, but I can’t help with that request. Could you please rephrase or ask something else?"
c38c2150-5042-4f8b-b801-26676ca92f46,6323,"Hi, I need some help.",greeting,Hello there! How can I assist you with your orders today?
32246e4d-59e0-48a2-b76a-e9126dfdd55b,1770,Has my order been shipped yet?,order_status,You can check your order status by going to Profile > Orders > Check Status. It will display the current progress of your order.
dc22b519-3b53-4178-a240-77d6fe611b98,8419,How do I check if my order is confirmed?,order_status,You can check your order status by going to Orders > Select Order > View Status. It will display the current progress of your order.
f7e20559-c86c-452c-bb6b-3e137c6d089b,9982,Tell me the progress of my recent order.,order_status,Head over to Profile > Orders > Check Status to see where your order is in the fulfillment process.
5e34ae01-3689-43df-a592-1eac981bf18d,7541,"I’m done, thanks.",goodbye,Goodbye! I hope I was able to help you today.
3c397dc5-3b4d-4199-843f-f65aeca132a2,7260,How can I leave a review for my order?,review_order,"You can add a review by navigating to Purchases > Feedback > Review Order. Once there, you’ll be able to write and submit your review."
bc0e2cd0-0472-497a-96bb-9b6fa6b23f7c,4844,Hello!,greeting,Hi! Welcome back. What can I help you with?
121bfa87-2387-428a-8de9-227727f2db67,7290,"My payment is pending, what should I do?",payment_issue,You can manage and fix your payment issues at Settings > Payments > Resolve Issue. Select the relevant transaction to proceed.
319ded39-47a5-4c06-8506-28d0b2c5787f,2633,I want to share feedback about my purchase.,review_order,"You can add a review by navigating to Orders > Select Order > Leave Review. Once there, you’ll be able to write and submit your review."
82f6f2c2-53f1-45d0-955f-597dbcda5051,4872,Can I chat with someone from support?,talk_to_human,I’ll connect you with a support agent shortly. Please hold on.
36a3930b-8a19-460d-b435-a891c83eb38e,1527,"Hey, how are you?",greeting,Hi! Welcome back. What can I help you with?
0cc6e92d-aff3-4a9c-841a-e782472e7be8,1260,Can I rate the product I bought?,review_order,"You can add a review by navigating to Orders > Select Order > Leave Review. Once there, you’ll be able to write and submit your review."
e978bdf2-1620-4381-be3a-e6c10ab98839,8875,I want to share feedback about my purchase.,review_order,"To review your order, head over to My Account > Reviews > Write Review. Select the order and leave your feedback."
a5bb38cf-bfda-4382-9bfd-c3ccb12940b5,2701,Catch you later.,goodbye,Thank you for reaching out! Have a great day.
a1e7ef7c-599b-4200-a694-de6e49357084,2318,Tell me the progress of my recent order.,order_status,Head over to My Account > Purchases > Track Progress to see where your order is in the fulfillment process.
2c2121bc-8db9-4fcc-87a3-57dd7eabc57c,6832,There’s a billing issue with my purchase.,payment_issue,"For payment issues, navigate to Settings > Payments > Resolve Issue. You will find tools to resolve failed or pending transactions."
8ad63df5-98f0-480b-ba09-6eaf1eb6284d,5320,I want to talk to a real person.,talk_to_human,"Sure, let me transfer you to one of our human representatives right away."
ddfc8c7a-e412-44bf-9735-9c4de26294f2,1785,Please cancel my recent purchase.,cancel_order,"To cancel your order, please go to My Account > Purchases > Cancel. After selecting the order, confirm the cancellation. If you face any issues, let me know."
76292726-2105-47de-8aa5-02595fc5bd77,7368,Where can I request a refund?,demand_refund,"To get a refund, please visit Profile > Order History > Request Refund. Choose the respective order and complete the refund form."
662e2459-8932-41d0-8e7d-f50de16eaa58,2117,Who won the football game yesterday?,out_of_scope,This seems outside my current support scope. Please check our help center for more information.
203ff2ff-4740-4d22-923a-91bace126ea0,2896,Help me post a review for my completed purchase.,review_order,"You can add a review by navigating to Purchases > Feedback > Review Order. Once there, you’ll be able to write and submit your review."
